name,MANGAID,T_11,g_i,LogMassTaylor,LogMassNSA
manga-10001-12701,1-48157,4,0.40496744471492363,9.269490438403304,9.486856770836832
manga-10001-12702,1-48188,4,0.6448647478405327,9.514212829949965,9.727675428416093
manga-10001-12703,1-55648,4,0.7102355576810666,9.94489038409993,10.13651446613351
manga-10001-12704,1-55616,7,0.7664078151170308,9.56190176319337,9.632117012183734
manga-10001-12705,1-55784,4,0.574194415155123,9.977346394485394,10.113518872629513
manga-10001-1901,1-55567,4,0.7923855940897795,9.087182792387065,9.127156651326711
manga-10001-1902,1-48201,-2,1.0763910114315394,10.143073381929863,10.16240906022107
manga-10001-3701,1-48111,-2,0.8614519989039024,9.733604328471143,9.836674701776284
manga-10001-3702,1-48136,-5,0.5360937366904714,9.622487965355797,9.836272199852367
manga-10001-3703,1-55612,3,0.5831241182179596,9.453765185017417,9.573641965438451
manga-10001-3704,1-48223,-5,0.8963373452676322,10.213083311876701,10.338426609928648
manga-10001-6101,1-55683,-5,1.6236708884359778,11.333284495232991,10.89751547976021
manga-10001-6102,1-48116,2,0.89738803991278,10.36078163273786,10.35388354706021
manga-10001-6103,1-48208,0,1.011043862706714,10.540789976222074,10.611680832142287
manga-10001-6104,1-55529,3,1.0922726317149234,11.099154740103305,11.111440631985133
manga-10001-9101,1-48189,7,0.2348650055700645,9.301597716715923,9.3754715676292
manga-10001-9102,1-55552,-2,1.1160201768971199,10.883809969598826,10.854558041696281
manga-10213-12701,1-72673,-5,,,11.122153597617457
manga-10213-12702,1-72610,6,,,9.311828002565155
manga-10213-12703,1-44990,7,0.6763913900994147,9.409010769277202,9.537768739170627
manga-10213-12704,1-72607,-5,,,11.117025899685025
manga-10213-12705,1-72456,4,0.7463159584140904,10.237863657929633,10.374168900317871
manga-10213-1901,1-72595,0,,,10.339944090983794
manga-10213-1902,1-122611,5,0.5787772638963595,10.4499956791754,10.623041399718037
manga-10213-3701,1-72733,-2,,,11.274033087185169
manga-10213-3702,1-44971,-2,1.1863711438313835,11.383674977749129,11.232162277746674
manga-10213-3703,1-72755,5,,,9.324710364098776
manga-10213-3704,1-72719,-5,,,11.392373309682428
manga-10213-6101,1-44590,-2,,,10.922140816638953
manga-10213-6102,1-72572,1,1.0427876483826743,10.729894260313625,10.709138465202136
manga-10213-6103,1-44581,2,0.9907387137724477,10.622071711871769,10.676612228929196
manga-10213-6104,1-72562,-2,1.020876111911452,10.997981957566891,11.009178845374386
manga-10213-9101,1-44999,4,,,10.049671468495342
manga-10213-9102,1-72706,4,0.43794460337117513,8.559169225963359,8.689909705799584
manga-10214-12701,1-604985,4,0.7371435850271624,9.915526558189303,10.029091443779619
manga-10214-12702,1-548430,-5,0.9281523118020552,10.793611162427512,10.913179955599755
manga-10214-12703,1-153608,2,1.0367972138313846,10.842687614749131,10.884937463143872
manga-10214-12704,1-605051,-2,0.8502759189250355,11.274402778611545,11.379055204966683
manga-10214-12705,1-548428,-2,0.7773293324263442,10.794591508303318,10.999717182225103
manga-10214-1901,1-153518,3,1.058499365167858,10.92449867202745,10.925928537643083
manga-10214-1902,1-153402,-2,0.8780237109816262,9.438363521560408,9.54579928535667
manga-10214-3702,1-153317,0,0.9869590393521328,10.434916787917352,10.461635066470727
manga-10214-3703,1-153696,-5,1.114689110820823,11.240633548378934,11.173183353674426
manga-10214-3704,1-136508,-5,0.9980374714254125,10.613195557423255,10.65957965778917
manga-10214-6101,1-153412,3,0.47613463753508256,9.077421244816524,9.323631555183054
manga-10214-6102,1-136426,-5,0.9772617530854433,10.445001234681188,10.517013693659768
manga-10214-6103,1-153360,6,0.36450503425187364,8.992883174999724,9.267134166174838
manga-10214-6104,1-153723,3,0.5074071579684905,9.173784844246054,9.41838747861846
manga-10214-9101,1-153357,-5,0.876012306968704,10.637559353001237,10.76200146688339
manga-10214-9102,1-153556,2,0.9638877939379462,11.249473213270706,11.251983572267264
manga-10215-12701,1-122111,3,0.9102556214317161,10.755985757645812,10.763725907228034
manga-10215-12702,1-121959,5,0.4990128310347117,9.60583923758505,9.838573950428419
manga-10215-12703,1-121923,7,0.2874332122826324,9.221141566230257,9.464380736627728
manga-10215-12704,1-605093,0,0.8107703046824781,10.441545101029753,10.545511224021265
manga-10215-12705,1-153693,4,0.5209324761292855,10.449423985267057,10.634077051216467
manga-10215-1901,1-122310,0,0.6896193019114527,9.082467986566893,9.313356729854231
manga-10215-1902,1-153901,1,0.5509090251171251,9.466650137091776,9.65935895745848
manga-10215-3701,1-122125,4,0.3083984691403323,8.86060006216609,9.125575596578699
manga-10215-3702,1-548639,2,0.909752993027162,10.658859610989303,10.664316602856463
manga-10215-3703,1-122138,2,0.9577077688024431,10.172400741678874,10.17760575067125
manga-10215-3704,1-153589,0,0.6878089637681875,10.325019044945055,10.430220226321072
manga-10215-6101,1-153713,3,0.8541686610931656,10.713849625973111,10.768144337839217
manga-10215-6102,1-153635,11,-0.07603252351923828,9.36504335309893,9.501089401482968
manga-10215-6103,1-122139,2,0.4225581154671758,9.453599070654274,9.689105430226313
manga-10215-6104,1-153942,4,0.5233558633187556,10.481307813124204,10.599957266802885
manga-10215-9101,1-121951,5,0.49233821979818515,9.348355283852163,9.558876497255136
manga-10215-9102,1-153613,4,0.6524973385175485,9.84950444527836,9.90209267979963
manga-10216-12701,1-382678,4,0.68920235560552,9.864827093363917,10.028965517166421
manga-10216-12702,1-412128,4,0.7679089078474455,10.106082620539539,10.16088551769164
manga-10216-12703,1-382689,4,0.45767406214646655,9.393210911952941,9.63363810028594
manga-10216-12704,1-382452,1,0.776702314422085,10.509701850655675,10.596002970384388
manga-10216-12705,1-382588,5,0.5959858775230096,9.182551738479718,9.30943639480255
manga-10216-1901,1-297909,1,49.603552977835946,17.55851228846328,10.174138340148707
manga-10216-1902,1-297863,-2,0.7843033338132805,9.830122862843657,9.985261168201355
manga-10216-3701,1-382352,0,0.8473631314747223,10.149238657050022,10.293983163234014
manga-10216-3702,1-297905,1,0.8827372524359731,10.040149927632985,10.17371060281591
manga-10216-3703,1-297825,-2,0.9639463950332896,10.101840542676145,10.153592326656822
manga-10216-3704,1-382355,0,1.0912477183279883,10.414624486362968,10.436350323512368
manga-10216-6101,1-412105,2,0.7663974897165211,10.401791034829317,10.54719608098719
manga-10216-6102,1-297871,2,0.7550597426129784,10.357805278921731,10.470817543120724
manga-10216-6103,1-297986,2,0.654107998692016,10.028600644702879,10.116332072095345
manga-10216-6104,1-297854,4,0.6003760513621224,10.417132965799848,10.468573282017369
manga-10216-9101,1-297956,-5,1.0178777201089169,11.091504449650083,11.1370976373091
manga-10216-9102,1-297970,2,0.9001319780497035,10.373536499938599,10.46039563430696
manga-10217-12701,1-382566,5,49.07998098283594,17.30184883396328,10.045776599097493
manga-10217-12702,1-411980,4,0.6941417372478291,9.993743591307268,10.099311091957842
manga-10217-12703,59-80,6,,,
manga-10217-12704,31-115,2,,,
manga-10217-12705,1-459018,4,0.4838491321634564,10.696772973004801,10.804505394485656
manga-10217-1901,1-458692,2,0.9973719973500543,10.13365345322297,10.16528588341752
manga-10217-1902,1-458676,0,0.9208378411171196,10.023426442691768,10.210583350669818
manga-10217-3701,1-459044,1,0.6221840982153317,10.190349329333863,10.285215139217264
manga-10217-3702,1-556959,-2,1.2323143055693073,10.401405138632036,10.201293318265698
manga-10217-3703,1-458727,2,0.7819863302485892,10.529124129730693,10.593875067086195
manga-10217-3704,1-458682,2,1.1850193732955425,10.703792683489416,10.544493444530483
manga-10217-6101,1-412045,-5,0.9474882691934177,11.056455178111662,11.098955060438469
manga-10217-6102,1-412043,1,1.4330708341973697,10.61679078366618,10.22487218227026
manga-10217-6103,1-412058,2,0.6116762774563433,9.941529537110426,10.046202414420081
manga-10217-6104,1-458738,-5,1.0472898402925281,11.066296858954502,11.081930296979175
manga-10217-9101,1-458705,3,0.28614269836637973,8.882539267347488,9.103954159127257
manga-10217-9102,1-604885,8,-0.048523858837878464,8.941180260691969,9.031707317603763
manga-10218-12701,1-412119,2,0.7299657078003605,10.317632914084486,10.421916374871955
manga-10218-12702,1-604851,5,0.24697620462393033,9.748769498703755,10.021247201140806
manga-10218-12703,1-382273,3,,,10.795348115307732
manga-10218-12704,1-584678,8,0.27437424589268034,8.780274201915466,8.984864267120034
manga-10218-12705,1-604875,5,0.5612881984359746,9.150805816232989,9.38118369562321
manga-10218-1901,1-382318,-2,0.28631428106195855,8.765700418251818,8.951651709960576
manga-10218-1902,1-382697,-2,1.097960730015668,10.417563852839043,10.35279781510261
manga-10218-3701,1-382312,4,0.4840394847723566,9.816871151033833,9.983762912805023
manga-10218-3702,1-382284,1,0.9960718736050609,10.697742832254123,10.772885483296216
manga-10218-3703,1-383171,2,0.9464679102518758,10.296567026599728,10.29353491220809
manga-10218-3704,1-412176,2,0.3964525039862359,9.938176875179476,10.140388611347742
manga-10218-6101,1-382557,-5,0.8914862987158614,10.878347959622909,10.993608150625256
manga-10218-6102,1-382696,0,0.8997123806660596,10.131737060667296,10.177348890367913
manga-10218-6103,1-382473,4,0.11818512400811443,9.39103169744329,9.523028116891668
manga-10218-6104,1-383177,1,0.7332896943922123,9.83621275526582,9.906996217691926
manga-10218-9101,1-412131,7,0.3550411832709415,8.640338130184546,8.743586582589915
manga-10218-9102,1-412191,3,,,10.13864683885964
manga-10219-12701,1-384262,5,0.5302977298099911,9.37506022757462,9.604237936601738
manga-10219-12702,1-556820,4,0.6845187417261513,9.81124854131945,10.009480640977426
manga-10219-12703,1-556776,2,0.887310685096665,10.95108531609733,10.96349788622195
manga-10219-12704,1-383825,5,-0.9085127999197553,10.362433678713941,11.786507950304687
manga-10219-12705,1-605208,5,0.6272919662288778,9.123813572459662,9.31964520782549
manga-10219-1901,1-384189,-2,0.7387757988719521,9.034851350665976,9.218272853571447
manga-10219-1902,1-384222,-5,0.8994906762744179,8.940536102649022,8.991243358496353
manga-10219-3701,1-384167,1,0.8861205713500482,9.212815196622962,9.296739759679415
manga-10219-3702,1-384250,-2,0.7788094620271586,9.5609914988893,9.719463047190246
manga-10219-3703,1-384363,0,0.6853189186824835,8.680835208429759,8.876542285194365
manga-10219-3704,1-384149,-5,1.0363523279161555,11.255643363384362,11.29484964690857
manga-10219-6101,1-384265,-2,0.6663336013457979,8.649033027696259,8.852870195353944
manga-10219-6102,1-384194,-2,1.0385098521464613,10.756616800952933,10.78691602545769
manga-10219-6103,1-384306,4,0.6152211574356663,9.114307579300327,9.25106851972932
manga-10219-6104,1-605180,4,0.41727290842634446,8.943283729903317,9.182086382110372
manga-10219-9101,1-384191,5,0.301799957735561,8.893147207354394,9.131326684405039
manga-10219-9102,1-605181,5,0.6342282057226498,9.796327631995231,9.991336850972244
manga-10220-12701,1-153155,5,0.5736521301960735,9.522473873953597,9.580001831896599
manga-10220-12702,1-153142,4,0.8141046833417498,10.448546924824727,10.454899714794417
manga-10220-12703,1-153151,6,0.3834028572690471,8.7963821183856,9.026353462894768
manga-10220-12704,1-136450,2,0.34062195517437743,9.292291715065655,9.57984416504448
manga-10220-12705,1-201934,5,0.4825018081863277,10.33716795454622,10.5434272977619
manga-10220-1901,1-153127,2,0.9426779313491203,9.485264942803369,9.591175950311792
manga-10220-1902,1-146605,-2,1.0197564465313071,10.008861799298879,10.076002913646382
manga-10220-3701,1-201961,0,0.6261970622205837,9.385701369100968,9.525652394099735
manga-10220-3702,1-201956,0,0.9274568184958518,10.629869646890418,10.666591916640394
manga-10220-3703,1-201936,1,0.518534669761884,9.983311202401572,10.28142428367243
manga-10220-3704,1-201970,-5,0.9615664604359679,10.66699036043298,10.727755098472187
manga-10220-6101,1-146543,-5,1.0180226886477683,10.850838419944706,10.83279430367023
manga-10220-6102,1-201919,1,0.774764864619101,10.980798462608568,11.089654348747143
manga-10220-6103,1-604951,2,,,10.579246110454188
manga-10220-6104,1-202008,2,0.8222513315745879,10.21698143349938,10.111097773210076
manga-10220-9101,1-201969,2,0.967191795761881,10.403541329001568,10.454118905627235
manga-10220-9102,1-136333,8,0.24134325170670934,8.692892836122072,8.885734846576655
manga-10221-12701,1-229777,4,0.6806703142669974,9.873279863570529,9.908914275657644
manga-10221-12702,1-298600,6,0.3359146868452392,8.649974861027902,8.793657003686668
manga-10221-12703,1-230023,7,48.885121250835944,16.03924551276328,8.80963040798302
manga-10221-12704,1-605125,5,0.39033989344276065,8.506315205365773,8.725727916265088
manga-10221-12705,1-298555,6,0.25830835310487643,8.73084862895763,9.000603250168039
manga-10221-1901,59-57,3,2099.5793000245085,-2888.593249981166,
manga-10221-1902,1-229976,8,1.4062775876982307,10.162911283106727,9.77581280465444
manga-10221-3701,1-298596,1,0.45704073480204954,9.286894751727505,9.753634374609387
manga-10221-3702,1-229965,-5,0.994294626277263,10.389528742266835,10.441687282143272
manga-10221-3703,1-229966,-5,0.9084301203409062,10.183118773741903,10.335166936268358
manga-10221-3704,1-230070,5,0.3814415941525837,9.086438626639772,9.325848030035178
manga-10221-6101,1-229977,7,0.2591638866982393,8.887683624006735,9.102485159325363
manga-10221-6102,1-298623,2,0.4925351562656708,10.606559795399562,10.728275845551462
manga-10221-6103,1-230090,3,0.9331379849709442,10.406120563438535,10.446565125045945
manga-10221-6104,1-298693,2,0.8921469549910341,10.06385128239535,10.180349562393483
manga-10221-9101,1-229796,4,0.751180832140335,10.354067705466093,10.489893822359084
manga-10221-9102,1-584862,11,,,10.983525255681226
manga-10222-12701,1-50542,1,0.8571454613106688,10.298954952939296,10.256518107397012
manga-10222-12702,1-50480,4,0.722595482439921,10.741392990647963,10.811432898626222
manga-10222-12703,1-50666,3,0.6735423696538092,9.465107153593616,9.598550867633557
manga-10222-12704,1-50607,4,0.8586077858874894,10.71834303820869,10.808217727062711
manga-10222-12705,1-50801,5,0.4644977662955512,9.547617199789425,9.738335733668661
manga-10222-1901,1-50814,-5,0.7922685020802476,9.430020286913944,9.599697529776849
manga-10222-1902,1-50669,1,0.5614344368119824,9.253194456831071,9.354719096552143
manga-10222-3701,1-50529,4,0.7268123250081189,11.341841006543294,11.40778507512796
manga-10222-3702,1-50577,-5,1.0112560194733007,10.649311730541116,10.6503522133295
manga-10222-3703,1-50622,-5,1.0121514085691246,10.478841088235853,10.560758824088436
manga-10222-3704,1-50472,3,1.09189646219955,10.911903481938044,10.87483189534676
manga-10222-6101,1-582721,2,0.7434950520747812,10.683606323612583,10.725879793750586
manga-10222-6102,1-50548,6,,,8.836250038756303
manga-10222-6103,1-50537,4,0.7020617579562369,10.659744877272368,10.699777041760008
manga-10222-6104,1-50515,-2,0.9990011096938005,11.066600111762913,11.113853143315492
manga-10222-9101,1-50628,7,0.4029012911760681,9.123661584608676,9.353181211352304
manga-10222-9102,1-50641,5,0.3957835959372815,8.574270920324759,8.819422184418146
manga-10223-12701,1-551444,-5,0.8642602708473213,11.503294487922288,11.597617313014437
manga-10223-12702,1-35586,7,0.3295313253582606,9.404135889964659,9.633449265399436
manga-10223-12703,1-36004,4,0.6272036521389204,9.759119720157194,9.87323978180181
manga-10223-12704,1-108881,6,0.2779247117860244,8.426012451016415,8.673749651921305
manga-10223-12705,1-35953,5,0.37205215720491935,9.498058011840998,9.745877805967483
manga-10223-1901,1-35840,-5,0.8976647383453447,9.433882496105493,9.578547528633152
manga-10223-1902,1-35957,2,0.5318881397536757,9.114602473420343,9.379635419956871
manga-10223-3701,1-35650,11,49.072668131835925,18.316928709863266,11.06240522236812
manga-10223-3702,1-35973,-5,0.6043382571675018,9.390493419576329,9.28585423790175
manga-10223-3703,1-36098,2,0.9593323905796929,9.950686973506055,10.05491550004948
manga-10223-3704,1-35952,1,0.5360049622398364,8.995637965681228,9.238665722967964
manga-10223-6101,1-35897,7,0.31301869755855805,8.532298052045883,8.712036543439373
manga-10223-6102,1-35912,-5,0.8547279468783451,10.601383741547396,10.795339766554656
manga-10223-6103,1-35816,-5,1.0244855787158578,10.900785007622906,10.950178340355315
manga-10223-6104,1-35870,3,0.574457410083749,9.450385941438164,9.618063793819324
manga-10223-9101,1-35876,11,1.1578943818909906,11.002803281611982,10.898770692389157
manga-10223-9102,1-603261,4,0.9180302616458142,9.720277657667573,9.75045053649277
manga-10224-12701,1-35935,8,0.2636528742690487,9.042223933085602,9.129834847617477
manga-10224-12702,1-35923,7,0.23588360352563242,8.569215398763268,8.772741126501467
manga-10224-12703,1-603624,5,0.9835055147001022,10.722128738445932,10.696100280470262
manga-10224-12704,1-36276,5,0.4925862465319746,9.508516224484367,9.735862270520302
manga-10224-12705,1-515765,3,0.9169619375796891,10.755885911206052,10.781244688766442
manga-10224-1901,1-36285,0,0.6665327969250328,9.348069208411541,9.532438413549748
manga-10224-1902,1-36471,-5,0.9579716135108498,9.001487946043971,8.882059257885993
manga-10224-3701,1-35937,-2,1.0173726727149237,10.771356253203304,10.863730786309233
manga-10224-3702,1-35926,4,0.20789053942767666,9.870283442374289,10.112202690730536
manga-10224-3703,1-36317,3,0.520237983666064,9.416207387967301,9.598048180871688
manga-10224-3704,1-108949,0,1.094345290258488,10.423012009615407,10.43394575553803
manga-10224-6101,1-36267,4,0.5730687035108488,9.529238865043972,9.760079285372681
manga-10224-6102,1-36266,-2,1.1690241627421756,10.93249600085031,10.892235447162351
manga-10224-6103,1-36278,5,0.514983596399091,9.50998223907608,9.722151653788945
manga-10224-6104,1-36295,7,0.22623975538759566,9.105815081125819,9.289256639204277
manga-10224-9101,1-582042,5,0.5153222035091254,10.063351677941947,10.187906901969798
manga-10224-9102,1-36258,5,0.7817831750135795,9.71104970984465,9.812781043708913
manga-10225-12701,1-36456,4,0.6364394851382507,9.553083895271705,9.752136835046564
manga-10225-12702,1-36522,7,0.5560638730466856,8.717056676164145,8.934299438180268
manga-10225-12703,1-36562,6,0.3801889193894681,9.387650425085953,9.627433453774705
manga-10225-12704,1-36452,1,1.0171000644550183,10.658351962478996,10.75238652782667
manga-10225-12705,1-36476,-5,0.9899352486937971,10.83868939666291,10.92407811977221
manga-10225-1902,1-36447,1,0.8101325631811669,9.80025394653798,9.923341438923156
manga-10225-3701,1-36457,8,0.4979356208229042,9.354071487833785,9.536461220425313
manga-10225-3703,1-547903,-2,1.0094678731314595,10.75082560739938,10.826563271239985
manga-10225-3704,1-36423,4,0.6113871203990939,9.994463387476083,10.1694598783815
manga-10225-6101,1-36448,7,0.41526455506120286,8.972072823567935,9.222903671530622
manga-10225-6102,1-36298,7,0.2261303692206731,8.850996067817972,9.008953424546181
manga-10225-6104,1-36566,-5,1.0006125834263493,10.312769472403321,10.352961618731
manga-10225-9101,1-36548,2,1.158940246102791,11.40216946276324,11.281408381149925
manga-10225-9102,1-36559,7,0.33614682096990833,9.012183164854955,9.223444019809616
manga-10226-12701,1-36564,0,0.555942648191337,8.78204470855681,9.03150945122613
manga-10226-12702,1-36416,-2,1.0704553128692034,10.485691153366336,10.537978936377337
manga-10226-12703,1-36587,-2,0.9143030783409039,9.5839959315419,9.7498692109827
manga-10226-12704,1-36593,3,0.7307793039250363,10.185775682111545,10.352292525446437
manga-10226-12705,1-603667,5,0.6131918118895676,9.619212327303073,9.852077841118206
manga-10226-1901,1-36417,4,0.5979165762584842,8.800118072215405,9.015456161436777
manga-10226-1902,1-36585,5,-0.3027368299342683,8.437632458549691,8.63286911983147
manga-10226-3701,1-36560,3,0.5691734395448904,8.523647492943532,8.728397615140011
manga-10226-3702,1-36565,9,-0.07029479721086673,8.673187581348571,8.741548666679433
manga-10226-3703,1-36392,2,0.6434978168880612,9.77607638855624,9.870385760521366
manga-10226-3704,1-36386,2,0.8594470610497069,10.291109095238602,10.373981698880032
manga-10226-6101,1-603668,3,0.7898751403990936,8.684309249476083,8.853336148827399
manga-10226-6102,1-548401,2,,,10.399396792103312
manga-10226-6103,1-36571,2,0.38952973224037635,8.707340741949462,8.933849554952959
manga-10226-6104,1-603674,1,,,10.443736931381476
manga-10226-9101,1-36197,3,0.8844630420854358,11.09731258458118,11.176065200605006
manga-10226-9102,1-36420,11,1.0275376572744221,11.051895249749027,11.054402366806569
manga-10492-12701,1-380045,3,,,10.983052260393064
manga-10492-12702,1-380097,3,0.7787824359684912,9.939435914046053,10.076480238457139
manga-10492-12703,1-584822,2,,,10.272117887853884
manga-10492-12704,1-605088,5,,,9.95324006334168
manga-10492-12705,1-584905,3,,,10.604628831032912
manga-10492-1901,1-380334,11,0.5213812368602326,8.715884030681451,8.910882024085607
manga-10492-1902,1-380333,0,1.0157409072547132,10.204207653917532,10.236171836912865
manga-10492-3701,1-584800,-2,,,9.944898507379335
manga-10492-3702,1-379990,1,,,8.718330594628009
manga-10492-3703,1-380384,3,0.8534578902485919,9.164875725730695,9.270394647060433
manga-10492-3704,1-380299,2,1.072660888228878,10.218046322659662,10.169786078640378
manga-10492-6101,1-379811,1,0.8908291236205237,9.536988686817477,9.659111487531089
manga-10492-6102,1-380000,2,1.0266858493582625,10.581259178364661,10.623300989044697
manga-10492-6103,1-605069,1,,,10.151988516548684
manga-10492-6104,1-380032,0,1.0017346750217868,10.373125865825875,10.420793804759628
manga-10492-9101,1-605026,2,,,10.13813210537843
manga-10492-9102,1-380300,3,0.9691731038313876,10.288574013749132,10.356779001243234
manga-10493-12701,1-351890,3,,,10.61206402646829
manga-10493-12702,1-351923,5,,,9.354239092168593
manga-10493-12703,1-352017,6,0.4237991494876425,8.874850133009192,9.10424463083226
manga-10493-12704,1-352066,7,0.8574883810175322,9.53503952849917,9.540726041086469
manga-10493-12705,1-352120,5,0.37853070527113175,9.29591186767999,9.54865593295236
manga-10493-1901,1-352045,-5,1.1115842508121467,10.205954898507672,10.206361661246316
manga-10493-1902,1-352023,0,49.25472298083593,16.81157625576327,9.53923924237364
manga-10493-3701,1-352102,4,0.4905940116470191,10.362932797121292,10.532764567599832
manga-10493-3702,1-548340,-5,0.8705928317421723,11.077588108750305,11.262211330978499
manga-10493-3703,1-352293,0,0.6577896572232014,8.938689157284513,9.082300556381854
manga-10493-3704,1-46056,2,0.7205821685516796,9.633045005515857,9.807808912507173
manga-10493-6101,1-351913,-2,,,10.884983875914434
manga-10493-6102,1-351971,-5,,,10.700400816582418
manga-10493-6103,1-352292,-5,1.277428619070168,11.688900040033047,11.526671333991073
manga-10493-6104,1-352063,1,0.8591052355448916,11.141965116543533,11.18395278626658
manga-10493-9101,1-548337,3,,,9.383044797101757
manga-10493-9102,1-352156,5,0.43284070875367675,8.944467671320343,9.205991553429223
manga-10494-12701,1-352403,1,0.68407792110904,10.705235734667331,10.779996694576914
manga-10494-12702,1-352560,-2,0.9250537600135829,11.808415333344653,11.865575931886937
manga-10494-12703,1-584830,-5,,,10.909393940834848
manga-10494-12704,1-352569,-5,1.0050942313486324,11.35314705531406,11.350445732416757
manga-10494-12705,1-352635,5,0.6643369172744222,10.234935475749026,10.450065803529473
manga-10494-1901,1-379920,-2,0.7559452248376921,9.137329736032154,9.290882328081015
manga-10494-1902,1-379503,-2,0.7758401105465786,10.114093810986551,10.336911805174395
manga-10494-3701,1-352409,3,0.47232751261035233,9.938653324159107,10.126900567124896
manga-10494-3702,1-379941,1,0.8034657770497056,9.2054502908386,9.368614109898411
manga-10494-3703,1-379877,0,0.9708529664753875,10.383596100735506,10.399528355575905
manga-10494-3704,1-352662,3,0.5504782177451908,9.272420526644527,9.46259263800925
manga-10494-6101,1-352513,3,0.6425022369632352,10.289942959620802,10.413318208628962
manga-10494-6102,1-352603,-5,1.0369056556750245,11.155710065311483,11.189341499534263
manga-10494-6103,1-379829,4,0.48039204742984865,10.86780105460661,11.085440432145338
manga-10494-6104,1-352538,-5,0.9851870345040581,10.708520198471646,10.739781135315368
manga-10494-9101,1-379814,4,0.902372039523101,10.161003729617654,10.266071688751792
manga-10494-9102,1-379865,3,0.8404465133295886,9.972857295868055,10.081491328525699
manga-10495-12701,1-45571,2,0.9125019331196604,11.433228750676927,11.36196002707323
manga-10495-12702,1-45704,-5,0.9992021871239132,10.926315324003633,10.945427714226868
manga-10495-12703,1-548314,-2,1.0799129012955504,11.188510428289423,11.087362533275025
manga-10495-12704,1-45208,3,0.7987186890837492,10.185212800338162,10.286752784726541
manga-10495-12705,1-46266,3,0.5799981113948363,9.988660083649371,10.135635060501116
manga-10495-1901,1-45281,3,,,10.337275520853915
manga-10495-1902,1-45690,-2,1.1443453642772532,10.627408898066829,10.571172910229627
manga-10495-3701,1-45554,-5,1.011229055722648,10.51589236699523,10.511550497062427
manga-10495-3702,1-45643,5,0.38191930550943454,9.922505255935073,10.172407337909087
manga-10495-3703,1-45694,-2,0.9746178246937944,10.414874518262907,10.503459730784733
manga-10495-3704,1-548285,-5,0.9671210453453476,11.254746669805495,11.278979832301403
manga-10495-6101,1-548290,-2,1.0044021307423563,11.399595180326724,11.379698833968556
manga-10495-6102,1-45702,1,1.0332398394996183,10.447953248388288,10.49923193447383
manga-10495-6103,1-45249,2,,,10.334769304233069
manga-10495-6104,1-45698,-5,0.8562214264944323,10.513803372381515,10.657287287358278
manga-10495-9101,1-45641,5,0.6807397758874885,10.38744434720869,10.545851190257263
manga-10495-9102,1-45514,0,1.0791549688526914,11.416092903006637,11.244118716721612
manga-10496-12701,1-122535,2,,,10.513369443369697
manga-10496-12702,1-122623,3,0.8856513844413492,11.090227294235946,11.146614793037836
manga-10496-12703,1-72413,7,0.1664337990612026,8.542934863967933,8.658110652624154
manga-10496-12704,1-122711,3,0.058194450697509836,9.91435339326262,10.11247093933814
manga-10496-12705,1-72416,5,0.3345802202832928,9.884056424215736,10.086722777637348
manga-10496-1901,1-122869,2,1.0662716572498105,10.615539585444145,10.638525197079776
manga-10496-1902,1-122783,0,1.1197232287498977,10.702687472922465,10.624552285296735
manga-10496-3701,1-122684,-2,0.878919098435972,11.165879806232985,11.305215900041336
manga-10496-3702,1-548653,1,0.9155611161593775,9.956135695512103,10.041937185847368
manga-10496-3703,1-122708,-2,0.9680517896621126,10.500239135532553,10.59924862623103
manga-10496-3704,1-122768,0,1.033437540352132,10.47744972701735,10.47698515445851
manga-10496-6101,1-154273,4,,,9.933587498089945
manga-10496-6102,1-72402,7,0.20809834166276886,9.17987296689826,9.391882106939695
manga-10496-6103,1-122625,4,0.3759271395087609,9.14935502014958,9.349343589612728
manga-10496-6104,1-154281,-5,0.9478349636355183,11.484688795471026,11.519117584310886
manga-10496-9101,1-72421,-2,0.8975840131208983,11.132010695309415,11.248654843489089
manga-10496-9102,1-122507,4,0.5691774603749522,9.294041615061236,9.530085664918149
manga-10497-12701,1-383145,3,0.6610927403840954,8.556592804822529,8.758956530129057
manga-10497-12702,1-383052,-5,0.83042877636505,11.313713726776518,11.385035775845058
manga-10497-12703,1-383040,3,0.6031655113800483,9.637697679930072,9.8151073399943
manga-10497-12704,1-412407,-5,0.9565602576355197,11.430557090871027,11.449722091117307
manga-10497-12705,1-412212,4,0.5797839418602351,9.448586346181454,9.648094473417187
manga-10497-1901,1-412352,-2,0.7648673976982323,9.403935954106728,9.561348288609254
manga-10497-1902,1-412272,-5,,,10.133628312736946
manga-10497-3701,1-383151,4,0.43945109738617916,9.138047806016917,9.38590820881178
manga-10497-3702,1-605013,1,1.2225269649391777,10.7647641634237,10.673469722723192
manga-10497-3703,1-412398,-5,0.3347615291913364,8.809635345656812,9.021697746287764
manga-10497-3704,1-412393,4,0.7783395586900248,9.197797687265037,9.38821313703101
manga-10497-6101,1-383135,2,,,10.587502184161522
manga-10497-6102,1-412366,-2,1.0369162021314615,11.317926101299381,11.366717990443846
manga-10497-6103,1-412397,8,0.5501080994918048,9.159416362997963,9.406398798827473
manga-10497-6104,1-383050,2,0.5592783731579622,9.537583746903202,9.770752627805328
manga-10497-9101,1-412264,-5,0.9949472858102624,11.310519851808738,11.380223908449272
manga-10497-9102,1-584805,3,,,10.992393554904856
manga-10498-12701,1-385339,7,0.3291371901089164,8.817374226650081,9.00135721878727
manga-10498-12702,1-385365,6,0.1428393442178333,9.218705545700164,9.4526556885992
manga-10498-12703,1-299474,-5,1.1009047248677852,10.893883472277201,10.822118368118486
manga-10498-12704,1-299414,5,0.5516140363861801,9.438851970916918,9.644743768588397
manga-10498-12705,1-585315,5,,,10.019216021268523
manga-10498-1901,59-68,4,,,
manga-10498-1902,1-299561,-2,1.0709378462682935,11.083637736162183,10.96602058289537
manga-10498-3701,1-385544,1,0.7395867443800483,10.392126440230072,10.483139222002773
manga-10498-3702,1-299570,-5,1.0514071818020518,11.042366279427508,11.063415930864798
manga-10498-3703,1-299571,-5,0.8927445605796898,10.456090720506051,10.60081721838724
manga-10498-3704,1-385342,2,0.6318424435979786,9.676295473368176,9.795284104098936
manga-10498-6101,1-585230,2,,,10.649617155732587
manga-10498-6102,1-385347,-2,0.9369526269699087,11.228517879454955,11.277384560646018
manga-10498-6103,1-299532,-5,1.0037268779454998,11.253634252505995,11.293837477198707
manga-10498-6104,1-385828,1,0.905816360713235,10.307144622060285,10.342156100135414
manga-10498-9101,1-605458,3,0.6099671062302079,10.679943042791095,10.815484770134402
manga-10498-9102,1-385834,-5,0.9854265606937958,11.265370095862908,11.326219077372388
manga-10499-12701,1-605451,7,49.06546266583594,16.89395028926328,9.616920608245135
manga-10499-12702,1-299669,-5,1.0283969510427156,11.346847505290588,11.405849870277054
manga-10499-12703,1-299781,-2,1.0325870485524362,11.572095409678813,11.59985251761826
manga-10499-12704,1-299794,2,0.8413851223119693,10.69997123135188,10.737737157837781
manga-10499-12705,1-299713,7,0.3138988038118562,9.69861458061382,9.874681813827067
manga-10499-1901,1-299641,5,0.32242692882827484,8.661968441997205,8.909379494377562
manga-10499-1902,1-299973,5,0.47074560650538544,9.914410265963543,10.158199601120568
manga-10499-3701,1-299468,-5,0.9720030274958518,10.917528168790419,10.987160634217755
manga-10499-3702,1-299674,3,0.3894635761632408,9.971181888628685,10.092295965123428
manga-10499-3703,1-585313,3,,,10.059642923998316
manga-10499-3704,1-299845,3,0.7524261455476342,9.922559347144329,9.970002652144071
manga-10499-6101,1-299607,-2,0.9620028678313908,10.931985986149137,10.988614689247239
manga-10499-6102,1-299684,0,0.9586733068229094,10.266554710433788,10.34872921260191
manga-10499-6103,1-230767,5,0.37899284783232545,9.018613833968738,9.283640388800368
manga-10499-6104,1-605515,-2,,,11.43333131910099
manga-10499-9101,1-230790,-5,0.9154700665510163,11.227467272130374,11.296845012359102
manga-10499-9102,1-299476,1,,,10.867852701759785
manga-10500-12701,1-231358,3,,,11.00313296435391
manga-10500-12702,1-300363,5,0.5929443240936401,10.276994916762405,10.486920466256906
manga-10500-12703,1-300461,3,1.0034789400837454,10.13285266443816,10.172048034180255
manga-10500-12704,1-231628,5,0.42640648005431814,10.234670197378598,10.33532548588238
manga-10500-12705,1-300469,-5,1.0615400846855891,10.966301658281681,11.032546238091932
manga-10500-1901,1-300464,4,0.8664091676381496,10.691381045554582,10.783875720673981
manga-10500-1902,1-300411,1,0.8957944706726728,9.593515901702748,9.75529846171911
manga-10500-3701,1-386851,-5,,,11.28697937413244
manga-10500-3702,1-300318,2,0.6541641377001035,10.14870834774593,10.32905193335993
manga-10500-3703,1-300401,2,0.3648900134140938,9.680256858429637,9.883879379257255
manga-10500-3704,1-386889,-5,1.1078020487149232,11.112475654803305,11.0851549515468
manga-10500-6101,1-300275,4,0.6404641114168363,9.816890339830433,9.93438683331937
manga-10500-6102,1-300293,1,0.6300366122629235,9.385340175398762,9.609320087515393
manga-10500-6103,1-567465,-5,,,10.617563300094217
manga-10500-6104,1-300493,3,0.7616292270597853,11.07067850337996,11.089237267663043
manga-10500-9101,1-231694,-5,,,11.05643983117784
manga-10500-9102,1-386870,1,0.9527594310332859,10.85944445027614,10.887380961840938
manga-10501-12701,1-231133,3,0.7577105691593786,10.3420628578121,10.450396928089987
manga-10501-12702,1-605501,4,0.4442262329699105,9.676830374054957,9.909725007516354
manga-10501-12703,1-585349,6,,,9.693353154191696
manga-10501-12704,1-605543,5,0.3706803500332896,9.876221033176146,10.085008569975324
manga-10501-12705,1-300189,7,0.41127178609364634,8.767047180962411,9.045854761630668
manga-10501-1901,1-299960,2,0.8322805536920121,9.526034795202877,9.527839909435825
manga-10501-1902,1-300238,2,0.7604314684114719,10.288166245246089,10.363446502853792
manga-10501-3701,1-231281,1,0.6294049081551201,10.597184620785391,10.770487492998878
manga-10501-3702,1-231297,-5,1.0444289396726703,10.682894389602746,10.737876158125802
manga-10501-3703,1-231412,4,0.60582521639909,9.638168581076076,9.858802385102353
manga-10501-3704,1-300264,0,1.0610838090427173,10.67397655309059,10.727040798176452
manga-10501-6101,1-300010,5,0.3383814167792387,9.741144707844095,9.935946376460727
manga-10501-6102,1-300138,2,0.5009461447778207,9.755072165335193,9.989738065046254
manga-10501-6103,1-231135,2,1.28683845286778,10.613460637077198,10.417144395858081
manga-10501-6104,1-300126,-5,1.0837810420513954,10.90408273428162,10.905273333756988
manga-10501-9101,1-231080,-5,0.7235349681872911,11.05402694552482,11.235826290966116
manga-10501-9102,1-605544,1,,,10.998031666589267
manga-10502-12701,1-230783,2,,-6.978011726653949,7.420330434142554
manga-10502-12702,1-230926,-2,0.8433166811389121,11.205383504057188,11.278243577014596
manga-10502-12703,1-230972,3,0.8456598343119666,10.195942870551878,10.252913682398455
manga-10502-12704,1-230850,3,0.8955838286007207,10.193487526468973,10.158416775512844
manga-10502-12705,1-231147,1,0.9619313441913384,10.390966162156815,10.460667861265655
manga-10502-1901,1-605335,2,0.12408760941342933,9.442288816844153,9.565979975145218
manga-10502-1902,1-230910,0,0.9967771594695911,9.288149802411855,9.33340293590587
manga-10502-3701,1-230672,-2,0.8071165842498083,10.20870248114414,10.448646039975257
manga-10502-3702,1-230707,-5,0.9802909692758419,10.30765235625793,10.358509716068243
manga-10502-3703,1-230930,3,0.7983189008684448,10.245486999062681,10.375819017862737
manga-10502-3704,1-231174,0,0.8006613061027963,10.305346348763246,10.472400972026016
manga-10502-6101,1-230524,-5,0.917723490476142,10.749126197219388,10.877101123740234
manga-10502-6102,1-230870,-5,1.027913749006789,11.002425394572324,11.047457894647057
manga-10502-6103,1-230956,5,0.6386986183357202,9.707498164854899,9.910358624990021
manga-10502-6104,1-230987,3,0.7337655910812657,9.496677117391785,9.411084082603287
manga-10502-9101,1-230960,0,0.9849130462082059,10.290199840610033,10.239779815937796
manga-10502-9102,1-231008,-5,1.0186120605078344,11.049114545469521,11.060777139062385
manga-10503-12701,1-79952,7,0.3194200121403341,9.342365043466092,9.553131459712718
manga-10503-12702,1-80034,4,0.761834357074779,10.10323369911258,10.184682915156035
manga-10503-12703,1-587259,4,,,10.431048384049934
manga-10503-12704,1-80003,5,0.4630967884248349,9.818958953656479,9.990023454928037
manga-10503-12705,1-560323,-2,1.1274121154338914,11.186222908438602,11.173212500172646
manga-10503-1901,1-79976,-2,0.9966595046055247,9.908370209263921,10.006590108663989
manga-10503-1902,1-183760,1,0.8831158605796894,9.932291750506051,10.120083427969687
manga-10503-3701,1-79971,0,0.9546788531525827,9.615664903539772,9.743134102199589
manga-10503-3702,1-560327,-2,0.8656467904237211,9.603047142419769,9.731504154123984
manga-10503-3703,1-80117,5,0.510534974583102,8.9514843686528,9.192414113069471
manga-10503-3704,1-80331,-2,0.9902871832584843,10.137906095915405,10.265845694783733
manga-10503-6101,1-80403,-2,1.0322421064843539,10.375984348800621,10.45407463807207
manga-10503-6102,1-80127,4,0.7862157767355633,9.309451780254395,9.462281171947215
manga-10503-6103,1-183745,-2,0.9483006950936463,9.281384152862412,9.411715644146684
manga-10503-6104,1-80405,5,0.6554323368229049,9.233233843433784,9.441885146987778
manga-10503-9101,1-80332,-5,49.60662763283593,18.705346508963274,11.329613447468383
manga-10503-9102,1-183743,4,0.4870626802110465,9.59364968462784,9.814222949486844
manga-10504-12701,1-605814,1,1.1006765621760728,9.668356130708682,9.660810476530012
manga-10504-12702,1-232054,1,1.0511857168313874,9.805532172049134,9.866309200977241
manga-10504-12703,1-232081,5,0.48744028967267283,8.700583194602746,8.929994367703882
manga-10504-12704,1-232143,5,0.6135207238783451,9.580515952247396,9.798498719373947
manga-10504-12705,1-300709,-5,0.7920357895789323,9.231608768243095,9.392679370131184
manga-10504-1901,1-300674,0,0.8724270524072999,9.438359314657308,9.572190596443182
manga-10504-1902,1-232053,-2,1.006874559523098,9.95277738161765,10.049632730939845
manga-10504-3701,1-300675,1,0.7759155645953513,8.989096392705552,9.145792879215222
manga-10504-3702,1-300925,-2,1.089960609489065,9.865529346318098,9.878900776073504
manga-10504-3703,1-300968,2,1.1045394358971201,10.154087246498825,10.144103856464893
manga-10504-3704,1-300695,-2,1.099106677745194,10.07384155264453,10.055634397861823
manga-10504-6101,1-300696,3,0.8341984497097314,8.842821220236063,8.99270944706128
manga-10504-6102,1-605790,-5,0.8198236514202222,9.38033317771648,9.556970318003422
manga-10504-6103,1-232157,1,0.9300823033711758,9.54340025596336,9.674995172895345
manga-10504-6104,1-232100,2,0.9457976930135779,10.802239583644647,10.843182927950812
manga-10504-9101,1-300699,0,1.1925705476511794,10.10588549971006,9.893343906256142
manga-10504-9102,1-231891,2,0.7313938200189511,9.774963890708072,9.953042199478515
manga-10505-12701,1-300625,3,0.877082319931823,10.169158626383869,10.242804707833145
manga-10505-12702,1-300739,1,0.9570773654359748,9.658712495932985,9.772290160538844
manga-10505-12703,1-300773,4,0.5775772394134293,9.566647649844153,9.787590105887922
manga-10505-12704,1-300718,3,0.6537161389318236,10.052573679283869,10.187565839997264
manga-10505-12705,1-300759,-2,1.115954143854868,10.248209413018031,10.246136517847026
manga-10505-1901,1-300624,1,1.1820495939372861,10.225138902124764,10.173937617943741
manga-10505-1902,1-567457,3,,,9.543987382170489
manga-10505-3701,1-300705,0,1.096029793878344,10.619090729247397,10.622167377855986
manga-10505-3702,1-231866,9,0.8089634057942341,9.094721912397643,9.245186824746293
manga-10505-3703,1-300663,-2,0.7973181567451917,9.086737271544528,9.274661154303052
manga-10505-3704,1-300680,2,0.7943382285674403,8.778661478292836,8.943652772073255
manga-10505-6101,1-300600,-2,1.1777866196545652,9.958922590717037,9.851193505547448
manga-10505-6102,1-585543,-5,,,11.158691104535583
manga-10505-6103,1-231900,-5,1.0673665926855875,10.03852376108168,10.076057595762826
manga-10505-6104,1-300778,-2,,,8.80983232559221
manga-10505-9101,1-300604,5,0.5615507232772572,9.52543440496683,9.769409823086816
manga-10505-9102,1-300676,-5,0.8285572432840489,9.006194315639156,9.182996365659292
manga-10506-12701,1-231911,6,0.577813698425409,9.093869163123252,9.29477034624619
manga-10506-12702,1-605770,2,,,9.808270405738256
manga-10506-12703,1-232151,4,0.4939658646055207,9.28313940526392,9.511165179373675
manga-10506-12704,1-232047,6,0.259403666892684,8.555123873015468,8.693214108426934
manga-10506-12705,1-231875,2,0.5718274427536727,8.78564379072034,9.029469004687693
manga-10506-1901,1-231865,-5,0.8313595112110477,9.678236986727843,9.749107601961352
manga-10506-1902,1-605804,1,0.9105556023937211,9.200863122312658,9.388241560491105
manga-10506-3701,1-231870,2,0.9291327588020479,9.801864890127504,9.966206989385261
manga-10506-3702,1-232167,-2,0.9082151013051707,10.011283961579547,10.161421911307407
manga-10506-3703,1-232070,6,0.3592926423749532,8.981144451261237,9.198706560722895
manga-10506-3704,1-231847,-2,0.7528837793554253,8.84629632078639,9.0168704483241
manga-10506-6101,1-300672,0,0.9103985574671789,9.989374812854278,10.038222638368719
manga-10506-6102,1-231892,2,0.6340870071511695,9.118339657630873,9.336487751943562
manga-10506-6103,1-232168,0,0.9674931531995483,9.839639270038042,9.962001189696895
manga-10506-6104,1-232171,4,0.5009902208889052,9.303664824017591,9.53939354489648
manga-10506-9101,1-232033,5,49.399055315835945,17.277384684263282,10.027108946041338
manga-10506-9102,1-232065,3,0.7906546397056857,9.931836640164537,9.986001858556417
manga-10507-12701,1-174759,-5,1.020885303789136,11.126728200448575,11.198420634461868
manga-10507-12702,1-280229,6,,,9.176377798865998
manga-10507-12703,1-617570,3,0.6699454724235103,10.056926127685514,10.178064258136459
manga-10507-12704,1-617503,3,,,10.391799304818468
manga-10507-12705,1-576051,3,,,10.52399474985729
manga-10507-1901,1-175153,-2,0.646167163869201,9.347354297466334,9.461705570161197
manga-10507-3701,1-280132,2,1.085298905076197,10.035382745142412,9.943971582002671
manga-10507-3702,1-280222,3,,,9.585244092263228
manga-10507-3703,1-280716,-2,1.041580538535083,10.109277643916522,10.210273027571867
manga-10507-3704,1-280256,5,0.5345357199379457,9.220310939870707,9.481850931318503
manga-10507-6101,1-280180,11,1.0327656344761458,10.705655067619393,10.758484196882138
manga-10507-6102,1-280245,4,0.5273029656372081,9.387177211574512,9.616296928053597
manga-10507-6103,1-174690,1,0.9200400217853613,10.437488526830933,10.533324573222215
manga-10507-6104,1-174945,0,1.167811037484352,11.03061140090062,10.993052470945077
manga-10507-9101,1-174951,5,0.49530289876188505,9.314510906301571,9.545460515342135
manga-10507-9102,1-280728,2,0.7791290861701192,10.558027073318016,10.609624285950586
manga-10508-12701,1-150991,5,0.7707778913990957,10.612514063576084,10.716074328277484
manga-10508-12702,1-150962,5,0.6298493982478348,10.064649006407276,10.228782636494294
manga-10508-12703,1-175889,3,0.6096592814467172,10.630372440220295,10.765055789802332
manga-10508-12704,1-150938,7,0.7012035780347077,8.810684655285048,9.006615773152939
manga-10508-12705,1-150899,3,0.9527765040135776,10.472469143744647,10.560648956840245
manga-10508-1901,1-175605,1,0.388878589867776,8.502658583777194,8.594992191949093
manga-10508-1902,1-576031,2,,,10.835483836161576
manga-10508-3701,1-175599,-5,0.9975209667149194,10.862410528603302,10.938249958545871
manga-10508-3703,1-151120,-5,1.0056914611525833,10.848957436339774,10.952602609546899
manga-10508-3704,1-576079,-5,,,10.869016279715611
manga-10508-6101,1-175865,-2,1.1434942422711387,11.285450874379997,11.253078611416958
manga-10508-6102,1-151019,-5,1.0187718112732895,11.096754565093274,11.159997064287653
manga-10508-6103,1-150947,3,0.6277632107916133,10.779658444214096,10.77477965267746
manga-10508-6104,1-576083,3,,,10.37166622184682
manga-10508-9101,1-150586,-5,1.0143402523831604,11.153152248242462,11.223804743543209
manga-10508-9102,1-150965,1,0.9697282434301151,10.980577062840723,11.03135190128701
manga-10509-12701,1-278136,6,0.2793791320924086,9.50885714187062,9.636622276163047
manga-10509-12702,1-278113,2,0.9578748130933761,10.570038762028293,10.596354042612882
manga-10509-12703,1-613473,5,,,10.437449305249805
manga-10509-12704,1-576122,-5,1.0988095867536742,11.48353310112034,11.450876995165334
manga-10509-12705,1-278185,0,1.0404807274550159,10.474775855778994,10.550083972018989
manga-10509-1901,1-173724,0,0.36218500760871564,9.444613028495013,9.689359479456579
manga-10509-1902,1-278195,3,0.43355859450783285,8.64502204486952,8.860944995444065
manga-10509-3701,1-278159,3,0.8658804330135794,9.27109107764465,9.286402572568363
manga-10509-3702,1-277533,-5,1.1375776258208248,10.335730214878936,10.32361506403128
manga-10509-3703,1-278183,6,0.3862709034843519,9.02063218150062,9.25331134580641
manga-10509-3704,1-278191,3,0.761691845900522,10.242219080364173,10.306373552561661
manga-10509-6101,1-277489,4,0.4214824127601915,9.905564085798083,10.001257631312232
manga-10509-6102,1-588259,8,,,9.509139323179816
manga-10509-6103,1-173676,5,0.616897094925033,9.365002680211544,9.44118279014402
manga-10509-6104,1-173966,4,0.49504028659797683,9.420752264668174,9.542348561277063
manga-10509-9101,1-576127,4,,,11.090917284820254
manga-10509-9102,1-278209,-5,1.086849379984244,10.940383911223025,10.932246918487962
manga-10510-12701,1-189134,0,,,10.99832604721149
manga-10510-12702,1-189066,1,,,10.591397438560167
manga-10510-12703,1-241291,5,,,9.332387957621007
manga-10510-12704,1-189584,5,,,9.735338564330524
manga-10510-12705,1-189495,2,,,11.06401223431053
manga-10510-1901,1-189283,-2,1.4035390883533552,9.845243096811036,9.617634535238102
manga-10510-1902,58-46,10,,,
manga-10510-3701,1-189075,-5,,,10.1449227485866
manga-10510-3702,1-189212,-5,0.8594169060427177,10.93727095579059,11.13362512004075
manga-10510-3703,1-241570,-5,1.035577401061957,10.613362290251818,10.67096907469322
manga-10510-3704,1-189376,-2,0.8749908077724484,9.500997367271768,9.65011413645341
manga-10510-6101,1-189473,3,0.9033730041027894,10.275963960563239,10.357002399339553
manga-10510-6102,1-189101,-5,,,11.036588976755404
manga-10510-6103,1-617445,11,,,10.984763073493996
manga-10510-6104,1-618223,-5,0.9793737411027905,10.89658944726324,10.960428915807736
manga-10510-9101,1-188593,6,,,9.005566571133294
manga-10510-9102,1-189083,0,,,11.189678364320223
manga-10511-12701,1-76456,4,0.8177808368282733,9.776963644797203,9.830038556212545
manga-10511-12702,1-76419,-2,1.0649880491171224,11.166063975491772,11.157813244958229
manga-10511-12703,1-213922,1,,,11.05257082949527
manga-10511-12704,1-213726,4,0.5064346724725475,10.244258622638625,10.389389378398823
manga-10511-12705,1-585278,5,,,10.390580111685646
manga-10511-1901,1-213789,7,,,8.816757505151056
manga-10511-1902,1-76480,-2,0.8594005441382535,9.584593552171707,9.696636798246022
manga-10511-3701,1-76417,5,0.6210629774733007,9.684263888341116,9.831533849693505
manga-10511-3702,1-213739,-5,,,9.531041848030055
manga-10511-3703,1-214312,3,0.6072255230435815,10.561741645951761,10.686548686647233
manga-10511-3704,1-76425,2,0.9361647798745736,10.370399331449526,10.471152303633303
manga-10511-6101,1-76593,4,0.5476965993337544,9.405333143456827,9.563263883848546
manga-10511-6102,1-214291,0,1.1116694484996188,10.579105510288288,10.546876892234971
manga-10511-6103,1-213731,-5,0.9494323536900282,10.78055322176504,10.858377164857943
manga-10511-6104,1-214296,1,,,10.989501431566644
manga-10511-9101,1-214286,0,,,10.812642673436372
manga-10511-9102,1-605502,-2,,,11.215150923362524
manga-10512-12701,1-605601,3,0.7636814780497083,10.635969749938603,10.78023015640979
manga-10512-12702,1-605611,3,0.9023108171368364,10.411109729162805,10.45858799671093
manga-10512-12703,1-214751,1,1.0201718598024456,10.676603549778875,10.64249815450319
manga-10512-12704,1-77024,3,0.9347125207499012,10.72096579012247,10.753029689537184
manga-10512-12705,1-76911,5,0.35725015121258963,9.780416225874927,10.038699623020623
manga-10512-1901,1-76995,-5,0.8709785999018251,9.79034768507676,9.888174999256185
manga-10512-1902,1-77006,-2,0.8324569374996216,9.66236008018829,9.843903329257452
manga-10512-3701,1-76957,-5,0.7269136257601936,10.965752744098083,11.14596669633437
manga-10512-3702,1-76991,7,0.4838004231157065,9.120537445622407,9.367577671456571
manga-10512-3703,1-77011,3,0.616944724096669,9.467873690997333,9.681999685279814
manga-10512-3704,1-76931,-5,1.0921593937067122,11.087473688322074,11.087614622379862
manga-10512-6101,1-77016,3,1.0689045058783435,10.453502648447394,10.469243061669058
manga-10512-6102,1-77060,1,0.7373519079887672,9.986777900246018,9.980650011455634
manga-10512-6103,1-77030,2,0.7731558421678599,10.15158767272745,10.38731150387828
manga-10512-6104,1-76920,5,0.7758183174747231,9.393969529650022,9.589598898150575
manga-10512-9101,1-76996,2,0.5729515388158148,10.159178133168343,10.274386486695322
manga-10512-9102,1-605657,5,0.6250287221170368,9.645298876893376,9.828573544537766
manga-10513-12701,1-54225,-2,1.01810157793917,11.045521481723696,11.136295574895819
manga-10513-12702,1-605833,7,0.36070621794824476,9.593929990146327,9.8478791480682
manga-10513-12703,1-54080,3,0.9015296910108646,10.277605866744093,10.230206159566267
manga-10513-12704,1-54539,2,0.9782747460933727,10.483971932328291,10.520414092476065
manga-10513-12705,1-54506,5,0.5553867084998032,9.371296409944938,9.592810520193552
manga-10513-1902,1-54240,-2,1.104586423638633,9.98228616668342,10.008830031530119
manga-10513-3701,1-605823,1,0.9720301124463369,10.087722415407729,10.185675284092941
manga-10513-3703,1-54115,3,0.6086520533201742,8.780207789433106,8.975448812298959
manga-10513-3704,1-54497,-5,0.961143679203321,10.349733747035915,10.45885984893256
manga-10513-6101,1-54313,-5,0.8461565608889074,9.720058438017594,9.901692570164318
manga-10513-6102,1-54314,-2,0.9546650434254111,10.438396222623254,10.533421228372823
manga-10513-6103,1-54129,6,0.36138334783138504,8.88820115414913,9.091754862561455
manga-10513-6104,1-54457,0,1.0074651870802427,10.789527820413939,10.767119487755865
manga-10513-9101,1-54492,4,1.0868380780264957,9.755397139303817,9.72893867083686
manga-10513-9102,1-54587,-2,0.9639898731042145,11.513311221732614,11.534562927843934
manga-10514-12701,1-54655,5,0.3724482310217887,9.038354905425878,9.30868604166556
manga-10514-12702,1-77735,6,0.34595047243597676,9.310226229632988,9.538645356330822
manga-10514-12703,1-77898,6,0.4476560866416506,9.176880968257873,9.365051599280033
manga-10514-12704,1-78029,7,0.30975491184732107,9.218891901022287,9.48980244269976
manga-10514-12705,1-77704,3,0.7995958799454037,10.140542579728518,10.23111007827662
manga-10514-1901,1-77742,0,0.8450022499018246,9.83603030007676,10.024600588650689
manga-10514-1902,1-55065,-2,,,11.149382327425737
manga-10514-3701,1-54979,5,0.7624261852110479,8.959809720127843,9.157314700079732
manga-10514-3702,1-77755,-5,0.8267573763831599,10.688476036642463,10.906650141205194
manga-10514-3703,1-77708,1,0.3481998578745724,8.914649381249523,9.141242767858726
manga-10514-3704,1-55075,-5,0.9035847325796951,10.802083245706056,10.929915270489348
manga-10514-6101,1-54999,1,0.9765481522206692,10.27648883311797,10.346272759503725
manga-10514-6102,1-55037,-2,0.7452066467681888,11.415700900245056,11.540713536638538
manga-10514-6103,1-78040,3,0.7020063448024452,10.197291863278874,10.304779099838903
manga-10514-6104,1-78021,-2,0.8469247393922998,10.038407721703754,10.185391981420805
manga-10514-9101,1-78077,3,0.6895317159039074,9.469868413171149,9.68131542301307
manga-10514-9102,1-585668,11,,,10.868990443218847
manga-10515-12701,1-78358,4,0.4490766750747852,10.415196032912585,10.565013833904306
manga-10515-12702,1-78381,1,1.0207130064996228,10.78180432808829,10.85502825276198
manga-10515-12703,1-182226,-5,0.9715696758208239,11.171356789878935,11.226607637384493
manga-10515-12704,1-78377,5,0.4954357067247308,9.779683363589617,10.015015872701031
manga-10515-12705,1-78252,7,0.9292373352826289,9.645139625530252,9.677342280911539
manga-10515-1901,1-181880,7,0.31744461281026304,8.821975227508739,9.048659284784932
manga-10515-1902,1-78291,1,1.0829230640936487,10.122572250762413,10.11634536150184
manga-10515-3701,1-78343,5,0.38564845838408957,9.098292278622523,9.348145137951091
manga-10515-3702,1-181975,-5,0.9448850917536724,10.50123557662034,10.619202934392714
manga-10515-3703,1-585742,7,,,9.096969073041604
manga-10515-3704,1-78353,0,0.9893411308452364,10.622474621427898,10.683601715824995
manga-10515-6101,1-78257,-5,0.9437350103582602,10.874809923464657,10.956421535016728
manga-10515-6102,1-560087,-2,0.516601858335715,10.847609648854895,11.202273023654431
manga-10515-6103,1-181988,-2,0.9088078718405299,10.480517978349962,10.608161115731049
manga-10515-6104,1-606491,0,0.5246998959999978,9.6025103336,9.890812098955124
manga-10515-9101,1-78361,6,0.3688477892744224,8.615375370949026,8.824686083411851
manga-10515-9102,1-78580,3,0.6651119851292897,10.27223433716706,10.388330371815954
manga-10516-12701,1-60653,1,0.7014374358282787,10.210275075697208,10.365075958528465
manga-10516-12702,1-607106,-2,0.977949204131459,11.012189699499377,11.109646031090973
manga-10516-12703,1-78765,3,0.7259079190347073,9.585692698385046,9.74858801409876
manga-10516-12704,1-78783,5,0.6178252055674349,9.75857670899283,9.942166851682853
manga-10516-12705,1-60706,5,0.49461058375367273,8.86158503382034,9.09350223231401
manga-10516-1901,1-60713,4,0.6083378632518759,9.664184458899726,9.885845572719587
manga-10516-1902,1-60719,2,0.509079061106295,9.211970210987463,9.46608132511
manga-10516-3701,1-60689,0,0.9071625838102619,9.85874114360874,9.928542811488843
manga-10516-3702,1-60715,4,,,9.651641389684023
manga-10516-3703,1-78766,-2,0.9963148095796868,10.182880726406049,10.290668886055848
manga-10516-3704,1-60707,2,0.9870679015465775,9.88341188908655,10.179505831645391
manga-10516-6101,1-60570,-5,0.8978418296041006,10.334139179455015,10.471453074297388
manga-10516-6102,1-60709,7,0.4574802603007413,9.031915192896198,9.26347510129658
manga-10516-6103,1-78764,0,1.0687669379114517,10.999757194166893,11.010787416031874
manga-10516-6104,1-78868,3,0.6680007763201736,9.933090748733106,10.116504802668734
manga-10516-9101,1-60723,2,0.6305669019304041,9.425695143354035,9.58989935869803
manga-10516-9102,1-78752,9,,,8.943459395000609
manga-10517-12701,1-182178,7,0.4999522288677838,8.7289376786772,8.95157791731426
manga-10517-12702,47-0,10,,,
manga-10517-12703,1-78856,5,0.7816283408813618,10.42427517522185,10.492422317719583
manga-10517-12704,1-78636,-5,0.30531943979698184,8.465744331398446,8.655446751293132
manga-10517-12705,1-78820,-5,1.1516795772772603,11.373307696366833,11.290208294420983
manga-10517-1901,1-182337,4,0.6552320696470169,8.867995284921289,9.038655921230788
manga-10517-1902,1-78702,1,0.6662345984235074,9.034938374285511,9.240676522841417
manga-10517-3701,1-78719,2,0.6744474320313287,9.849770090878078,9.893434392542666
manga-10517-3702,1-78665,4,0.19168055251338245,9.297228427689587,9.580728871956259
manga-10517-3703,1-78688,1,0.8349121800427177,9.35869766919059,9.518179536019877
manga-10517-3704,1-78439,3,0.8148769370761997,10.118034516342412,10.173422297235984
manga-10517-6101,1-78715,1,1.2212239657618866,10.494030996001573,10.386473995129538
manga-10517-6102,1-586066,2,,,10.183853257337097
manga-10517-6103,1-78638,-5,0.7905499678909962,8.555839794211986,8.717915036784996
manga-10517-6104,1-182358,5,0.6745859049032426,9.16602390490543,9.3871476930759
manga-10517-9101,1-78627,4,0.5625229655850603,9.614074511409008,9.820453684385122
manga-10517-9102,1-78858,0,0.6978926766129767,9.782923778321729,9.948985778321877
manga-10518-12701,1-182089,-2,1.003939290647775,10.789314538144714,10.854132289255492
manga-10518-12702,1-79033,3,1.0796740628945685,10.756114960324288,10.792512154484347
manga-10518-12703,1-182807,4,0.6310634752178323,9.931336517800164,10.127859296429808
manga-10518-12704,1-607451,-5,49.57952495883594,18.323551455563283,10.753418348097247
manga-10518-12705,1-607996,5,0.8481628303491178,10.900618543703366,10.984484556860117
manga-10518-1901,1-182525,-2,1.0675142874315355,10.03675319352986,10.112216107096732
manga-10518-1902,1-79052,2,0.1269798592778315,9.75225599081438,10.051665651778157
manga-10518-3701,1-79009,4,0.5151643547499027,9.050112959522469,9.253526998626242
manga-10518-3702,1-182452,-2,1.0886358507384024,10.530813754232668,10.543324143617319
manga-10518-3703,1-182424,4,0.383689381689269,9.33690994040208,9.581942835154253
manga-10518-3704,1-182793,1,0.7855692757723567,9.814235509133832,9.909549611048698
manga-10518-6101,1-182093,-5,0.845841510352134,11.010759454017352,11.140067869052286
manga-10518-6102,1-182818,2,0.6792979425568362,10.13323444742409,10.205507506142567
manga-10518-6103,1-182523,2,0.963612671181167,10.62716880933798,10.635835463311642
manga-10518-6104,1-79084,2,0.7928590582029571,9.945389186284789,10.007722180322103
manga-10518-9101,1-78873,3,0.9653784975488442,10.654376284798053,10.618141224579196
manga-10518-9102,1-182839,3,1.0324688476750268,10.109420952511485,10.178574103379924
manga-10519-12701,1-608154,5,0.7032604840612002,10.615993437467932,10.668588105459945
manga-10519-12702,1-79095,4,0.3448549040146922,9.360290053181359,9.62229693523877
manga-10519-12703,1-182981,-5,1.1329070952690508,11.439648524185603,11.397373319105686
manga-10519-12704,1-183175,5,0.7758815210121668,10.381494051135752,10.503138070528411
manga-10519-12705,1-79331,5,0.8365532159569895,11.141443587195786,11.253466432805908
manga-10519-1901,1-183195,1,1.065930102152592,9.73787368943978,9.757414250556845
manga-10519-1902,1-183181,1,1.032812968535083,10.120437876916522,10.217825980899852
manga-10519-3701,1-182781,-2,0.9413410934761437,10.63178568451939,10.760860327037427
manga-10519-3702,1-182806,1,0.88444421786307,10.605960798359721,10.75379747236648
manga-10519-3703,1-182750,-5,1.0638960000135818,11.131100037344652,11.106979189397924
manga-10519-3704,1-182730,-2,0.9448246878102609,10.693834610008736,10.81805755538083
manga-10519-6101,59-4,3,2099.720909998714,-2888.5715750001978,
manga-10519-6102,1-586574,3,0.3074866160871572,10.118165698903516,10.395534315294547
manga-10519-6103,1-182803,-5,1.013702733269053,11.003741069985606,11.097978798407931
manga-10519-6104,1-183193,1,1.1060884031593758,10.7312959872121,10.689330173667164
manga-10519-9101,1-79286,1,1.0284260924876456,11.063725574309194,11.094118099091526
manga-10519-9102,1-182705,2,1.1012430978783456,10.556471115647398,10.543993587485465
manga-10520-12701,1-79367,5,0.5584825704891827,9.660428767335343,9.83378501145144
manga-10520-12702,1-79356,2,0.9275210916381411,11.166556993954574,11.25601981338012
manga-10520-12703,1-183449,6,0.46036936626763136,8.9000689229767,9.077269769084158
manga-10520-12704,1-79664,5,0.47344302349038614,9.975303244089059,10.183064751311633
manga-10520-12705,1-79490,4,0.46224090223425307,9.351676787383552,9.567668505796455
manga-10520-1901,1-183465,-2,1.015256264247924,9.62906340394521,9.71303500908913
manga-10520-1902,1-79648,-2,1.0100646231525872,9.830039050539776,9.922913767098754
manga-10520-3701,1-79375,4,0.6937968649752797,9.489674936618378,9.63949645003697
manga-10520-3702,1-79734,1,1.093631509017353,10.656261199642522,10.664528216865625
manga-10520-3703,1-79747,-2,1.0524239895418788,10.378663569669085,10.407251499917274
manga-10520-3704,1-79983,1,0.9620338973051759,9.978132725179552,10.044402551835166
manga-10520-6101,1-79916,3,0.6818761344891833,9.937816519735344,10.06313812654482
manga-10520-6102,1-79452,5,,,10.037115607153691
manga-10520-6103,1-560311,3,0.8275907744523003,9.904066410738901,9.921508560347823
manga-10520-6104,1-79489,5,0.48941676615533325,10.246685389519648,10.40734330794683
manga-10520-9101,1-183065,4,0.6403331291239205,9.69369453620364,9.900808300654038
manga-10520-9102,1-79606,3,1.005642848494432,10.900941352581516,10.876919536833086
manga-10837-12701,1-587194,9,,,8.823177881863883
manga-10837-12702,1-61633,-5,1.0137056601301175,11.017290612810728,11.070965415474166
manga-10837-12703,1-79751,3,0.815949223052133,11.135229957587352,11.428470432271354
manga-10837-12704,1-61557,6,48.98737175199592,16.653504134119267,9.451350679470536
manga-10837-12705,1-640498,-5,0.8609461488831585,11.390158568392463,11.50962405393818
manga-10837-1901,1-61613,-5,0.9830362680009088,10.663748568247904,10.730775979157997
manga-10837-1902,1-3327,5,,,9.48555044259751
manga-10837-3701,1-3050,3,0.9254390267674424,10.915433025912838,10.90679221125194
manga-10837-3702,1-61450,-2,0.9931598065842451,10.903928833283027,10.953684686126117
manga-10837-3703,1-3087,-2,0.9306674247288811,11.341346006809664,11.356269433818579
manga-10837-3704,1-3343,-5,0.897154802567858,11.309256172367448,11.446638863329973
manga-10837-6101,1-61538,-2,1.1060762606205223,11.030439973517474,10.946198197218873
manga-10837-6102,1-3019,-5,0.921392808809987,10.937271594474616,11.01848402962997
manga-10837-6103,1-559229,-5,0.9373347164184871,11.374041064471406,11.46098033584545
manga-10837-6104,1-61698,-5,1.0283023440502532,11.188683165862251,11.233976609848492
manga-10837-9101,1-61484,-2,0.9740815995866932,10.983757124878153,11.008596935830193
manga-10837-9102,1-61630,11,0.954215526106637,10.634540270141827,10.656951915855789
manga-10838-12701,1-389438,6,0.4458894557113595,9.457283546574295,9.682493906758049
manga-10838-12702,1-389375,-5,1.1010567775926852,11.497103265185471,11.49340827506735
manga-10838-12703,1-301386,5,0.6061846254182441,8.65486350308922,8.87159856049923
manga-10838-12704,1-301360,6,0.5469517310966907,9.18897909221915,9.38483880697302
manga-10838-12705,1-389513,3,0.8719371469393202,10.398270839594117,10.404061473809389
manga-10838-1901,1-606057,-2,1.0238083720250586,9.833058173213008,9.835783975971408
manga-10838-1902,1-389466,0,0.48484564310102485,9.406114092499969,9.684432882178358
manga-10838-3701,1-301489,-5,1.1587804917725997,10.877553280112268,10.892769183716677
manga-10838-3702,1-585704,7,0.11030331750150424,8.654492412973859,8.79510976487673
manga-10838-3703,1-301609,-5,0.9826923961602603,9.858667233393737,9.961724993851261
manga-10838-3704,1-301461,-5,0.824622781353419,9.689324521567665,9.827099480764883
manga-10838-6101,1-301327,7,0.6174644075850502,9.18214771047852,9.396262358828073
manga-10838-6102,1-585698,6,,,9.978927582074832
manga-10838-6103,1-301504,5,0.24549651874377432,8.647110598435626,8.746947400645414
manga-10838-6104,1-389476,-5,1.0313223478652027,11.31033400546702,11.352076537327596
manga-10838-9101,1-301321,5,0.6656103924809038,9.88243125228542,10.065072530185985
manga-10838-9102,1-389389,5,0.5004229390724504,9.47388341210177,9.674343379072639
manga-10839-12701,1-52799,3,0.49369522009187605,9.155179918674085,9.327184261789316
manga-10839-12702,1-52826,0,0.7669829252258467,10.310234873167524,10.439526014492632
manga-10839-12703,1-76395,-5,1.003907681233592,11.016641187177141,11.058796990351405
manga-10839-12704,1-76735,5,0.3075798665247049,9.529868386585658,9.683024088502913
manga-10839-12705,1-53178,4,,2.050736801083699,8.37962436685296
manga-10839-1901,1-53066,-2,0.8050699428444545,9.7387983148488,9.946538771395007
manga-10839-1902,1-53198,1,0.7357074871430989,9.562928917748797,9.670271835727414
manga-10839-3701,1-605510,-5,0.9525908509008261,10.708545765506937,10.832588483493495
manga-10839-3702,1-53123,-5,0.9777050810348626,10.64174971775603,10.718659658625457
manga-10839-3703,1-53356,-5,0.9960681745902633,10.49395807210674,10.561018012582814
manga-10839-3704,1-53120,3,0.5933343824899637,9.733968622624923,9.866289879847201
manga-10839-6101,1-53118,2,0.6233069062246059,9.82403109194562,9.98312491309465
manga-10839-6102,1-52814,-5,0.9440832108007413,10.9260100324462,11.033629353293277
manga-10839-6103,1-76413,-2,0.969738567636174,9.800944076691913,9.7023936112279
manga-10839-6104,1-53060,-5,1.068079119118245,10.951913061759221,10.92673056534682
manga-10839-9101,1-53217,4,0.5481156906994507,10.239957601625047,10.344554131209645
manga-10839-9102,1-53340,-5,0.9783696814925271,11.684419461874501,11.709570343048433
manga-10840-12701,1-214225,-5,0.8823555815579596,11.192432759343198,11.266009434441541
manga-10840-12702,1-214169,3,0.9519705590011789,10.225741571596362,10.279551786001376
manga-10840-12703,1-214652,7,0.6806769703257558,9.643821356926406,9.736386660813114
manga-10840-12704,1-214319,7,0.5340336399323498,9.256320947789828,9.473599346556721
manga-10840-12705,1-605551,2,1.1501454711053611,11.040533205242932,10.990185225919534
manga-10840-1901,1-76744,1,0.8429772944253635,9.284780483054934,9.500163349620848
manga-10840-1902,1-76820,1,0.8641857506243191,9.649020190531491,9.664883308540254
manga-10840-3701,1-76747,0,0.5067705550457617,8.937197511478413,9.096378041399435
manga-10840-3702,1-214335,-5,0.9772908376460663,10.457279302085675,10.541124281929058
manga-10840-3703,1-76813,1,0.2920560739903486,9.309631645117104,9.569086594936525
manga-10840-3704,1-76694,3,0.6741089344850124,10.266279338014781,10.34971129435343
manga-10840-6101,1-76741,-5,0.9607698008625292,10.530551690741504,10.63825537383318
manga-10840-6102,1-76762,-5,0.9008544837499883,10.509940669628618,10.653902435798834
manga-10840-6103,1-214197,-5,1.0902484028621053,11.183243755652544,11.17091114540777
manga-10840-6104,1-214658,-5,1.0343018194961502,11.309254667631878,11.363119952081608
manga-10840-9101,1-214219,5,0.18121384920005212,8.691522466057965,8.886482168922885
manga-10840-9102,1-76706,1,0.6914044738339093,8.60899573773415,8.787960673550984
manga-10841-12701,1-605877,5,0.8381775118508195,10.893186352746504,10.916908035746017
manga-10841-12702,1-77522,6,0.32330063555266975,9.142051932510743,9.261168789228552
manga-10841-12703,1-77490,-5,0.9900749248287717,10.84991550729207,10.896150456387428
manga-10841-12704,1-77695,-5,1.0251185754465801,11.317772615576555,11.35373634307788
manga-10841-12705,1-54642,7,,,8.730505999120519
manga-10841-1901,1-77800,1,1.0010835718525968,10.056438684840264,10.15047394917004
manga-10841-1902,1-77738,0,0.8104524703161395,9.096724748963387,9.293696092950741
manga-10841-3701,1-54602,1,0.9542957872338143,10.04870909879835,10.123919816583983
manga-10841-3702,1-54515,1,0.39576614630877316,8.483727185160072,8.751068604960436
manga-10841-3703,1-77675,1,0.974812689146205,10.840819697145312,10.83527658987545
manga-10841-3704,1-54606,-2,0.7285756668430992,9.198606663018797,9.24155310453297
manga-10841-6101,1-54586,1,0.9536198813069987,10.293007655566313,10.26398206461197
manga-10841-6102,1-54576,-2,0.8427861258298464,9.541194000046607,9.6629059669213
manga-10841-6103,1-77488,1,0.988003046642767,10.82532559548578,10.824246468985777
manga-10841-6104,1-77778,7,0.5782948060577802,8.711782213306197,8.923582434321963
manga-10841-9101,1-54558,-5,0.9000135554171251,11.075997476821774,11.140356107670979
manga-10841-9102,1-77639,-5,1.0155543523427149,11.118950827120589,11.193751089324985
manga-10842-12701,1-77565,3,0.414330218169102,8.694917290913569,8.96546342220274
manga-10842-12702,1-181160,4,0.8665376566798919,10.430919263354978,10.521006074747973
manga-10842-12703,1-181214,3,0.8325567570029229,10.643000205732761,10.733785179474685
manga-10842-12704,1-605818,3,0.8412052165905841,10.28838994483386,10.381733757764266
manga-10842-12705,1-77595,5,0.6871928760799442,10.472762810232947,10.5698234701462
manga-10842-1901,1-181037,1,0.8753106380763285,11.29171643209145,11.128335186165945
manga-10842-3701,1-181056,0,0.9317561367995459,10.34349460879804,10.451787433019305
manga-10842-3702,1-181028,5,0.7555064521872126,10.163090466179513,10.333231121423418
manga-10842-3703,1-585579,4,0.2684399192235887,10.127970339980463,10.390648519441577
manga-10842-3704,1-560065,-5,0.9726765755601896,11.01440984327808,10.984914630269975
manga-10842-6101,1-77620,-5,1.0023123949301969,11.151413182510979,11.210682446829999
manga-10842-6102,1-181172,2,0.8739577728397308,10.488140672119064,10.546164959192351
manga-10842-6103,1-181146,2,0.9914286389783484,10.884738525657399,10.924400457997438
manga-10842-6104,1-181017,-5,1.0449515824230957,11.317611596007648,11.31601402447345
manga-10842-9101,1-605778,5,0.40414008190487394,10.213934864592666,10.397290183016663
manga-10842-9102,1-180998,3,49.40262507813595,18.890471839193285,11.37683371705913
manga-10843-12701,1-350,-5,1.0166586873242167,11.415149785865095,11.441634738591931
manga-10843-12702,1-896,6,0.48757885504019427,9.000559304946083,9.225464074949157
manga-10843-12703,1-1037,5,0.41242300980328395,9.258419777283141,9.406284586801183
manga-10843-12704,1-1033,6,0.643696931297832,8.62203689585852,8.849841125765641
manga-10843-12705,1-761,-5,,,11.112133925347907
manga-10843-1901,1-837,0,0.39451200803861397,9.450890700766195,9.77523950480541
manga-10843-1902,1-803,0,0.9815046435613439,10.194253189023819,10.28279887576042
manga-10843-3701,1-411,3,1.184677012502359,9.808307901142726,9.65470671222025
manga-10843-3702,1-606422,2,0.8590745986707091,10.307395856889963,10.37732297399851
manga-10843-3703,1-380,3,0.41710047685623763,8.99862260926237,9.258313476186064
manga-10843-3704,1-762,-2,,,10.979542365556483
manga-10843-6101,1-834,0,0.9916879476820171,11.012711651522734,11.007269043729904
manga-10843-6102,1-944,-5,1.058964902552436,11.087182142678813,11.111270883495285
manga-10843-6103,1-908,7,0.5182124967209383,8.537474331579542,8.778856160431724
manga-10843-6104,1-701,7,48.80385758393594,16.41265312997328,8.91505770017322
manga-10843-9101,1-897,3,0.31326723031576265,10.396145728824926,10.609516293217341
manga-10843-9102,1-383,4,0.6020692833462,9.697248241965307,9.893765422762286
manga-10844-12701,1-77934,5,0.3640169257402519,8.62880372344125,8.81181822308838
manga-10844-12702,1-78143,6,0.4006473276800335,8.856686248364989,9.12312481436229
manga-10844-12703,1-560522,-2,1.0656093801417974,10.90640462110883,10.887494195282667
manga-10844-12704,1-181573,0,1.0454457241756892,11.15645633380743,11.104177292869473
manga-10844-12705,1-78142,3,0.4852236259248315,10.323419476906476,10.465519127141897
manga-10844-1901,1-77933,3,0.8093471844671036,10.182740899432355,10.124106265329557
manga-10844-1902,1-78155,11,0.7536901253033008,10.269452166994116,10.409324143536153
manga-10844-3701,1-181550,-5,0.8148738460629055,11.046158452717785,11.19894307738713
manga-10844-3702,1-78117,0,0.9825078950199106,10.147905411709957,10.215796423246788
manga-10844-3703,1-78176,3,0.5808058934411306,9.115795418626988,9.353549530839098
manga-10844-3704,1-78336,-5,0.9216262860102589,10.940295157628734,11.076714991764547
manga-10844-6101,1-77949,3,0.906867033118381,9.935275559991211,9.865592822830184
manga-10844-6102,1-78125,-5,0.8814342034473164,10.978268906582283,11.067666253610648
manga-10844-6103,1-181720,1,1.001076839036159,10.635345752176365,10.70384840546139
manga-10844-6104,1-181700,-5,1.018021943275027,10.990774230471484,11.043342508329138
manga-10844-9101,1-181589,6,0.36826545608410655,9.063230194823019,9.291044096155465
manga-10844-9102,1-181692,-5,0.9152678368618226,11.30911892221276,11.415541451012542
manga-10845-12701,1-78255,1,0.8723037203508213,10.502306676096504,10.524283957075552
manga-10845-12702,1-606221,5,0.46801821951580536,9.844728840199046,10.054533349993221
manga-10845-12703,1-78510,4,0.6684612120490918,9.55289941049108,9.693769910303377
manga-10845-12704,1-78452,5,0.5873321026202198,9.891826167636477,10.081278593092106
manga-10845-12705,1-78451,3,0.8324653766774119,10.36132794013648,10.404204354532258
manga-10845-1901,1-78239,-5,1.1708998919866929,10.268775585718151,10.223374903124562
manga-10845-1902,1-60629,2,1.0259434557747333,10.237249479270977,10.29643047622285
manga-10845-3701,1-55335,-5,0.9790896159595448,11.12034878195404,11.175357782561187
manga-10845-3702,1-60446,-5,0.9790687784913956,10.285616047085622,10.370016781496062
manga-10845-3703,1-78200,1,1.0407990105925293,10.736799882684503,10.768423653327883
manga-10845-3704,1-60406,-5,,,10.787758002451923
manga-10845-6101,1-60334,3,0.5787239961367554,9.451866965601589,9.615043122899559
manga-10845-6102,1-55480,5,,,10.11078311343778
manga-10845-6103,1-78558,2,0.9839004256971151,10.220518517678821,10.298510044745829
manga-10845-6104,1-78519,0,0.7029704482874131,10.377779547587478,10.470405271765792
manga-10845-9101,1-78213,0,0.9734223809054114,10.210821300091254,10.287062801043326
manga-10845-9102,1-60506,4,0.7848448876103369,10.528478048808985,10.64722418885269
manga-10846-12701,1-1813,-5,0.9811040683114527,11.362455416806892,11.423795195700546
manga-10846-12702,1-607814,-5,0.8703976489900711,11.041555632162982,11.1355989573064
manga-10846-12703,1-586486,-5,,,10.671868194044611
manga-10846-12704,1-1907,5,0.6003990517449225,8.989094023776303,9.159961758755145
manga-10846-12705,1-586481,4,0.5216580683922771,9.498551474291364,9.659817992798768
manga-10846-1901,1-1439,0,0.7325215699724481,9.26743792329177,9.429602430629428
manga-10846-1902,1-1437,-5,0.888528219184213,10.434596333460611,10.603677036710414
manga-10846-3701,1-607767,1,0.8903524720258069,9.63408073384005,9.764006118798262
manga-10846-3702,1-1923,-5,0.9421692375431618,10.054795533998465,10.168797644023265
manga-10846-3703,1-1851,0,0.7538988767266446,9.17287449114842,9.345292942311035
manga-10846-3704,1-1839,2,0.5824094472917025,9.094311949510839,9.277410447587922
manga-10846-6101,1-1655,-5,0.7301092839067138,10.856194221142076,11.077011746836689
manga-10846-6102,1-607739,1,0.8519892818928199,9.858398087964638,10.008542815556293
manga-10846-6103,1-1894,0,0.9828960277760679,10.109258131668678,10.193315785034828
manga-10846-6104,1-608172,2,0.8186432457882233,10.603620304429349,10.577415343491715
manga-10846-9101,1-586415,4,0.84753831942486,9.892667685305026,10.073250599775674
manga-10846-9102,1-607835,3,0.9925388482108524,11.157645827813974,11.13972825302624
manga-11004-12701,1-456655,7,0.23034784323104773,9.013013730909842,9.20082457092115
manga-11004-12702,1-522048,6,0.595611608599409,9.167255563627197,9.33523953509204
manga-11004-12703,1-457076,3,0.9285783040082229,10.20362602583135,10.247004618082872
manga-11004-12704,1-457246,2,,,10.669920102873874
manga-11004-12705,1-457074,3,0.9087977290993798,10.432953152066103,10.485188592266715
manga-11004-1901,1-457247,1,0.8227100209022886,9.571470248983783,9.810687414912303
manga-11004-1902,1-457327,11,0.8737991740709354,10.85680319846454,10.996800893880875
manga-11004-3701,1-591420,-5,,,10.592581051707997
manga-11004-3702,1-457248,5,0.32547108896276455,8.864567722197776,9.108427509201528
manga-11004-3703,1-457017,9,0.24857161630072255,9.671367580538973,9.906129888897723
manga-11004-3704,1-568566,-2,0.6267475785392378,9.303844927790575,9.535161709681857
manga-11004-6101,1-624320,-5,0.9113018219391193,10.143493845372365,10.32287417179165
manga-11004-6102,1-457376,9,0.522562882615258,8.639766183634235,8.855968215300104
manga-11004-6103,1-457072,-2,0.9979188533591383,9.561496960135578,9.651808924570075
manga-11004-6104,1-624911,3,,,10.011568498359605
manga-11004-9101,1-457085,6,0.3756804355381398,9.025863207444573,9.295778390544303
manga-11004-9102,1-457341,-2,0.9736104635872884,11.036116166939763,11.149691651252626
manga-11006-12701,1-456840,4,0.8294668283242927,9.309809921185344,9.524910064099041
manga-11006-12702,1-456575,1,1.0274315012077828,10.2352184833712,10.308493853649894
manga-11006-12703,1-575151,2,,,10.13143653681745
manga-11006-12704,1-456643,-2,1.2064448387243871,10.130932274667035,10.103822015653124
manga-11006-12705,1-456611,0,0.9583066688296888,9.14995095058105,9.162435861424392
manga-11006-1901,1-591128,-2,,,10.140682040221591
manga-11006-1902,1-456942,-2,0.6784041807467496,8.899508050372246,9.105972130519747
manga-11006-3701,1-456788,-2,0.6091935093891827,8.648871478925344,8.886463200182439
manga-11006-3702,1-455937,5,0.2927033405134196,9.273873325523663,9.48319537086508
manga-11006-3703,1-456919,3,0.8467614713684952,9.341123836646894,9.573938411432009
manga-11006-3704,1-456688,0,0.9097656220466845,9.181160212464144,9.360802086034653
manga-11006-6101,1-455637,8,0.7428050665213632,8.82422296694585,9.012425018609596
manga-11006-6102,1-591101,-2,1.0564207435987747,10.10391025509907,10.139955742052981
manga-11006-6103,1-456364,-2,,,11.043776252171991
manga-11006-6104,1-591232,3,0.9484280833664904,9.358829777606866,9.49754206920353
manga-11006-9101,1-591054,-5,,,11.056408329021796
manga-11006-9102,1-456901,3,0.6184636411579767,8.874283374398283,9.128671974301618
manga-11007-12701,1-456816,0,,,9.324537070689521
manga-11007-12702,1-456414,-5,1.3139259513550527,10.248985016379118,10.087077993925995
manga-11007-12703,1-456983,-2,0.9318216162367854,8.93499991376532,9.091198933418665
manga-11007-12704,1-456923,-5,0.8779274336376339,8.970439470643703,9.136148538600212
manga-11007-12705,1-456325,-5,0.6811063125932932,9.174504109636736,9.414123303869667
manga-11007-1901,1-456507,0,1.0062572074096217,9.82950581856929,9.9451730461739
manga-11007-1902,1-457126,-5,1.0404328709687718,10.272456285166069,10.325982135654169
manga-11007-3701,1-455640,0,1.0548509917001958,9.727850283717977,9.77442413357358
manga-11007-3702,1-456332,-2,0.7042309078767524,8.779327877055248,8.970196009418592
manga-11007-3703,1-404173,3,0.8236805878662921,8.966275870903461,9.142396036806968
manga-11007-3704,1-456698,2,0.9350032092929084,9.446588647510788,9.582024536159002
manga-11007-6101,1-456664,-5,0.5996699123367506,8.742832130041247,8.938040866755497
manga-11007-6102,1-456731,-2,1.013688968575586,9.189009961880679,9.26679678219532
manga-11007-6103,1-456746,-2,0.8787755903231549,9.003873058296458,9.2203801170983
manga-11007-6104,1-456880,-2,1.0306241541601153,9.884610075483725,9.958070112235493
manga-11007-9101,1-456837,1,0.8824855511972096,9.551530815370512,9.721619961769761
manga-11007-9102,1-456754,-5,0.8188023667279936,8.838252397602972,9.073857632087465
manga-11009-12701,1-521918,4,0.5001220921782661,8.974048314757145,9.105981963951473
manga-11009-12702,1-456296,-2,0.7518400314337654,8.756198602584139,8.92690573777211
manga-11009-12703,1-456645,1,0.7861350351158478,9.547629968932416,9.744038826934288
manga-11009-12704,1-623389,4,0.669085879517958,9.967724309647414,10.089795535358766
manga-11009-12705,1-521998,1,1.0815632617652042,10.83208711195702,10.818922337940638
manga-11009-1901,1-456684,-2,0.43276512593146776,8.635146207478083,8.927139858861523
manga-11009-1902,1-522006,11,0.3290708835165823,8.862851915613556,9.101564384461517
manga-11009-3701,1-456705,-2,0.8866792909749535,9.223386713521236,9.327198348585402
manga-11009-3702,1-457091,-5,0.9339896121342477,9.22360162118803,9.375651270679151
manga-11009-3703,1-456285,1,0.5943634769039612,9.292127604975008,9.485480255130023
manga-11009-3704,1-457110,6,0.37888159636777985,8.562608744927196,8.83347733074654
manga-11009-6101,1-521915,-5,1.007537067446691,10.77939677720415,10.849235275676286
manga-11009-6102,1-456751,4,0.3796651787553351,9.566036472179649,9.64887896085352
manga-11009-6103,1-456345,-2,0.9469793429326714,9.075181526068747,9.201886426835415
manga-11009-6104,1-457115,-5,1.0460294961525882,11.408407978839776,11.455954959619175
manga-11009-9101,1-456269,2,1.1596607491314614,10.790506309399381,10.750736204701045
manga-11009-9102,1-456675,-2,0.6061546524697334,9.250018291352065,9.478171743113366
manga-11010-12701,1-518572,-5,1.126855292005839,10.933843658900928,10.921497893528342
manga-11010-12702,1-568541,-5,1.1403139520315335,11.26207728138986,11.245704405977428
manga-11010-12703,1-522063,6,0.5158420529619221,9.241038149832796,9.309170338330484
manga-11010-12704,1-522240,5,0.469435927024378,9.003446043900656,9.128580800765057
manga-11010-12705,1-518536,4,0.6319968326432353,9.956239460023285,10.17776120721707
manga-11010-1901,1-522189,-5,1.0226736408450563,9.83431949733812,9.944611608858548
manga-11010-1902,1-522278,0,0.9875337715891348,9.697615481428574,9.823640715931903
manga-11010-3701,1-521847,1,1.1333794824150836,10.095248839624524,10.121768636128538
manga-11010-3702,1-522064,3,0.5654299863274055,9.533426814805242,9.696888139340164
manga-11010-3703,1-522231,0,0.8602393419051708,10.68102889423955,10.848682983118092
manga-11010-3704,1-522216,-5,0.921192310286024,11.118457866166414,11.16794651713251
manga-11010-6101,1-522145,-2,0.515983704148951,9.065499515691071,9.305293595838037
manga-11010-6102,1-522297,2,1.017399253708767,10.640170883369585,10.621159138233441
manga-11010-6103,1-522093,7,0.4520541963827931,9.227016307111242,9.46666713161733
manga-11010-6104,1-591528,3,,,10.426478842592735
manga-11010-9101,1-522062,6,0.4090215397874104,9.806645722057137,10.076145655952113
manga-11010-9102,1-522187,5,0.693493438561557,10.755914567757824,10.860034793150628
manga-11011-12701,1-576534,-5,,,10.823279750819493
manga-11011-12702,1-629834,-5,,,11.23385176675285
manga-11011-12703,1-197402,3,0.6105774673868041,10.016054026046337,10.220877128300545
manga-11011-12704,1-197384,-5,0.910138549048586,11.13788218081069,11.190279579705292
manga-11011-12705,1-197398,6,0.8305001904023541,9.679851362032721,9.768188629198784
manga-11011-1901,1-197406,-2,1.0688765148667159,10.003115459678078,10.055236895029113
manga-11011-1902,1-197677,1,49.056869652635946,17.586486993143282,10.17941970189823
manga-11011-3701,1-320614,-5,1.0121459277099945,11.140389338464624,11.167004530098014
manga-11011-3702,1-321127,1,0.9163950682224353,9.936547593275813,10.05325443160214
manga-11011-3703,1-321148,0,1.1552742346773606,10.55472299307901,10.532230426178737
manga-11011-3704,1-197647,1,1.0397840896522865,10.368402057608781,10.381378358510114
manga-11011-6101,1-197638,-5,1.0499832822066395,10.80768834065183,10.829821529141478
manga-11011-6102,1-321149,3,0.5929737757555742,8.927919746066886,9.129729099360079
manga-11011-6103,1-197366,-5,0.8839923315406821,10.907530059620925,11.073447243998976
manga-11011-6104,1-197639,4,0.428478313858097,9.145799505052723,9.350242996775185
manga-11011-9101,1-321057,3,0.908813584233723,10.602910572256663,10.759212125172812
manga-11011-9102,1-197650,-5,0.9106206854260677,11.269650573283677,11.382820950238793
manga-11012-12701,1-244998,2,0.9723389944920235,10.728385907293742,10.75524604512543
manga-11012-12702,1-245497,3,0.9330361698282914,10.87286800935818,10.894415955544538
manga-11012-12703,1-245560,4,49.09454400463593,16.919334034343272,9.731892423418225
manga-11012-12704,1-576748,-2,,,10.864194262802226
manga-11012-12705,1-245524,4,1.1010819779405345,10.944613176659965,10.905099371983216
manga-11012-1901,1-245238,1,0.9786489184902507,9.733674629266249,9.860673332130705
manga-11012-1902,1-245270,1,1.1180383442473527,9.808475347635522,9.826622575632449
manga-11012-3701,1-245531,-5,1.096088897207835,11.143593042639521,11.15466634344202
manga-11012-3702,1-245235,2,0.7890691839062001,9.791861912695415,9.838359320735172
manga-11012-3703,1-245299,-5,1.045189462436639,10.911425138144827,10.971803919180003
manga-11012-3704,1-245069,1,0.9826639159753903,9.96193086958551,9.988207009026047
manga-11012-6101,1-245002,4,0.637227933046205,9.46951627063531,9.657738994287998
manga-11012-6102,1-245268,3,1.0236438420144118,9.931482580665717,9.850570230061084
manga-11012-6103,1-244967,0,0.8466716730237209,9.619796542079767,9.736790694590335
manga-11012-6104,1-245301,1,1.0641086075818258,10.52284031456476,10.556305396054182
manga-11012-9101,1-245118,1,1.128200200398485,10.775615801889403,10.772646719055064
manga-11012-9102,1-245331,3,0.7183503675634384,10.48274429377375,10.627217085254134
manga-11013-12701,1-244489,7,,,8.909516769812832
manga-11013-12702,1-244372,5,0.7582367924066951,10.657073580495315,10.761521492876652
manga-11013-12703,1-244634,5,0.5955566052005175,9.20041721166499,9.422572113184327
manga-11013-12704,1-244874,6,0.570087143153728,9.439254754428665,9.68047722986486
manga-11013-12705,1-245195,7,0.4438685545372074,9.25657583856451,9.413436319002654
manga-11013-1901,1-244631,-2,0.981157321121394,10.44777838641862,10.549924020105973
manga-11013-1902,1-245176,1,0.8002937254305102,9.830046409592093,9.919639669569948
manga-11013-3701,1-627475,5,0.4408532041701747,9.750427415168106,9.976319664465617
manga-11013-3702,1-627026,3,49.464835570785944,17.99146444410828,10.671701887358358
manga-11013-3703,1-244673,7,0.22332231762593935,9.267733101954269,9.413813604284858
manga-11013-3704,1-244785,5,0.5566642789159779,9.367846072091934,9.58254084699911
manga-11013-6101,1-244377,2,0.8138900927904942,10.540867315107116,10.582022478187394
manga-11013-6102,1-244424,9,0.2469425227989781,8.743999688288358,8.900958982676778
manga-11013-6103,1-244660,4,0.6983533905655506,9.117523409246424,9.288873226340149
manga-11013-6104,1-244376,1,0.8916267524301205,10.559143558740729,10.708247572704641
manga-11013-9101,1-244450,-2,1.1378570549816196,11.818679110760403,11.75396030992136
manga-11013-9102,1-244652,3,0.4298891071347306,9.256001129846974,9.411450449635758
manga-11014-12701,1-456001,3,1.0670825640506862,10.576784819986981,10.504152548701436
manga-11014-12702,1-456378,1,0.6956508587587571,9.342741465228203,9.54566232550895
manga-11014-12703,1-623147,1,0.6148662145291865,9.099827512899346,9.36491819879943
manga-11014-12704,1-623501,-2,0.7314761151377844,9.0420058003342,9.315587011106407
manga-11014-12705,1-456339,0,0.8279081185591082,9.557265571862576,9.720560877310442
manga-11014-1901,1-456388,-2,0.9064229633852356,9.056042842741897,9.187815602539315
manga-11014-1902,1-456921,1,0.9367116455324407,9.616331999396817,9.7380039991105
manga-11014-3701,1-456359,1,0.7837919689963257,8.62203911626345,8.76298693082002
manga-11014-3702,1-456775,0,0.9807853393498895,9.633771143864513,9.766769238762883
manga-11014-3703,1-456734,-2,0.6044316358609017,9.180602311966938,9.431781724220603
manga-11014-3704,1-456718,7,0.26787722903505085,9.221624287473519,9.383907186226303
manga-11014-6101,1-456781,-5,0.5700950223078323,10.320120376249521,10.763430561883055
manga-11014-6102,1-456829,0,1.0890667430524452,10.147525956719768,10.174441778120471
manga-11014-6103,1-456578,-2,0.8036849641096211,9.32096479213929,9.504184255922636
manga-11014-6104,1-456912,1,0.9242511094189076,10.174681670640593,10.365278799263463
manga-11014-9101,1-455722,3,,,9.948783083193243
manga-11014-9102,1-456917,-5,0.9070557965055883,8.95461188104368,9.119083259217309
manga-11015-12701,1-457162,0,0.9020961835078616,9.26983508812145,9.439468567264873
manga-11015-12702,1-456879,3,49.62477464211595,17.472907464611293,10.113234205498395
manga-11015-12703,1-404401,0,0.9803839611613867,9.619547326852132,9.725095175385281
manga-11015-12704,1-457182,-2,0.6739159792792933,8.741611273732062,8.956352899189634
manga-11015-12705,1-624081,-2,1.127285546804245,9.872587302485027,9.85675713370646
manga-11015-1901,1-456509,1,1.0381548377508203,9.639546550841931,9.71755528320436
manga-11015-1902,1-456628,-2,0.9734358865174926,9.993543313341695,10.090222101315177
manga-11015-3701,1-456845,-2,0.9690882095044522,9.346972419054794,9.423774195363158
manga-11015-3702,1-456492,-2,1.0823948843526736,9.524583646190747,9.513095620792845
manga-11015-3703,1-404136,9,0.5086957470490603,8.566381632114092,8.794500273654325
manga-11015-3704,1-457187,-2,0.8657041119338942,8.813491522588603,8.9953108002621
manga-11015-6101,1-456563,-2,1.051828923366152,9.19100914224888,9.278034797648075
manga-11015-6102,1-456847,0,1.4552714063766885,10.282729550467149,10.03992331342262
manga-11015-6103,1-403702,-2,0.9531340629159786,9.418603322491935,9.54535593782488
manga-11015-6104,1-404186,0,0.8861364972226689,9.340003338307744,9.48862124132579
manga-11015-9101,1-456587,-5,0.7574807401732464,8.724539059662435,8.996535706536557
manga-11015-9102,1-456940,-2,0.9811840257389086,9.752420385152593,9.854918663247034
manga-11016-12701,1-196890,6,0.37356062049113703,9.188162637781996,9.413272934249779
manga-11016-12702,1-196874,5,0.9089386229118865,11.194649148666572,11.31511453010306
manga-11016-12703,1-197191,2,0.9914589386101653,10.841874387047046,10.87462130297739
manga-11016-12704,1-196804,5,0.568132339200023,9.423794735706036,9.653539559113428
manga-11016-3701,1-196843,-5,1.0177360644783455,10.755004707707396,10.826291798491528
manga-11016-3703,1-196806,0,0.9791954423347065,10.855130282415047,10.925999455279802
manga-11016-6102,1-320459,-5,1.0356214709161442,11.080736894423392,11.144819553592463
manga-11016-6103,1-320455,-5,1.0751155129161631,11.167654455684367,11.163917778266557
manga-11016-9101,1-320267,3,0.8553651070130996,9.8688426591658,9.92076218775538
manga-11016-9102,1-196844,4,,,9.64354663185565
manga-11017-12701,1-319408,2,0.9713331256250335,10.404690093581545,10.465052677038752
manga-11017-12702,1-319380,-5,1.003010800011456,11.496020347676897,11.564326779717163
manga-11017-12704,1-319668,5,0.8963678859903617,10.144466803813486,10.259873619661262
manga-11017-12705,1-319363,6,0.4830191724429085,9.506031025975789,9.681955245494882
manga-11017-1901,1-319663,-2,0.8715697142518231,9.30365555666176,9.450994776695904
manga-11017-3701,1-576479,3,,,11.038574425511419
manga-11017-3702,1-319400,-5,0.7751999042149258,10.955460413853306,11.192812573768162
manga-11017-3703,1-319957,-5,1.083878556767992,10.899608500566972,10.938252011206645
manga-11017-3704,1-319646,1,1.2244277709497062,10.1900459493286,10.044126003695785
manga-11017-6101,1-319381,3,0.6613056057939488,9.789127278065502,9.880537927819576
manga-11017-6102,1-319706,-5,1.1015908683067153,10.284888331182076,10.29796820078062
manga-11017-6103,1-625718,5,0.44908120769827775,9.793307418714207,9.951226842185651
manga-11017-6104,1-319661,1,0.9250751809381441,10.670641973384578,10.75853439154211
manga-11017-9102,1-319390,2,,,10.51856115696562
manga-11018-12701,1-233925,6,,,10.019760148025709
manga-11018-12702,1-623940,5,,,10.564163791031632
manga-11018-12703,1-152139,8,0.5348881123637703,8.589138314777623,8.691252275138483
manga-11018-12704,1-233951,5,0.41017269646312116,9.720135244466741,9.964059082256046
manga-11018-12705,1-576557,-5,,,10.977739971025171
manga-11018-1901,1-576554,-2,,,9.774171042001344
manga-11018-1902,1-151780,-5,0.6267271696134245,9.054608965064148,9.223954861632825
manga-11018-3701,1-233399,2,0.9868615155827918,10.101297125431241,10.147473410319488
manga-11018-3702,1-576551,6,,,9.837558390077819
manga-11018-3703,1-152106,2,0.5189870797192704,9.740737237875082,9.92969458965763
manga-11018-3704,1-234172,-5,1.109112716400734,10.948107529406192,10.947816281483135
manga-11018-6101,1-234176,4,1.0989740724956683,10.39756751249256,10.283971447444673
manga-11018-6102,1-576550,3,,,10.832054057685918
manga-11018-6103,1-233861,-5,0.9548893935297045,10.999028907206599,11.018839916429814
manga-11018-6104,1-152133,3,0.5161811992631655,8.521243950450469,8.724945657699793
manga-11018-9101,1-233665,2,1.031521830110023,10.660748102387036,10.695681143460186
manga-11018-9102,1-591323,6,0.43464946330025,9.177684892037247,9.372736409453374
manga-11019-12701,1-151896,2,0.8938025587292877,11.059197508127058,11.034443210376477
manga-11019-12702,1-622991,5,0.2359554723211872,9.988767610441176,10.251052026233793
manga-11019-12703,1-152053,4,0.8214763544694144,10.415434903644202,10.433125400494138
manga-11019-12704,1-152000,2,0.9140814991803801,10.365674011503463,10.465210185072145
manga-11019-12705,1-623253,4,0.925625427810413,10.763652183429468,10.874278167603315
manga-11019-1901,1-151874,-2,1.0713154797161621,10.131777540764368,10.14094654700345
manga-11019-1902,1-152047,1,0.9624563708302531,10.30727584196025,10.461695475334844
manga-11019-3701,1-151970,4,0.8669186294340534,10.36398867020416,10.48924313184
manga-11019-3702,1-152034,-5,0.9811435774787647,10.006622087076584,10.09558589989126
manga-11019-3703,1-152056,-2,0.954676040657457,10.426559825903292,10.508529449641292
manga-11019-3704,1-152247,-5,1.0089858455990992,9.371608165926567,9.419954377900448
manga-11019-6101,1-233546,4,0.4793741272126901,9.958000196150854,10.08096434046473
manga-11019-6102,1-151832,-5,1.017685585106321,10.982712172778925,10.998185031083455
manga-11019-6103,1-151879,-2,1.0714478087895678,11.013991978293074,10.97121640757312
manga-11019-6104,1-152235,5,0.6159733717039586,9.458380869655006,9.69723655477888
manga-11019-9101,1-151950,-2,1.066080258473292,10.86139417461328,10.939943156695248
manga-11019-9102,1-152019,2,0.878658108046718,9.540785516680295,9.58158080065949
manga-11020-12701,1-591845,10,,,7.221066898150082
manga-11020-12702,1-244519,-2,,,11.656243479414972
manga-11020-12703,1-627142,-5,0.9908267638711763,10.82668828731336,10.87267257213478
manga-11020-12704,1-244469,-5,1.077759913452681,11.185764309511466,11.238718763482835
manga-11020-12705,1-244527,2,,,11.249629501718298
manga-11020-1901,1-244115,1,,,9.869849287348176
manga-11020-1902,1-591992,11,,,10.666466255248267
manga-11020-3701,1-196444,1,0.9502363099876412,10.983989957559189,11.099847974500202
manga-11020-3702,1-244590,3,0.8364381909364837,10.248051764356651,10.219037332065625
manga-11020-3703,1-244629,3,0.8807719860206724,10.408501885897973,10.587507281405617
manga-11020-3704,1-244421,3,0.17150128849489477,9.126236469388537,9.260949802187108
manga-11020-6101,1-196234,5,,,8.995092294380722
manga-11020-6102,1-244163,6,,,8.95919694687848
manga-11020-6103,1-591997,3,,,10.263312605860046
manga-11020-6104,1-244439,-5,0.9799051328516235,11.151558704892718,11.274730301618812
manga-11020-9101,1-196222,-5,,,11.418607062892425
manga-11020-9102,1-196497,1,1.3195193416713806,11.126719519293125,10.98523587264792
manga-11021-12701,1-195230,7,,,9.239605755223094
manga-11021-12702,1-195861,7,,,8.696016457438168
manga-11021-12703,1-196110,4,,,9.638705182406659
manga-11021-12704,1-195917,4,,,9.375040489432337
manga-11021-12705,1-195612,-5,,,10.948719924991499
manga-11021-1901,1-195854,-2,,,10.488539351372763
manga-11021-1902,1-547738,2,,,10.966795405425296
manga-11021-3701,1-195671,-5,1.0843832321319624,11.104788545588821,11.122492231058054
manga-11021-3702,1-195690,1,,,10.168455112700096
manga-11021-3703,1-196091,1,,,10.428379744809108
manga-11021-3704,1-195684,-2,1.037816236593649,10.660717204512414,10.711715266935837
manga-11021-6101,1-195623,0,1.1438997591137294,10.839265653195145,10.818591589803688
manga-11021-6102,1-195845,2,,,10.60548244560272
manga-11021-6103,1-195843,6,,,9.33836141653443
manga-11021-6104,1-195619,-5,,,10.819141935026472
manga-11021-9101,1-195704,1,1.0435848820842466,10.384339774333029,10.447800172616514
manga-11021-9102,1-243840,5,,,8.911476604748321
manga-11022-12701,1-368219,5,0.4741440637767127,8.720497742559076,8.957044130070155
manga-11022-12702,1-82900,7,0.24831501203471618,8.479927707815534,8.560047036182118
manga-11022-12703,1-83138,5,0.5693744870779618,9.673512938775202,9.897738212481341
manga-11022-12704,1-368603,4,0.74515379683152,9.99470901609287,10.024523512884983
manga-11022-12705,1-83165,-5,1.1455469364901205,11.001377946486729,10.938594419405044
manga-11022-1901,1-83094,-2,0.9645947857673569,10.414268041067526,10.531571973824649
manga-11022-1902,1-83031,-2,0.610434627290509,9.37464614731809,9.57187557818932
manga-11022-3701,1-559761,-2,0.9868812399513835,10.31853737804113,10.411349450325208
manga-11022-3702,1-368248,5,0.6371471153939829,9.904285716459576,10.021518865545575
manga-11022-3703,1-368625,0,0.7719845331447353,9.693839681937977,9.836419320853855
manga-11022-3704,1-82660,-2,0.9228592289236488,9.815864288115412,9.936665869697135
manga-11022-6101,1-630938,5,0.5999593144515316,9.172194017531254,9.387806691301492
manga-11022-6102,1-83113,0,0.9077700524937242,9.832682172222661,9.957642048380455
manga-11022-6103,1-368442,0,1.1115732325772605,10.540193141596834,10.507233278566014
manga-11022-6104,1-83151,3,0.858545943711853,10.431401867703816,10.452368751520142
manga-11022-9101,1-368606,3,0.2887212618542563,8.795653295525554,9.021157056678007
manga-11022-9102,1-83141,-5,0.8729472934121603,10.689824735975748,10.821456254090513
manga-11024-12701,1-10425,-5,0.8764147237285798,10.953835145668204,11.058124685084968
manga-11024-12702,1-641190,-5,0.9300372516115054,11.10708972917486,11.151593560016689
manga-11024-12703,1-159169,5,0.427556134403293,8.88998725697628,9.111665863854148
manga-11024-12704,1-159391,1,0.9928502108640949,9.881015332224637,9.87829588064314
manga-11024-12705,1-641270,-5,0.9346806449607641,11.194212363454124,11.241001402911577
manga-11024-1901,1-159382,-5,0.7587248594285647,8.82437784427723,9.00307173350136
manga-11024-3701,1-158995,-2,1.0532732001322742,11.228208018325361,11.223761161193572
manga-11024-3702,1-159437,3,0.5649804635721374,8.702370075919356,8.891098983650178
manga-11024-3703,1-10808,4,,,8.66474965219765
manga-11024-3704,1-159289,9,0.5769141314690458,8.6546584936056,8.872104037680163
manga-11024-6101,1-158882,5,0.3084717150949494,8.567300398613234,8.80737365972259
manga-11024-6102,1-159278,4,0.7433094945448921,8.852170673443535,9.018084716122086
manga-11024-6103,1-641156,1,0.6640075113015094,10.630217336553864,10.810708972052698
manga-11024-6104,1-10856,2,,,10.534967656088115
manga-11024-9101,1-159388,2,0.7302715969360243,9.459717076881414,9.631196719140005
manga-11024-9102,1-159265,6,0.6296041770402496,9.219345504271246,9.444534741063693
manga-11025-12701,1-23485,5,0.7497579044310605,11.017389822524924,11.07300236568645
manga-11025-12702,1-24094,-5,1.0340114807550513,10.949601608319117,10.958744395630388
manga-11025-12703,1-25648,4,0.5311123506282556,8.92988764743071,9.165473257411914
manga-11025-12705,1-23958,-5,1.2212701836198114,10.874023254011147,10.81418844239379
manga-11025-1901,1-24156,1,1.0166574249813394,9.958905003545814,10.02889010620617
manga-11025-1902,1-23944,0,0.21570634278586098,10.482341981422449,10.81878017604775
manga-11025-3701,1-23459,3,49.22479029630595,17.458498499140283,10.153206090348625
manga-11025-3702,1-24041,-5,0.9528088785272573,10.81029414674183,10.921987828489243
manga-11025-3703,1-24091,1,1.0008132662355216,10.33222118149692,10.407465263598025
manga-11025-3704,1-24139,0,0.9683144265652004,10.048145313637015,10.125472514659945
manga-11025-6101,1-24055,1,0.507849311167412,9.179359504195478,9.37653370793159
manga-11025-6102,1-23938,1,0.9939964588342107,10.08465398327561,10.17076719811692
manga-11025-6103,1-23393,-2,0.9953526367724415,11.047732883171763,11.107186676588709
manga-11025-6104,1-23647,11,1.1324271322618849,11.19915916515157,11.144648700625162
manga-11025-9101,1-24056,8,0.2704475445236767,9.097388367427342,9.298264437799665
manga-11025-9102,1-25690,8,,,9.577359986396587
manga-11742-12701,1-122388,3,0.6832713674139868,10.480366961441579,10.58719357718819
manga-11742-12702,1-122203,7,0.415117353335976,9.275306143822988,9.475705974064523
manga-11742-12703,1-154037,-5,1.0359899239273531,10.320379147123523,10.369011041129088
manga-11742-12704,1-122206,5,0.5113221277322104,10.30690266385982,10.479233627733713
manga-11742-12705,1-154047,-2,0.9688821329806743,10.404717034833972,10.494478996597321
manga-11742-1901,1-122258,-5,0.9307611939511666,9.63719362951087,9.71979094823848
manga-11742-1902,1-154041,-5,0.6290470517458111,9.17047008157757,9.352832488813409
manga-11742-3701,1-153995,-2,1.307396771622745,10.832817990367992,10.652853251938463
manga-11742-3702,1-122341,4,0.5271794448174347,9.159683603167831,9.415469346295867
manga-11742-3703,1-584896,-2,,,10.6831806848647
manga-11742-3704,1-154049,0,0.8539259361843534,10.79524646107062,10.936635920879892
manga-11742-6101,1-154024,-5,1.044876071722534,11.125277234367505,11.156779411725582
manga-11742-6102,1-153993,5,0.7698343748431604,9.067535365428464,9.232509173721143
manga-11742-6103,1-122595,-5,0.9907008002607647,11.201547590684125,11.245492605906819
manga-11742-6104,1-122197,1,0.9916153222981485,10.71024396376058,10.726914249443732
manga-11742-9101,1-122400,0,1.0689914224189536,11.087208168548074,11.01933134802748
manga-11742-9102,1-154031,3,0.7172648814313618,9.384405857226849,9.515612354153465
manga-11743-12701,1-458686,5,0.35033716414087834,9.49234284765191,9.610951617375157
manga-11743-12702,1-458614,6,0.37050164470877434,9.791309928234181,9.969804599681828
manga-11743-12703,1-412000,5,0.9823610530347047,10.891471117785043,10.944355622432285
manga-11743-12704,1-458678,3,0.9436017844372913,10.191676617674768,10.239881069168911
manga-11743-12705,1-604873,5,0.5093000838795554,9.967844985985211,10.140548799442877
manga-11743-1901,1-458664,1,0.6246990571311812,10.036878334378063,10.11849748920612
manga-11743-1902,1-604888,-2,0.9359868178208224,10.657889778078935,10.795133731099176
manga-11743-3701,1-557063,4,0.3757985156582606,9.09298992769466,9.363880445052269
manga-11743-3702,1-458599,-5,1.0715799907314505,10.916649056828891,10.95489457126888
manga-11743-3703,1-458712,-2,0.8117407965529253,10.218614488271871,10.339937598793828
manga-11743-3704,1-458609,-2,0.9311109673329696,10.049853138709134,10.17754305036866
manga-11743-6101,1-584667,2,,,10.185169572689219
manga-11743-6102,1-458604,2,49.58166838933593,17.610345251113273,10.193996626356782
manga-11743-6103,1-458654,1,1.024392812460448,10.335956567344708,10.418251328004303
manga-11743-6104,1-458714,3,0.7592808387410095,10.181180769762996,10.280740130866832
manga-11743-9101,1-458697,0,0.8546411277094492,10.104386776216046,10.163252728280273
manga-11743-9102,1-458706,1,0.8627996627457755,10.711231031809385,10.68737396979913
manga-11744-12701,1-459619,5,0.9563827151083508,10.672652415778263,10.57218985209855
manga-11744-12702,1-459618,-5,0.8847462179307044,9.86841422695596,9.96199981507959
manga-11744-12703,1-411968,-5,,,10.875844805120025
manga-11744-12704,1-412279,2,,,9.362549310243212
manga-11744-12705,1-459215,3,0.9259328116484333,10.921647012430192,10.910363963536364
manga-11744-1901,1-459081,6,,,8.749427563111333
manga-11744-1902,1-459105,-2,,,9.026148193737031
manga-11744-3701,1-556947,-5,1.0292432179850195,10.809707163001995,10.887944473090874
manga-11744-3703,1-412207,1,0.9178245362224757,10.185147557243754,10.207827266530366
manga-11744-3704,1-459273,2,1.2469866062824373,10.503740376421813,10.372339811264823
manga-11744-6101,1-459622,-5,1.2964557627043867,10.965126874485035,10.813242527304045
manga-11744-6102,1-584723,1,,,10.74149401261785
manga-11744-6103,1-459283,3,0.8341267355779536,10.132428381394714,10.220588241164009
manga-11744-6104,1-459409,-5,0.9752928934643883,10.987786249201037,11.079074106861047
manga-11744-9101,1-459133,-2,,,9.283696867142398
manga-11744-9102,1-459275,4,0.7701264464253335,10.194391268576647,10.211133147901364
manga-11745-12701,1-123194,-5,1.0334078597840488,11.993370771789156,11.9477299802336
manga-11745-12702,1-605270,4,0.8652088097025512,10.26035018483163,10.271066035536345
manga-11745-12703,1-123195,5,0.5792676777492431,9.721112620401579,9.94231750785241
manga-11745-12704,1-123252,5,0.5333751252680976,9.655945629448313,9.84003851624139
manga-11745-12705,1-585221,3,0.9905491345434179,10.844399339796661,10.891626425965098
manga-11745-1901,1-123328,-5,1.1611876781890658,11.209454001488098,11.143241730121726
manga-11745-1902,1-123021,3,0.8369588691518786,10.357324176189728,10.452397976326374
manga-11745-3701,1-123109,5,,,9.617971402953597
manga-11745-3702,1-123255,-5,1.2004162683209003,11.538043397629417,11.413068923014535
manga-11745-3703,1-123263,-5,0.5467781759773018,9.18633962774431,9.414693388368594
manga-11745-3704,1-123273,3,1.1543011562206864,10.157611959333982,10.023149698754331
manga-11745-6101,1-123217,2,0.8734796001037246,10.36413177850777,10.4522683730116
manga-11745-6102,1-123041,-5,0.9644765276137299,11.087215984545146,11.182344337833152
manga-11745-6103,1-123264,3,0.7824337499432943,9.502880710555846,9.529478940269382
manga-11745-6104,1-123312,4,0.9321035785781184,10.527129479396185,10.552904228126161
manga-11745-9101,1-123178,6,0.4860873629307605,9.61515516879393,9.820488439213108
manga-11745-9102,1-123075,-5,0.7920541991536751,11.261293801960342,11.479290154145604
manga-11746-12701,1-605268,2,0.3543699985792408,9.700225994224095,10.182591473017276
manga-11746-12702,1-218748,5,0.3544012200079756,9.163842008499175,9.354052842051868
manga-11746-12703,1-556472,4,0.7473265420874924,10.636475715628691,10.771477004654074
manga-11746-12704,1-218981,3,0.8587016583684921,10.698236017886055,10.712975132199281
manga-11746-12705,1-605305,5,0.45408163482857944,9.268270234678205,9.510574230272077
manga-11746-1901,1-218628,-5,0.997733495171861,9.859546192789823,9.801186734994138
manga-11746-1902,1-218765,-5,0.6648872113994635,9.187131344176947,9.398959056763143
manga-11746-3701,1-218839,3,0.6819223647564314,10.156020828687165,10.210832385043933
manga-11746-3702,1-585026,2,,,10.11903376808043
manga-11746-3703,1-218728,5,0.9436592937792874,10.326600046882058,10.217424718200872
manga-11746-3704,1-218723,3,0.7229956740933865,10.025312211813821,10.097366234168948
manga-11746-6101,1-218690,2,1.0272201280958484,10.691740516250416,10.681403343724195
manga-11746-6102,1-218764,-5,1.156094459885363,10.812493823540935,10.744999353703028
manga-11746-6103,1-218808,-5,0.9742551368584813,10.9634095496754,11.060796168598163
manga-11746-6104,1-585075,0,,,10.695187815402626
manga-11746-9101,1-218669,1,0.8132045007458082,9.703376043477569,9.80881224685676
manga-11746-9102,1-218707,3,0.9091722930561765,10.392800843213914,10.387524632492358
manga-11747-12701,1-299567,7,0.45745140461146505,8.918403026267384,9.167486440317946
manga-11747-12702,1-230571,4,0.5958854597644141,10.098847745190717,10.251058652942428
manga-11747-12703,1-230867,1,49.52741454803593,18.44836768128327,11.047704781338027
manga-11747-12704,1-605382,-5,0.9655983898923068,11.58778320725376,11.630896111334456
manga-11747-12705,1-299056,5,0.7008813298207741,9.67795063322212,9.706487775737548
manga-11747-1901,1-299496,1,0.7219594873027901,8.93911607368324,9.101466822370892
manga-11747-1902,1-299084,-5,1.026531556476833,10.870790720770168,10.929417035251845
manga-11747-3701,1-585149,1,,,10.073010294929535
manga-11747-3702,1-230593,-5,0.9727274474840506,11.043319301859157,11.046654376457633
manga-11747-3703,1-299400,4,0.43616424804489284,8.964662204293536,9.209567448414687
manga-11747-3704,1-230557,-2,0.9484293347501911,10.294436330472973,10.401977286762207
manga-11747-6101,1-299337,5,0.4596595429791748,9.4079324027877,9.64397071759965
manga-11747-6102,1-299565,6,0.49278382062470527,8.671718553054045,8.908514399783071
manga-11747-6103,1-230825,-2,1.096026312261884,11.28645281915157,11.237831840178384
manga-11747-6104,1-299614,-5,1.0054269965462659,11.148122276717254,11.198412356292428
manga-11747-9101,1-230917,0,0.9240235704450228,10.27162458031848,10.367987574276352
manga-11747-9102,1-585263,7,,,9.648131775626057
manga-11748-12701,1-387154,3,1.0075540287818292,10.290109414284766,10.353442574433373
manga-11748-12702,1-585501,7,,,9.039750081564314
manga-11748-12703,1-605714,6,0.5078003420791468,9.552099559136158,9.766253824576822
manga-11748-12704,1-387502,5,0.7559582082984662,9.39468782702218,9.536535755142204
manga-11748-12705,1-605722,1,0.6067575724031506,10.599446795197727,10.75184182054554
manga-11748-1901,1-386964,-2,0.8279852162208243,8.911039583518933,9.11079556422171
manga-11748-1902,1-386961,-2,0.9281082519501105,9.14290301484224,9.279721866054114
manga-11748-3701,1-386944,-5,0.7961671799698493,9.512737245920611,9.610027367406653
manga-11748-3702,1-386963,1,0.8619695490474406,9.547523869060837,9.679190932513729
manga-11748-3703,1-605719,1,0.9261826690650565,9.412326263340121,9.50543811853191
manga-11748-3704,1-605740,2,0.9685751570934293,10.146300499132153,10.238542521654
manga-11748-6101,1-605691,3,0.749278455155121,9.299707570485392,9.46018722779195
manga-11748-6102,1-386962,-5,0.9893983133098878,11.03323688490051,11.151624620855207
manga-11748-6103,1-605717,1,0.9605631092389793,10.06142440449236,10.18719233777155
manga-11748-6104,1-567448,-5,,,11.473812678245649
manga-11748-9101,1-386744,0,0.8484169210758417,8.869613447237931,9.027669481383157
manga-11748-9102,1-605721,7,0.483936158648099,8.883216309972205,9.090748905696994
manga-11749-12701,1-605697,5,0.5709936864651546,10.420227603362452,10.603442503862023
manga-11749-12702,1-300623,7,,,9.141172206606571
manga-11749-12703,1-300734,0,0.9439749797935804,10.126782063342652,10.258858060792372
manga-11749-12704,1-605792,3,0.7356524591155669,10.8423480583124,10.896517895269366
manga-11749-12705,1-567443,-5,1.2979486997650511,11.542429081716518,11.323180502733342
manga-11749-1901,1-300599,0,0.7258247072218644,8.998260847444827,9.19834483243986
manga-11749-1902,1-300607,-5,0.8108630560219474,9.339891177730971,9.494728860940818
manga-11749-3701,1-387439,4,0.599351476391007,9.934777039377995,10.099946590924631
manga-11749-3702,1-387445,-5,1.0233571314047154,10.970691842682534,11.020215098062913
manga-11749-3703,1-387437,1,1.1550766016018237,10.27658508254676,10.21653374833111
manga-11749-3704,1-387482,3,0.8344620569364629,9.412754393061562,9.447972608298992
manga-11749-6101,1-387356,1,0.8967502621178376,11.039168952590169,11.143796388992467
manga-11749-6102,1-605750,-5,0.7916071402976428,9.374548311180192,9.581306041489427
manga-11749-6103,1-605788,3,0.6870738652918966,9.571211434479743,9.743898730890571
manga-11749-6104,1-387483,3,0.9657270352874896,11.00890997974869,11.020256799050786
manga-11749-9101,1-300653,-5,1.1852594244479278,9.686616325765211,9.605695799992102
manga-11749-9102,1-300703,2,0.8109301169368948,9.572364335791598,9.693506932717728
manga-11750-12701,1-399279,5,0.633183546023723,9.733899008379769,9.941144214116033
manga-11750-12702,1-397286,5,0.5639639116018245,9.20727188354676,9.408877773908282
manga-11750-12703,1-283565,7,0.262709431980511,8.412383090562985,8.550128551727088
manga-11750-12704,1-282996,5,0.4334799683157051,8.993013630942405,9.236771676927571
manga-11750-12705,1-397155,6,0.5289429121272597,9.032029042901833,9.163728331739389
manga-11750-1902,1-397474,-2,0.9574260029454962,9.38612313280599,9.352646328487442
manga-11750-3701,1-397146,0,1.0204267446444533,9.822063337628798,9.911323994245818
manga-11750-3702,1-397462,3,0.3079605088957038,8.636477346620405,8.852146947529944
manga-11750-3703,1-283580,3,1.0165469715303388,9.571861060115097,9.583464893390722
manga-11750-3704,1-401259,-5,1.0017086209264967,10.890587349693817,10.943541158013742
manga-11750-6101,1-397168,2,0.8366750057759376,10.422140140319268,10.529064772020538
manga-11750-6102,1-397404,5,0.7521578935126207,9.094154214092764,9.26126220247716
manga-11750-6103,1-590350,5,,,9.863274805454665
manga-11750-6104,1-397451,1,1.0812249977889081,10.497705915807593,10.503155154497216
manga-11750-9101,1-397456,3,0.8688204187542645,10.447821152089702,10.379804660391247
manga-11750-9102,1-397475,4,0.5166622284266396,9.209017472053826,9.39932948890373
manga-11751-12701,1-389362,9,,,9.647310151214556
manga-11751-12702,1-301272,6,48.733313783635936,16.400615666443276,8.959909971180846
manga-11751-12703,1-301541,7,0.7542297029594316,8.68993968893007,8.862065454611551
manga-11751-12704,1-301330,-2,0.9890660809749221,10.846405185548,10.908980389575113
manga-11751-12705,1-389410,5,0.5961924032022736,9.63655144886236,9.844857827358611
manga-11751-1901,1-301090,2,0.46507064882187876,10.055390112717085,10.084960538929728
manga-11751-1902,1-301108,1,0.9818072496853638,9.637209529520934,9.73361474168661
manga-11751-3701,1-301265,3,0.38660223984372166,9.118398467741768,9.337578012115001
manga-11751-3702,1-585658,2,0.09532529429826653,8.957541588518664,9.007820151539564
manga-11751-3703,1-301495,-2,1.0521494481673486,10.26783513410752,10.33835157291612
manga-11751-3704,1-301107,-5,1.267636279439234,10.76599879965009,10.602276465739395
manga-11751-6101,1-567397,2,,,10.738876362155434
manga-11751-6102,1-301470,1,0.9516528834389177,10.732564552987192,10.744281292227377
manga-11751-6103,1-301561,5,0.5819912891958623,9.02935936499091,9.238781671763364
manga-11751-6104,1-301388,1,1.0309438873768393,9.694366633960174,9.767411690391448
manga-11751-9101,1-389374,4,0.5573477381879535,9.263643604945713,9.472819395521123
manga-11751-9102,1-389400,3,0.6254613263621636,9.462800462820748,9.637788629375818
manga-11752-12701,1-54815,7,0.17813095509823285,8.585096030446728,8.771084532482686
manga-11752-12702,1-54809,4,0.9785613707524945,10.615527192761839,10.533584374158009
manga-11752-12703,1-54623,4,0.6452434833935783,9.42270565650265,9.640734486356763
manga-11752-12704,1-54940,4,0.6007758549752857,9.844164225618382,10.011421184725906
manga-11752-12705,1-54839,8,,,8.67936026678953
manga-11752-1901,1-54632,0,0.6558135446729061,9.116715087868785,9.329767899250916
manga-11752-1902,1-54829,-2,1.0056272302542055,10.184018218797606,10.23908535797032
manga-11752-3701,1-54482,11,0.5095581024745748,10.832809183109525,11.181784096955111
manga-11752-3702,1-54629,-5,0.9225545943876412,10.50195987159919,10.584434470131113
manga-11752-3703,1-54970,1,0.9734781932925323,10.086750527254505,10.167259749981998
manga-11752-3704,1-54939,2,0.6930077735708728,10.787148294702362,10.948545410288778
manga-11752-6101,1-605920,-5,,,11.305467452456135
manga-11752-6102,1-54784,-5,1.0190940402247293,10.902371134765971,10.93980646588916
manga-11752-6103,1-559294,1,0.975353601180899,10.928544505455415,11.006203931700423
manga-11752-6104,1-605957,4,0.3477728827040565,9.425194693091644,9.682123948020234
manga-11752-9101,1-54471,-2,0.8063207535036483,10.844004134823521,10.9979725919816
manga-11752-9102,1-54435,2,0.9034932870536139,10.918587112240678,10.871784077415615
manga-11753-12701,1-78006,3,0.5522435060113793,10.733707243120863,10.877761597762678
manga-11753-12702,1-78013,6,0.3336310146763459,9.335717841412428,9.516873780184259
manga-11753-12703,1-606080,9,-0.01911907841351379,8.831374175408863,8.849992279949559
manga-11753-12704,1-55271,6,0.07226190155061829,9.16924028292592,9.439603861592982
manga-11753-12705,1-55091,7,0.2821848345178566,8.716597114112446,8.972602224124637
manga-11753-1901,1-55399,4,0.48391381366569064,9.906693180000541,10.070159341188848
manga-11753-1902,1-55225,-5,1.0663617693089193,11.429267489370083,11.371442801445204
manga-11753-3701,1-55272,-2,0.7432505382001047,10.718291514295935,10.835561975928684
manga-11753-3702,1-55227,3,0.5848042218954248,9.92715054910039,10.042092716632833
manga-11753-3703,1-606121,3,0.797644455334872,10.293390424650628,10.366080317856039
manga-11753-3704,1-55402,5,0.4154926794754985,8.727341341828993,8.927145508677633
manga-11753-6101,1-559242,-5,0.768210633106488,11.075164575840866,11.180247368830749
manga-11753-6102,1-55093,5,,,9.59946002913496
manga-11753-6103,1-78284,3,0.3775025399050982,9.43189341808352,9.704420493695576
manga-11753-6104,1-78294,4,0.5890999148382079,9.660158902177143,9.829735536380866
manga-11753-9101,1-55194,0,0.7241620586140876,10.87142298174963,10.95649450930645
manga-11753-9102,1-77976,-5,1.0484183366854332,11.42817702944118,11.414142516785887
manga-11754-12701,1-585282,5,,,10.325368766532383
manga-11754-12702,1-52991,4,0.1500715614337551,9.224114796566829,9.5691337521254
manga-11754-12703,1-52981,-5,1.043591621143321,11.033390863889913,11.093989189273183
manga-11754-12704,1-76446,3,0.7749303173572706,10.062133267814469,10.122321669355673
manga-11754-12705,1-53172,3,0.9808002985625315,10.729196369811506,10.788280643678226
manga-11754-1901,1-76466,3,0.8470394547327693,10.206870512435263,10.296136125570005
manga-11754-1902,1-53028,3,0.47335440036904686,9.1540765865956,9.376724373186189
manga-11754-3701,1-585223,8,,,9.118907422899994
manga-11754-3702,1-605387,-5,,,10.854143591359907
manga-11754-3703,1-76488,-5,0.990813369276065,10.811169041318674,10.883302497176379
manga-11754-3704,1-52986,1,0.7643475687482386,9.874562794792215,10.045176545999052
manga-11754-6101,1-53004,2,0.6868511893636295,10.484612353767615,10.592786174593206
manga-11754-6102,1-52936,3,0.46456426330095013,9.77610881392983,9.942642750892002
manga-11754-6103,1-53020,-5,0.9545664427291349,10.218965994002573,10.32159122322959
manga-11754-6104,1-53025,1,0.9678716536460072,10.723221240886867,10.776468505410893
manga-11754-9101,1-52964,-5,0.8595225826039048,11.006141250141145,11.017530472172966
manga-11754-9102,1-52855,1,0.9971092182044643,11.232587996819504,11.170361943690015
manga-11755-12701,1-282540,4,0.4993133465301014,9.994001083533039,10.163347282419878
manga-11755-12702,1-282014,4,0.4305129403640393,9.127180252545475,9.255455473424783
manga-11755-12703,1-258538,5,0.5921985280053335,9.806217983354646,10.031282965314878
manga-11755-12704,1-258555,4,0.8212220874000167,10.60932361099893,10.578446599485286
manga-11755-12705,1-283108,7,0.5953964097067193,9.501242539786297,9.613379490772498
manga-11755-1901,1-258535,0,0.9579458840831663,9.942134525112468,10.058115567592216
manga-11755-1902,1-282449,0,0.9841531731771163,10.732400510146821,10.800624437237465
manga-11755-3701,1-282582,-5,1.0415982068066398,11.133395296511829,11.155811739297322
manga-11755-3702,1-282528,-2,1.003549902705526,10.158860031973923,10.245812203011585
manga-11755-3703,1-283072,3,0.4066520150845143,9.238986600556661,9.486637728849772
manga-11755-6101,1-282462,5,0.4477018855495487,10.367176661782205,10.566152190187083
manga-11755-6102,1-282450,-2,0.9735149631426836,10.655433897890468,10.760265226781433
manga-11755-6103,1-575788,2,,,10.264362046786134
manga-11755-6104,1-282637,2,0.7340796472953564,10.075206111275559,10.206639871847973
manga-11755-9101,1-282598,4,0.4188606817166871,9.002546179661145,9.11380776445071
manga-11755-9102,1-282627,4,0.8131610188073211,10.309619979158287,10.376634469895533
manga-11757-12701,1-270206,4,0.4499458143450319,9.230883714533542,9.449728937194115
manga-11757-12702,1-270240,1,0.9193275698407213,10.019139583318863,10.040532997763712
manga-11757-12703,1-270196,3,0.8088315368711818,10.834707842813366,10.973433830994539
manga-11757-12704,1-272819,3,0.9684617826092357,11.094350454297093,11.109110390447672
manga-11757-12705,1-543376,4,0.36586556802194536,10.51747938893097,10.667019656486223
manga-11757-1901,1-270185,-2,0.9042979506837483,9.83829998889816,9.901953635862677
manga-11757-3701,1-270207,2,0.5066857102346098,9.512613586602516,9.685890716349787
manga-11757-3702,1-270170,2,0.7264097544692696,10.64291133273419,10.71682071796193
manga-11757-3703,1-270242,-5,1.21146711575809,11.143391104342717,10.965657635505476
manga-11757-3704,1-270260,-2,0.9108537711518245,10.58437208845176,10.694139034206556
manga-11757-6101,1-543686,-5,0.9631256520872853,10.67342988628976,10.732948899678423
manga-11757-6102,1-270181,-2,1.0574616677631603,10.956067304600463,10.982509984127507
manga-11757-6103,1-543394,0,0.9020718546511688,10.561176303880874,10.652177912468733
manga-11757-6104,1-634140,3,0.5966979160518733,10.741388787379725,10.849390848934737
manga-11757-9101,1-543667,4,0.6378075488521375,9.670860738367356,9.866064994307715
manga-11757-9102,1-269904,-5,1.0321526692225973,11.080432797507264,11.12911471565282
manga-11758-12701,1-591746,-5,,,10.949438581474022
manga-11758-12702,1-195973,5,0.5711062583610378,9.684640429662354,9.908372355784307
manga-11758-12703,1-195960,5,,,9.482446465028456
manga-11758-12704,1-625977,4,,,10.246855053254519
manga-11758-12705,1-591782,-2,,,11.04333449014585
manga-11758-1901,1-195979,-5,0.7231922407799587,9.77921422926392,9.860255117303439
manga-11758-1902,1-196390,-5,0.7368072640458472,9.384249716029524,9.564768673430596
manga-11758-3701,1-319387,1,0.9294899070321385,10.127967394205358,10.197623777064603
manga-11758-3702,1-319368,4,0.5866008664032805,9.934960074412656,10.165490168729828
manga-11758-3703,1-319949,-2,1.0206116059451915,10.606779828864529,10.664007903579062
manga-11758-3704,1-576448,-2,,,9.09445544064934
manga-11758-6101,1-319587,3,,,10.6078534262444
manga-11758-6102,1-196021,1,0.9184215125195188,9.94239006893222,9.997308868585495
manga-11758-6103,1-196017,6,,,9.467915628103546
manga-11758-6104,1-195951,2,0.9208109940154259,10.964777532992391,11.042544661867895
manga-11758-9101,1-625736,6,,,9.305022385051302
manga-11758-9102,1-319795,-2,1.041555950280383,11.532820915907065,11.591904466047051
manga-11759-12701,1-55170,2,0.6406313163042725,11.339465905994707,11.385165714931443
manga-11759-12702,1-606022,5,0.6204277432351226,10.158139158047502,10.248250954279586
manga-11759-12703,1-296,4,0.6854494881746902,9.994279477837356,10.038150846579917
manga-11759-12704,1-54886,3,0.4698231575623346,10.777617813727744,10.982282361693082
manga-11759-12705,1-71,3,0.5778123554232053,10.455717726904513,10.578019296513226
manga-11759-1901,1-200,-2,0.8020405174855867,10.399201548761678,10.552911644749267
manga-11759-1902,1-225,1,0.7445682104079943,9.413278978690972,9.612427504344963
manga-11759-3701,1-207,-2,0.522279131430949,9.826858275966599,9.978584848169332
manga-11759-3702,1-55178,4,0.5375548767245739,9.857490929784525,10.048989531431534
manga-11759-3703,1-323,-2,0.25539326493777637,8.757835045723,8.992894722437057
manga-11759-3704,1-321,-5,0.8303702985338148,11.262619653628349,11.378529350533146
manga-11759-6101,1-80,6,0.16792904185764357,8.908224420176191,9.171410371143647
manga-11759-6102,1-277,3,0.3866489099382484,9.785632404951702,10.001029013339227
manga-11759-6103,1-54904,-5,0.889932500930513,10.572928561007984,10.637516606906114
manga-11759-6104,1-54920,3,0.39091099598520174,8.694104074959016,8.955380480495284
manga-11759-9101,1-54873,5,0.3741520699396901,9.243943260482052,9.475593444106474
manga-11759-9102,1-54894,1,0.5540080975909554,9.994884526168834,10.123531255129203
manga-11760-12701,1-233456,4,0.5223407646819815,9.91751178021396,10.129077388779065
manga-11760-12702,1-233454,4,0.6685734028964632,9.341110303777937,9.545387100946838
manga-11760-12703,1-233359,3,0.35352261588730016,9.807742533559418,9.895502711832632
manga-11760-12704,1-233594,5,0.7405210043254407,10.020042452508473,10.121409144448435
manga-11760-12705,1-233389,7,0.452601218187354,9.069768299689525,9.306320097907541
manga-11760-1901,1-233571,3,0.5072750413916083,9.298666237074093,9.529266218048672
manga-11760-1902,1-283903,-5,0.24416680337147767,9.540611099999392,9.687520979753998
manga-11760-3701,1-233599,6,0.7480689542718792,8.96339467078173,9.117420786574138
manga-11760-3702,1-590822,3,0.8547732779535977,9.450186013614664,9.559373443673019
manga-11760-3703,1-233563,1,0.897083503463076,9.934229380119726,10.031909895891639
manga-11760-3704,1-233420,-5,1.0278609613264997,10.44276849533382,10.512803744107854
manga-11760-6101,1-233125,3,0.7126900630045228,10.153073068628668,10.297441400764354
manga-11760-6102,1-233108,4,0.4952543119104682,9.43756665650635,9.556076162309047
manga-11760-6103,1-233531,2,1.0745644602464601,10.227976964662934,10.19215587724774
manga-11760-6104,1-233576,-5,1.0838955735350844,11.212604314416524,11.250997693155092
manga-11760-9101,1-233444,0,1.037138147207596,10.916017986287818,10.949159378967035
manga-11760-9102,1-233574,2,0.6509401069742715,10.101291005691708,10.191773681009131
manga-11761-12701,1-194947,6,0.5192753697414823,9.073945418166398,9.323694648671257
manga-11761-12702,1-195359,4,0.7193083585579494,9.95715134091271,10.093111929762959
manga-11761-12703,1-195331,5,0.7582682343308527,10.307935877505976,10.428453057372366
manga-11761-12704,1-195293,4,0.473157496884717,10.331016162793452,10.510688518139114
manga-11761-12705,1-195337,11,0.8306487751221567,10.920112602525888,10.925669128698612
manga-11761-1901,1-152010,1,1.0017225346209386,9.401189588469542,9.500736503984383
manga-11761-1902,1-151831,-5,0.5460030202276336,9.264382642812702,9.508406509994389
manga-11761-3701,1-195343,-5,,,10.354191542861038
manga-11761-3702,1-195344,-5,,,11.094677308427604
manga-11761-3703,1-623768,3,0.6978321482145908,9.805055248123383,9.773225565243306
manga-11761-3704,1-152018,-2,0.8944048771901976,9.42733271987698,9.545027060910522
manga-11761-6101,1-152239,1,1.1351892561421586,10.985571553418746,10.944988330732619
manga-11761-6102,1-152039,4,0.7234935412318073,10.162698013631964,10.334481336016957
manga-11761-6103,1-194903,6,0.23532592736379954,8.716784509159911,8.780644962009738
manga-11761-6104,1-195292,-2,1.0320139987371277,10.165661808633775,10.215016948748557
manga-11761-9101,1-195370,7,0.47487420329485985,9.092581074322027,9.277075862078094
manga-11761-9102,1-151997,-2,1.1073842439741028,11.439537723622015,11.429537630599773
manga-11823-12701,1-269885,-5,0.9957636842796909,11.350831896176054,11.40079973050028
manga-11823-12702,1-272423,3,0.3616943999837474,10.65081929552816,10.970497411757874
manga-11823-12703,1-324389,2,0.8894941084235093,10.369692707285513,10.396887811925
manga-11823-12704,1-324267,-5,0.9967743208955504,11.457621504649426,11.462336593303846
manga-11823-12705,1-543758,-5,0.9591272699003817,11.197088073455467,11.217715164204064
manga-11823-1901,1-543446,-2,0.2738492024840937,8.93656745593253,9.1458029066291
manga-11823-1902,1-269887,-5,0.9781003361416474,10.52679943270787,10.588743133916399
manga-11823-3701,1-543567,-5,1.2108193868621093,11.185669170052549,11.045908568359039
manga-11823-3702,1-324250,4,0.5943619349423557,10.448174194546723,10.625589467173686
manga-11823-3704,1-270221,1,0.9665992748689796,10.705059423525359,10.775371742514045
manga-11823-6101,1-543765,-5,1.33836257197245,12.61565171349177,12.297423315202694
manga-11823-6102,1-269886,-5,0.7791109996191032,10.637645239108572,10.77314381345815
manga-11823-6103,1-543413,-5,0.9326524718372866,10.964870393014763,11.067533150278255
manga-11823-9101,1-543416,4,0.21652217132228202,10.111843653405778,10.24791874303325
manga-11824-12701,1-368926,5,0.5066289514879578,10.240238740740306,10.40547323145753
manga-11824-12702,1-83386,7,0.14375325049809362,8.578950163676723,8.565988056624557
manga-11824-12703,1-369352,-5,1.0213037408025905,11.32227727815478,11.361354087575801
manga-11824-12704,1-83451,-5,0.9728253069782618,10.83725045030666,10.923035009471889
manga-11824-12705,1-83430,5,0.6724539222797858,10.142085033481962,10.246345861522162
manga-11824-1901,1-83415,-2,0.46460791581811733,8.808813537080184,9.028660501610183
manga-11824-1902,1-83455,1,1.000705338903078,10.251441751023728,10.332911805050752
manga-11824-3701,1-368851,1,0.8676011691787764,9.985882761877074,10.088710289407336
manga-11824-3702,1-368816,-5,0.9264285273891204,9.934478193967369,10.06594003336958
manga-11824-3703,1-369413,-2,1.078271881435846,11.235487636844415,11.181073032076437
manga-11824-3704,1-369277,-5,1.034368764739174,10.750302377603699,10.80928735691116
manga-11824-6101,1-83393,-2,0.996202446370102,10.674215777242932,10.660602925485264
manga-11824-6102,1-593533,-2,,,11.192837005773512
manga-11824-6103,1-368873,-5,0.9434784481027876,10.618418736963237,10.69155219437718
manga-11824-6104,1-369294,-5,0.9871762463417966,11.07259295152883,11.101512546586882
manga-11824-9101,1-368956,0,1.0278884046535808,10.466212318768651,10.491365462373265
manga-11824-9102,1-368846,3,0.6695994900240549,9.085207253303643,9.302137293237461
manga-11826-12701,1-404066,5,0.4047517050631626,8.934564068700109,9.143768817900124
manga-11826-12702,1-404083,7,0.3853011794408978,9.215341001621415,9.343052858464285
manga-11826-12703,1-399271,6,0.266605844176496,8.880925134268816,9.155286834883556
manga-11826-12704,1-404130,5,0.6183588507909867,9.538153477001977,9.689803353480684
manga-11826-12705,1-407466,3,0.7668922923989747,9.523099594448356,9.59758429507225
manga-11826-1901,1-401215,0,0.7174812841840996,9.705415161402533,9.856431873964885
manga-11826-1902,1-401122,3,0.5847718053824629,8.982960701217852,9.194894079424484
manga-11826-3701,1-401202,4,0.49077358642746205,9.133349911010297,9.357775614599023
manga-11826-3702,1-401192,-2,0.5550059301347261,9.009973240856024,9.191107103787695
manga-11826-3703,1-401220,0,0.5760308536684491,9.250654081542685,9.448990728282798
manga-11826-3704,1-401110,-5,0.7167202135655941,9.146833113489686,9.356380226971105
manga-11826-6101,1-407487,-2,1.129564094735084,11.005164686136522,10.993081595628505
manga-11826-6102,1-404070,1,1.1109429016922832,10.406340841572778,10.39733134424133
manga-11826-6103,1-404102,3,0.7536663175535239,10.109016510063595,10.166107159347524
manga-11826-6104,1-407465,0,0.7881669607780921,10.420641104424721,10.631719914815056
manga-11826-9101,1-620558,6,0.242004756931415,9.519412399814815,9.787049251691395
manga-11826-9102,1-399129,-5,1.1137145704750253,11.056276673991482,11.070635949355175
manga-11827-12702,1-320358,-2,1.105840464410111,10.900955787028241,10.866578898006068
manga-11827-12703,1-320551,-2,1.121936535292683,11.21442498745547,11.177719961413962
manga-11827-12704,1-320748,4,0.7630475673003332,10.858335988222091,10.969339554621524
manga-11827-12705,1-629191,6,0.2632302859113942,9.31507539380762,9.362964266745317
manga-11827-1901,1-592801,-5,,,10.426930226581796
manga-11827-1902,1-320796,1,0.8871946574252441,10.306930712025533,10.32018077894413
manga-11827-3702,1-320560,-2,1.05221230678913,11.138092736948568,11.190277225820546
manga-11827-6101,1-320340,-5,1.31563497063906,10.826318453383093,10.660950081327375
manga-11827-6102,1-320314,2,0.7391366784398521,10.017047947284189,9.958747595358806
manga-11827-6103,1-320477,-5,0.6431785550264912,10.785763016003813,11.027624044093706
manga-11827-6104,1-320543,-2,1.035951392607263,10.257433595269836,10.319186328674714
manga-11827-9101,1-320528,-5,1.1554253273782678,11.428353427077148,11.335004553587758
manga-11828-12701,1-80482,-5,0.9440769343382556,11.31373821699171,11.344124225391152
manga-11828-12702,1-80147,7,,,8.94799681211366
manga-11828-12703,1-80655,6,0.3970742865232957,9.74352903979974,9.992910084910728
manga-11828-12704,1-80494,3,0.8499255189534303,10.362935602858153,10.418969954477458
manga-11828-12705,1-80514,3,0.4656451590009105,8.953491304347907,9.169827115500144
manga-11828-1901,1-80575,3,0.5062645325103858,8.87893030413695,9.12495637946326
manga-11828-1902,1-80510,0,0.8585007794142498,10.20569493412155,10.260246454503333
manga-11828-3701,1-80532,1,1.1306055393314658,10.750556293819384,10.718801555756219
manga-11828-3702,1-80916,-2,1.0489383301208974,10.402096388009413,10.444025345963484
manga-11828-3703,1-587628,1,,,9.655207032548402
manga-11828-3704,1-61876,-5,0.37595542614099386,8.985357265286984,9.072947297504529
manga-11828-6101,1-61862,-5,0.891418970702972,10.588410311976137,10.727392318909267
manga-11828-6102,1-80526,2,0.6774200204163208,9.508571901899927,9.643152287601751
manga-11828-6103,1-80589,-5,0.8727302202409106,11.549108076831905,11.667859710286343
manga-11828-6104,1-80877,-5,0.9895330233745554,10.91979812247168,11.025193015981435
manga-11828-9101,1-61842,4,0.4402170631724438,9.250334227411766,9.497663552366573
manga-11828-9102,1-80572,8,0.13397959178393748,9.109428898659761,9.25483144819018
manga-11830-12701,1-591343,11,,,10.508941167843572
manga-11830-12702,1-623986,2,0.9174213938418738,10.505158950799082,10.659726475530517
manga-11830-12703,1-591433,5,,,10.398124492522534
manga-11830-12704,1-576544,3,,,10.794088890956575
manga-11830-12705,1-234285,7,0.6038040724179261,8.94968249009221,9.166012433794346
manga-11830-1901,1-152337,-5,1.148240607672676,9.85595270720275,9.854872441779532
manga-11830-1902,1-319447,0,0.8706462821884422,9.71203695867468,9.83293899609735
manga-11830-3701,1-233983,-2,1.2847936840328167,11.215845740638635,11.055848078676444
manga-11830-3702,1-234243,4,0.7638629848549243,10.517980091220593,10.588872131010419
manga-11830-3703,1-319477,2,1.0401915264287567,10.077659646425204,10.029114512827404
manga-11830-3704,1-234244,6,0.5290072055386439,9.945960182301985,10.067528391850171
manga-11830-6101,1-234251,5,0.659368915855687,10.511260954129538,10.601979422228554
manga-11830-6102,1-234250,2,0.29989871895797293,9.41436873157828,9.698655695941651
manga-11830-6103,1-319440,0,1.0058767651477787,10.539869251694714,10.646242625052288
manga-11830-6104,1-319474,4,1.0055400495740585,10.352950052208646,10.37355367725362
manga-11830-9101,1-233722,-5,1.0325903434602637,10.83530559262374,10.923343252391629
manga-11830-9102,1-152118,2,1.0158687825956854,11.037189949029427,11.050827085025086
manga-11831-12701,1-152017,0,1.1355377181352075,10.942576667524023,10.910082826515305
manga-11831-12702,1-152193,3,49.600750218685945,18.480046839198284,11.075159737545118
manga-11831-12703,1-195355,4,0.7135349218374358,9.923033679649834,10.12531145101435
manga-11831-12704,1-152301,5,0.7370269267629261,9.920883210548764,10.111720130461395
manga-11831-12705,1-576555,-2,,,10.961766209153227
manga-11831-1901,1-624268,1,0.22150560518905849,9.051736393188092,9.09504982551591
manga-11831-1902,1-151797,1,1.0762952238643528,9.553660856558619,9.526516448905282
manga-11831-3701,1-623700,1,0.440666834409317,10.22725021910085,10.440037510590756
manga-11831-3703,1-152243,-2,1.2196539927764896,11.019572214237865,10.929564875226951
manga-11831-3704,1-152300,1,0.5353300702366113,9.502717105401578,9.72063924372924
manga-11831-6101,1-152201,3,0.7313178725929212,10.027279188635868,10.130512082151009
manga-11831-6102,1-152263,5,0.6928371277677812,9.999158053276004,10.150050560005132
manga-11831-6103,1-152028,-2,0.9507062634713144,8.867677340652886,8.794533286215955
manga-11831-9101,1-576580,5,,,9.661047720172592
manga-11831-9102,1-195260,6,0.38287226150231746,9.33555766936573,9.556045322301662
manga-11832-12701,1-151205,4,0.49537182972050786,9.06687151083109,9.310748715865655
manga-11832-12702,1-233231,5,0.682409880393287,9.962172654252143,10.149406373323416
manga-11832-12703,1-233225,-2,1.0372008152076369,10.655669072661187,10.701696527558587
manga-11832-12704,1-176258,3,0.5322657103422657,9.553455913139983,9.780118369791596
manga-11832-12705,1-233142,5,0.6900398809373165,9.497540365975393,9.65047599088196
manga-11832-1901,1-176205,1,1.0261782319764912,9.921618139248812,9.977413774258078
manga-11832-1902,1-176256,2,0.6452650774538995,9.65793045885884,9.845979463834148
manga-11832-3701,1-576022,4,,,9.783099268720807
manga-11832-3702,1-176174,-5,1.0779637861776408,10.435125031088191,10.45262300428477
manga-11832-3703,1-233233,1,1.3275459534285616,9.903807654077228,9.665018454688191
manga-11832-3704,1-176264,4,0.7875827116932044,9.987058909353765,10.005199609025075
manga-11832-6101,1-233216,1,1.2484407857421758,11.296054787750307,11.152303177427193
manga-11832-6102,1-176206,4,0.797844867166507,9.758414058842416,9.882193562575925
manga-11832-6103,1-176237,5,0.6921352557438993,9.26479927553195,9.394128957200365
manga-11832-6104,1-233250,0,0.8053248698886293,9.496822224428058,9.655755971622034
manga-11832-9101,1-151202,1,1.0573847119902489,10.652249047316245,10.688958529080535
manga-11832-9102,1-233247,4,0.3948587855990944,9.250397968796083,9.517407132816288
manga-11833-12701,1-151303,4,0.5950704229458985,9.472763924932188,9.61408908799124
manga-11833-12702,1-175935,5,0.6328107334303539,10.179017805221108,10.359862714974089
manga-11833-12703,1-176223,5,0.4300319758209028,9.33517592187942,9.531924938285028
manga-11833-12704,1-176187,3,0.7184027113190474,9.59131845247471,9.763576945999452
manga-11833-12705,1-620121,5,0.34752466969797524,9.677403548878173,9.891691914158132
manga-11833-1901,1-176125,1,1.0926813869288807,10.400991874829664,10.411062997871507
manga-11833-1902,1-175648,-2,0.8364184418771252,9.963695422407774,10.06319084794449
manga-11833-3701,1-176132,-5,1.0475518289726757,10.74463244423275,10.817008428195715
manga-11833-3702,1-175853,1,49.51386433806592,17.739967751956264,10.268168896644253
manga-11833-3703,1-176123,0,0.9673461002449244,10.310583655126305,10.43625805408058
manga-11833-3704,1-176155,0,0.36375417481783145,9.076030900160163,9.41982362360833
manga-11833-6101,1-176091,5,0.6574665848261532,10.435856715529454,10.5753538499833
manga-11833-6102,1-176074,3,0.8398631348139922,10.288557196781586,10.359922806577087
manga-11833-6103,1-175940,3,0.5721486165113667,9.822915824854853,10.034296011931705
manga-11833-6104,1-176142,2,1.0096171775754925,10.097902726938988,10.164178508076429
manga-11833-9101,1-175911,-5,1.0803558390029728,10.955614555506138,10.955639653023251
manga-11833-9102,1-175928,3,0.8449995089917124,10.191965835241808,10.280321655606258
manga-11834-12701,1-14106,3,0.7387920468118594,9.575598591913822,9.744807079016905
manga-11834-12702,1-14092,5,0.5191197338146445,9.457167222102468,9.645505779489126
manga-11834-12703,1-14162,4,0.300367155604107,9.27100633805502,9.484640875763338
manga-11834-12704,1-14151,4,0.35057897255101267,9.42858118873037,9.691313313420206
manga-11834-12705,1-549301,3,49.57555163883593,18.28327677556327,10.87217585927922
manga-11834-1901,1-14152,-5,0.5766405926967515,9.582051486117248,9.802108074618282
manga-11834-1902,1-13736,-2,0.7413377935805023,9.638072805992497,9.767605703169917
manga-11834-3701,1-14130,1,0.8269562836687214,10.01887955144102,9.99391593802681
manga-11834-3702,1-70386,-2,0.9406184100338173,9.682053970278352,9.810382545527983
manga-11834-3703,1-70391,0,0.9161219992784027,9.745998307146667,9.870404783231944
manga-11834-3704,1-14136,-5,0.9864974431338212,11.406258973488354,11.471599129672915
manga-11834-6101,1-14039,-2,1.0158033435691252,11.055827732735853,11.073920460977709
manga-11834-6102,1-14057,5,0.31984029381489165,9.342693075400534,9.540809161504768
manga-11834-6103,1-14197,3,0.5245832161959321,9.514485370741262,9.780251860542409
manga-11834-6104,1-70389,4,0.7352097665924582,9.638937246028847,9.73533385130149
manga-11834-9101,1-13738,2,1.0025108665971203,10.837841471868824,10.843728102169699
manga-11834-9102,1-70384,5,0.8724599014619727,9.971734663747366,10.029458778330438
manga-11835-12701,1-82717,-5,0.8689179786206758,11.263752545357976,11.38379365071345
manga-11835-12702,1-82635,0,1.0391954453754977,9.970346067518994,10.021558705841844
manga-11835-12703,1-82991,0,0.8469801665499901,9.71859892710862,9.85276515583521
manga-11835-12704,1-82657,1,0.9038480520514582,9.577978357171379,9.72562287743355
manga-11835-12705,1-70173,3,0.872584573524378,11.112133453050657,11.123738285111122
manga-11835-1901,1-82674,-5,0.8602347712842935,9.125973135321345,9.29367981634498
manga-11835-1902,1-82637,1,0.9390479267674934,9.514121266616694,9.590892815153802
manga-11835-3701,1-82645,-5,0.9560686574466892,10.328729826204148,10.44046905738578
manga-11835-3702,1-82687,1,0.9445623571806827,9.759664456144925,9.863614952820015
manga-11835-3703,1-82967,-2,0.8972353859726709,9.487288296932746,9.629166428074216
manga-11835-3704,1-70172,4,0.5504707204353494,9.552835618049551,9.736867993647456
manga-11835-6101,1-630662,5,0.15112192453920414,8.922265744163337,8.99976559144845
manga-11835-6102,1-70077,0,1.0219598721314505,10.38500363116889,10.461740622736189
manga-11835-6103,1-82673,3,0.8710567800319602,9.26372678147882,9.433965054598916
manga-11835-6104,1-559745,3,0.9608976715216428,9.716344112255012,9.623956077267833
manga-11835-9101,1-82677,-5,1.116627067024904,11.207976358162071,11.23609059528243
manga-11835-9102,1-83002,-5,0.9082768781760144,10.145080407509873,10.291042451886888
manga-11836-12701,1-606806,1,1.0732468774567145,10.806931515847078,10.836098299848583
manga-11836-12702,1-1335,4,0.678943290094427,9.186469831141512,9.400999805463698
manga-11836-12703,1-1595,-5,0.8735598690651933,10.79326670725653,10.926105166466634
manga-11836-12704,1-1186,5,0.6405544674498174,9.39412208965091,9.610518781483398
manga-11836-12705,1-1151,6,0.22137895087680448,9.303616058005336,9.502359853758938
manga-11836-1901,1-1093,5,0.6681791204105814,9.431216549195856,9.63309242611163
manga-11836-1902,1-1243,2,0.976187370771175,9.813109353303359,9.854773309866609
manga-11836-3701,1-1258,2,0.4765174841927653,9.510943908190777,9.713315832532158
manga-11836-3702,1-1278,1,0.824246454048243,9.970685753022218,10.145472003937662
manga-11836-3703,1-1216,-2,1.0924679379513975,11.154038360971624,11.12469265862492
manga-11836-3704,1-1332,-5,0.9217948027377858,9.461279005494202,9.582930449051185
manga-11836-6101,1-1166,2,0.37913236791104055,9.863903204697836,9.9826046974337
manga-11836-6102,1-747,-5,1.0506594861689749,10.886514044355355,10.917239573756499
manga-11836-6103,1-60567,3,0.7775156588027947,9.771979640333246,9.901299668677177
manga-11836-6104,1-607059,-5,0.8129149749485869,10.754405926500691,10.895654527723178
manga-11836-9101,1-640352,-2,,,11.290383176507438
manga-11836-9102,1-1363,4,0.4620190382491032,9.57687612404157,9.702092965365974
manga-11838-12701,1-1752,3,0.8681749102871272,10.431555626738778,10.511737694227687
manga-11838-12702,1-1745,3,0.5834261675955474,10.063497237619421,10.26920270981896
manga-11838-12704,1-2180,-5,0.9683927253584912,11.35717711502541,11.387073655249353
manga-11838-12705,1-586735,1,,,10.734908813430735
manga-11838-1901,1-2072,3,0.8936606528545639,10.904596380837036,10.974158891303663
manga-11838-1902,1-609044,-2,0.47501857399118563,10.164966492604067,10.34672880907642
manga-11838-3701,1-1747,1,0.49973926049942463,10.329395819654138,10.4314529623019
manga-11838-3702,1-586641,6,,,10.205192098475672
manga-11838-3703,1-61173,-2,0.8947120826862047,11.327128627559311,11.392052876092476
manga-11838-3704,1-586725,1,,,10.091824646434187
manga-11838-6102,1-1756,-5,1.0860789178876438,11.31031966544919,11.276080997687352
manga-11838-6103,1-60931,5,0.25393674773364694,9.62276229571652,9.91360001034244
manga-11838-6104,1-2354,-5,0.9802095111085656,11.33027270235089,11.419482952410371
manga-11838-9101,1-1832,5,0.5508857999529191,10.022262045499744,10.12447673821011
manga-11838-9102,1-1780,-2,0.9651800375427904,10.48468868406724,10.50935389396248
manga-11863-12701,1-195049,5,,,8.868180665241338
manga-11863-12702,1-195051,1,,,10.736615984659418
manga-11863-12703,1-242874,3,,,10.587687285785355
manga-11863-12704,1-195400,4,,,10.828136920612524
manga-11863-12705,1-576061,2,,,11.020473032793612
manga-11863-1901,1-195171,0,,,8.953641077878034
manga-11863-1902,1-195170,-2,,,10.470648919932096
manga-11863-3701,1-195079,0,,,9.383458846964594
manga-11863-3702,1-195176,-2,,,10.794395252483866
manga-11863-3703,1-591055,11,,,11.01153466674572
manga-11863-3704,1-195465,-5,,,10.640196348845917
manga-11863-6101,1-195108,-5,,,11.174552756071286
manga-11863-6102,1-622417,-5,,,11.2465724341217
manga-11863-6103,1-195169,1,,,10.407469019458441
manga-11863-6104,1-195405,-5,,,10.765132246257432
manga-11863-9101,1-195175,-5,,,10.93148492425671
manga-11863-9102,1-195478,2,,,10.476690945307688
manga-11865-12701,1-61237,4,0.8187494116971195,10.529974306278826,10.621601505501188
manga-11865-12702,1-2430,5,0.6304324183023553,9.713370729922724,9.88826072691848
manga-11865-12703,1-61276,6,0.1751918895166078,9.264505403869236,9.50937150126837
manga-11865-12704,1-61136,4,0.6018967215564324,10.369159051567166,10.506767518580332
manga-11865-12705,1-609067,2,0.6048569041563461,10.636207218080425,5.912526806236961
manga-11865-1901,1-2386,2,0.5744568337320146,9.895337010766879,10.033264726338684
manga-11865-1902,1-587077,4,,,9.915805734559724
manga-11865-3701,1-2333,4,0.48380383014684014,8.785165119767173,9.014088759799169
manga-11865-3703,1-2589,3,0.34234327896342975,8.621367808749152,8.778167608501052
manga-11865-3704,1-2653,0,0.942432237731385,10.77993762623913,10.870272250785394
manga-11865-6101,1-2431,3,0.8651620834933027,10.505678808723118,10.585670042841292
manga-11865-6102,1-61142,5,0.4440391493505267,9.941361665254801,10.12465486498195
manga-11865-6103,1-586856,3,0.4073271757818837,8.813026062783571,9.028822712833586
manga-11865-6104,1-61134,2,0.6347753955631532,10.04756809075373,10.186018059803956
manga-11865-9102,1-61147,5,0.33073252493553085,9.984374095986555,10.216159777238557
manga-11866-12701,1-811,4,0.9735595053758033,11.191266872325045,11.2371708589495
manga-11866-12702,1-55513,5,0.48701952026052453,9.779834795441477,10.009993891747412
manga-11866-12703,1-60834,4,0.4419922408668562,9.6457282054523,9.897719712577954
manga-11866-12704,1-606620,-5,0.976497922165656,11.284197099639442,11.391407172180546
manga-11866-12705,1-1009,2,0.720922209648414,10.537898570178019,10.517011475049552
manga-11866-1902,1-60604,5,0.560751621181538,8.888878027654863,9.133514638294558
manga-11866-3701,1-1081,1,0.5789940347114317,9.76935119107379,9.913109141289716
manga-11866-3702,1-954,0,1.0552387416042066,10.204009601482605,10.234422366130186
manga-11866-6101,1-999,3,0.6582620553782448,10.219418287793438,10.314193093010145
manga-11866-6102,1-1038,2,0.9607020151539558,10.532822902450002,10.562879455792851
manga-11866-6103,1-60349,0,0.9138683558117968,10.43410078030583,10.568120656022977
manga-11866-6104,1-60537,-5,0.8684165875313106,9.856846566398882,10.015146454385565
manga-11866-9102,1-1360,5,0.534721775460028,9.69732021847204,9.907314203392037
manga-11867-12701,1-53500,6,0.41029958952044154,8.892143526620956,8.751083319331926
manga-11867-12704,1-53653,11,0.6063126335130953,10.355635912108045,10.415416386248216
manga-11867-12705,1-53622,5,0.5268755134783447,9.061354977607396,9.322655210951979
manga-11867-1901,1-53664,2,0.7150269937860614,8.987891329659298,9.146668984670024
manga-11867-1902,1-53618,6,0.0875876324063043,10.272727299555456,10.390823447290899
manga-11867-3701,1-53488,9,0.26544195218783173,8.72152101815752,8.907080655094305
manga-11867-3702,1-53278,1,0.8835957135908252,10.34768479778051,10.426690261151267
manga-11867-3703,1-76873,1,1.020058963044459,10.229143026668803,10.294996425064475
manga-11867-3704,1-53854,1,1.0264045991066943,10.302335112779797,10.288699522254673
manga-11867-6102,1-53646,-5,1.1055581561898933,11.037345636695981,10.991588515989832
manga-11868-12701,1-295129,6,0.36125084807540375,9.000346181111517,9.270535064369218
manga-11868-12702,1-269937,1,0.9071863290463256,11.353860744152557,11.297409739588934
manga-11868-12703,1-269966,4,0.9690041741821638,10.88828223758275,10.921951392319324
manga-11868-12704,1-272770,5,0.42739598809262347,10.093575732770768,10.320445098415414
manga-11868-12705,1-272795,1,0.9138901111761442,10.442991603589391,10.584964301106355
manga-11868-1901,1-543647,1,1.3108326122226686,11.600617944807741,11.301265536535727
manga-11868-1902,1-294870,-2,0.8683344293854347,9.32665588301118,9.480359671134659
manga-11868-3701,1-269915,-2,1.1296817885726718,10.618415852592745,10.576930116901877
manga-11868-3702,1-270216,-2,0.8446996916160643,9.969203479812673,10.197854963399017
manga-11868-3703,1-272828,-5,1.0076577225814631,11.000984606394383,11.054187743303638
manga-11868-3704,1-550860,-5,0.8888169861752822,10.498146487538378,10.572773584578096
manga-11868-6101,1-294859,5,0.6375975809964665,9.277830051095444,9.324903854362692
manga-11868-6102,1-272812,0,1.0151829667737964,10.526721873590908,10.589587054183255
manga-11868-6103,1-269951,-5,1.0680480891873643,11.031113380920013,11.060714887021588
manga-11868-6104,1-272854,5,0.3048092558905786,10.140543216463854,10.24632135544574
manga-11868-9101,1-272757,5,0.4118680938435766,8.939166016231756,9.141076464675574
manga-11868-9102,1-294858,7,0.5099295420123013,9.140711489145755,9.348571687158003
manga-11871-12701,1-455630,4,0.8666993188935805,10.15978900555265,10.280322771590797
manga-11871-12702,1-456416,1,0.9032808144192437,9.928916519498578,10.068957033024946
manga-11871-12703,1-623440,4,0.8578492714010189,11.113439559265377,11.19197888951633
manga-11871-12704,1-455634,2,0.8068419074513145,9.677427352870886,9.84870599549212
manga-11871-12705,1-456349,1,0.6354316411645762,9.162481851343566,9.38047183068275
manga-11871-1901,1-456806,-2,0.8393140881950529,8.97277712622952,9.127268081837
manga-11871-1902,1-456420,4,0.995133193913432,9.584613602994155,9.631744160354415
manga-11871-3701,1-456321,-2,0.7699599518986169,8.987568895092197,9.113054344211912
manga-11871-3702,1-455658,7,0.5558696719841016,9.072299979113016,9.274009124142449
manga-11871-3703,1-456387,-5,0.6700003921787534,8.822490215350202,9.020217270260936
manga-11871-3704,1-456297,3,0.6474605102574102,8.879527365314477,9.103791683650744
manga-11871-6101,1-455687,0,1.0960098476615343,10.151080118622861,10.205650504965469
manga-11871-6102,1-455626,-2,0.6799897079379527,8.974238008270714,9.171735168700845
manga-11871-6103,1-455636,4,0.7477332625687652,9.673379258795583,9.84649813623816
manga-11871-6104,1-456408,5,0.6522425079309926,9.129239947775984,9.354433653881006
manga-11871-9101,1-456399,5,0.7497809407684919,9.031529993726055,9.189456371711856
manga-11871-9102,1-521740,-2,1.0708723170701688,10.865991794633047,10.893430173969165
manga-11872-12701,1-189152,-5,,,11.138913123900533
manga-11872-12702,1-150343,3,,,10.63991947214404
manga-11872-12703,1-188987,-2,1.009184106419383,11.019051110808588,11.075472468026126
manga-11872-12704,1-150484,5,,,10.258179571991073
manga-11872-12705,1-150371,5,,,10.607674827822708
manga-11872-1901,1-150472,-5,,,11.002946226394407
manga-11872-1902,1-576094,-5,,,10.76859215386428
manga-11872-3701,1-150792,1,,,10.804274199522203
manga-11872-3702,1-189081,0,,,10.348560612497343
manga-11872-3703,1-189522,-2,1.180720820607288,10.316945741421764,10.272650405727113
manga-11872-3704,1-150768,-2,,,10.299093704903054
manga-11872-6101,1-150615,6,0.5175321897751743,8.720624343256553,8.934191862445447
manga-11872-6102,1-150467,-2,,,10.40836109282863
manga-11872-6103,1-150785,-2,,,10.979517554180289
manga-11872-6104,1-151055,3,1.0382379115323204,11.246119102038733,11.248277288742841
manga-11872-9101,1-150409,3,,,10.663120155891447
manga-11872-9102,1-150842,1,1.18869428073101,11.197330702890786,11.144641448001241
manga-11939-12701,1-456774,3,0.9251070007038891,9.097465871795599,9.247886570567582
manga-11939-12702,1-456449,7,,,9.19947509862441
manga-11939-12703,1-456470,3,0.6363337349086322,9.05988121934417,9.248754391684592
manga-11939-12704,1-591085,-5,,,8.708841647445162
manga-11939-12705,1-456737,1,1.129508325171642,10.116844398280865,10.0816035955529
manga-11939-1901,1-456385,-5,0.907036860923732,8.764654570266147,8.935304329337118
manga-11939-1902,1-456771,0,0.8954554603989742,9.054129184848355,9.263722587524047
manga-11939-3701,1-456391,0,0.6862906546182117,9.276081168141038,9.420798188753627
manga-11939-3702,1-456742,2,0.8633708969955514,9.415718453159425,9.54351271073399
manga-11939-3703,1-456735,1,0.8212817100492025,9.310977042104335,9.495585239777878
manga-11939-3704,1-456538,1,0.8796238119697755,8.961269041486021,9.167212648298593
manga-11939-6101,1-456766,1,0.6452378313206921,9.464591509943988,9.674416610775516
manga-11939-6102,1-456513,0,0.8866039960099918,9.62810157599462,9.791275801450201
manga-11939-6103,1-456366,0,0.9546607508758598,9.860423129478908,9.974022824885308
manga-11939-6104,1-456331,2,1.0049345803819776,9.82154006351937,9.836931595296095
manga-11939-9101,1-455885,4,,,9.455925958001515
manga-11939-9102,1-456868,11,0.6041870781014289,8.862494146122788,9.08479747943906
manga-11940-12701,1-249021,4,1.1528337080286768,10.977472634453262,10.955264985216452
manga-11940-12702,1-249083,11,1.2940109156875934,10.957778157855817,10.80484446215957
manga-11940-12703,1-249145,-5,0.8118379145381454,10.79626771234458,10.978090954445506
manga-11940-12704,1-249049,1,0.8060011406818752,10.562450975121532,10.590691688669704
manga-11940-12705,1-594564,1,,,11.235430593377567
manga-11940-1901,1-200912,11,0.7504300877971772,9.883197390257276,10.041081579424572
manga-11940-1902,1-249062,2,0.8959893800800458,10.611396599100068,10.646044201217187
manga-11940-3701,1-200905,-5,1.062069910437284,10.66216266427476,10.719372675596263
manga-11940-3702,1-200895,-5,0.9522393550595467,10.48169970976404,10.617522753699
manga-11940-3703,1-249024,1,0.6067139177615033,10.043545715329003,10.153366044404992
manga-11940-3704,1-200932,3,1.4206158480382598,10.483954543152658,10.227079091549186
manga-11940-6101,1-200911,-2,0.7359468362842492,9.01656773555303,9.185902925494208
manga-11940-6102,1-249079,-2,1.0475683159980989,10.528240488857207,10.555653469610343
manga-11940-6103,1-200856,4,0.5377583732503517,10.175123597836876,10.341711138442026
manga-11940-9101,1-248688,-5,1.0713029653020456,11.178911959277503,11.227778297349467
manga-11940-9102,1-249088,4,0.9296685393918622,10.514472084791825,10.563861934634112
manga-11941-12701,1-135139,3,0.9909973156723559,10.426359127789723,10.433935681951018
manga-11941-12702,1-569177,1,0.9560579955416522,10.630853656447874,10.740549064481803
manga-11941-12703,1-633996,7,,,9.854992734717934
manga-11941-12704,1-135075,5,0.8420787253632334,10.444498371375284,10.532492143895409
manga-11941-12705,1-135564,5,0.8257425982731625,10.62103157271111,10.718428633228621
manga-11941-1902,1-594515,-5,,,10.178720925712083
manga-11941-3701,1-135165,-5,1.0647962467732874,10.842750960943276,10.905314976999088
manga-11941-3702,1-594451,-5,,,11.301045781981484
manga-11941-3703,1-135169,-2,1.0441310446711718,10.195613347062876,10.250088885163136
manga-11941-3704,1-135556,1,0.9873970244065831,9.381150273912557,9.473974711693298
manga-11941-6101,1-135579,3,0.5626876977701158,9.036260921334724,9.248733352272353
manga-11941-6102,1-135549,1,49.56209334667594,17.458726446507274,10.146204433765913
manga-11941-6103,1-135163,2,0.8806385452199805,10.27013833010924,10.353602171890238
manga-11941-6104,1-135035,3,0.6438929031007099,9.308047658602964,9.508457168900184
manga-11941-9101,1-210358,10,0.05647025138712891,8.861679178748778,8.970280955182602
manga-11941-9102,1-135557,2,0.996063741476501,10.21372187646341,10.215302104647085
manga-11942-12701,1-210355,4,0.9168522976773232,10.421575722309397,10.428742445821126
manga-11942-12702,1-135143,6,49.16352661349593,17.498154617369273,10.277265194776481
manga-11942-12703,1-135255,3,0.8503650106081224,11.052584763103297,11.072733787223589
manga-11942-12704,1-594489,9,0.21515273847187188,9.70009528833208,9.883797833292993
manga-11942-12705,1-135547,-2,1.0014812199327459,11.361748800988993,11.499035771211094
manga-11942-1902,1-569171,-2,1.201998378436663,10.335278148691328,10.16959982185228
manga-11942-3701,1-135551,0,0.9381379154605263,10.09535073089196,10.219336740045154
manga-11942-3702,1-135190,-2,1.0701334704995489,10.202785299868042,10.254504621318997
manga-11942-3703,1-135554,-5,1.0317671348987751,10.459974120329074,10.517007288712497
manga-11942-3704,1-135596,-2,0.7506262418793135,10.556528630087708,10.849889634596233
manga-11942-6101,1-210353,1,0.8807976213603617,9.497463192280486,9.630896954602942
manga-11942-6102,1-135027,6,0.2635769967185624,8.871225586401888,8.949573689000722
manga-11942-6103,1-210399,4,1.1702518659395515,10.167318592731206,9.97987679381572
manga-11942-6104,1-135440,4,0.8899134254014776,10.475123385072393,10.516921704271185
manga-11942-9101,1-210346,5,0.749124285498489,9.810356080169049,9.985757345977884
manga-11942-9102,1-135543,3,0.9186155982248643,9.45252521478503,9.622356207810135
manga-11943-12701,1-210864,3,0.8159416109794293,10.232497220312068,10.34803376311454
manga-11943-12702,1-633967,1,0.8492570629249165,9.176477761892997,9.33147610888222
manga-11943-12703,1-210794,1,0.7497206359784983,9.582144632397895,9.914955736047881
manga-11943-12704,1-211106,3,0.5775299608073539,8.939044478556205,9.178674158645054
manga-11943-12705,1-210792,-2,1.0290572354854106,9.927491205969252,9.999769154571252
manga-11943-1901,1-211040,-2,0.9686015365007634,9.850022186468125,9.991851452421896
manga-11943-1902,1-210718,3,1.309153680264206,10.198413148488605,10.032781449800867
manga-11943-3701,1-135177,0,0.7464926441160635,9.1821509054623,9.28538438937983
manga-11943-3702,1-135218,1,0.5872210948511807,9.768128665230062,9.915227486899644
manga-11943-3703,1-135606,2,0.5907796496641282,10.115468329460697,10.203816603451452
manga-11943-3704,1-594589,4,,,9.635686269813748
manga-11943-6101,1-210735,-2,1.057105610421825,10.44397208080876,10.498145918085653
manga-11943-6102,1-210769,0,0.9638799556199871,9.745078458645617,9.81233914056153
manga-11943-6103,1-569170,-5,1.024796974280676,9.991636824663974,10.067426073033834
manga-11943-6104,1-211277,1,0.7246082322017529,10.28540957625073,10.410044673679838
manga-11943-9101,1-211024,1,0.898315480337363,9.883617406585012,10.106187972482584
manga-11943-9102,1-210751,-2,1.032195511746579,10.187712108306552,10.267474549074503
manga-11944-12701,1-323378,3,0.865081374984566,10.232958103620037,10.329322527308724
manga-11944-12702,1-200103,7,0.3626440630691228,8.910542044185851,8.9838080845153
manga-11944-12703,1-200614,5,0.6502587395504058,8.953840402896038,9.14579138905346
manga-11944-12704,1-200510,3,49.06736211133593,18.492425929313274,11.06154882748711
manga-11944-12705,1-200463,2,1.0630333881923022,11.137152085783756,11.139181231612083
manga-11944-1901,1-200530,-2,0.9909482729689749,10.649859709835354,10.737144772224205
manga-11944-1902,1-200351,0,1.1533346632000026,11.159303483120002,11.18978506788275
manga-11944-3701,1-248538,-5,0.9672332447796883,9.48449747792605,9.605026253849799
manga-11944-3702,1-200272,6,0.632495570667782,9.179918479457196,9.337474616074688
manga-11944-3703,1-200251,7,0.6129912828430726,8.675505209277723,8.900066733373622
manga-11944-3704,1-200363,1,1.114079248337486,10.552201075503687,10.52481075648512
manga-11944-6101,1-248535,-5,1.0226331144379515,10.889183317020711,10.912428873914601
manga-11944-6102,1-200514,1,0.9727385177208987,10.521914617169415,10.650550805624652
manga-11944-6103,1-248565,1,0.6601964355052026,9.386585488191018,9.575662998757247
manga-11944-6104,1-200602,-5,0.9639642478818722,10.57708187776308,10.692437538180798
manga-11944-9101,1-200058,3,0.5341162617915849,10.537389208402507,10.59398165492788
manga-11944-9102,1-200527,-5,1.1072243414619578,11.272213229091816,11.26195504634866
manga-11945-12701,1-564482,5,0.8294888594124785,10.104492410072755,10.169151026064409
manga-11945-12702,1-95004,6,0.3571194810373477,9.318636646224517,9.52018977698059
manga-11945-12703,1-95381,-5,0.9853921181725944,11.396906857952262,11.450669123563648
manga-11945-12704,1-95247,6,0.6462474171511658,9.13781321663087,9.29947071008274
manga-11945-12705,1-95220,4,0.5672423196772627,10.157716657546121,10.33204760084844
manga-11945-1901,1-95223,0,1.1029860373267901,10.248441497884325,10.287757738596248
manga-11945-1902,1-569313,2,0.9383804661153512,10.046615646137552,10.0897451344985
manga-11945-3701,1-94997,0,1.0224244022995421,10.462115742848038,10.534802608106702
manga-11945-3702,1-94986,-2,0.8495183914906868,9.866517114890984,9.982179116649677
manga-11945-3703,1-96081,-2,0.9085659689937238,9.794129834372661,9.94524079161738
manga-11945-3704,1-95697,3,1.0113867047885634,10.716316647238889,10.714495447531739
manga-11945-6101,1-95069,5,0.5748741275419249,10.310373508910796,10.427680735221623
manga-11945-6102,1-95208,4,0.6223732012405776,9.918022157782962,10.035697397234845
manga-11945-6103,1-95316,3,0.5258715779104008,9.092233651172032,9.344693286734936
manga-11945-6104,1-95290,1,0.8494273105407792,10.447197552105907,10.483548615225441
manga-11945-9101,1-95000,6,0.818672994345917,9.440765937547614,9.356095568298048
manga-11945-9102,1-96067,3,1.1638353188018833,10.304311052303063,10.268201615300683
manga-11946-12701,1-211515,2,0.7881396673784735,10.248460508284294,10.280920936365023
manga-11946-12702,1-211562,3,0.9519719360615895,10.502720453196936,10.567786657177782
manga-11946-12703,1-135767,2,1.001842634141621,10.309731868031715,10.420643964227086
manga-11946-12704,1-135739,4,0.5223140446232044,10.314531078416765,10.44422930063084
manga-11946-12705,1-135738,-5,1.0491748065677875,11.003874921747204,11.043539536177626
manga-11946-1901,1-211531,1,1.0897388024677674,10.478523524906706,10.505822735565344
manga-11946-1902,1-135875,1,0.687354874207351,9.437728915010684,9.659572239513547
manga-11946-3701,1-211561,1,0.8539213659981826,9.98209927827216,10.018560203882458
manga-11946-3702,1-634115,-2,1.0460503027149208,10.475181899403303,10.561969629103471
manga-11946-3703,1-95058,0,0.020665689678327936,9.797263315070172,9.928768141132515
manga-11946-3704,1-135829,-2,1.0554080749066372,10.739233661821824,10.773724922883545
manga-11946-6102,1-211533,0,1.0282515450677785,10.790526169297195,10.867033801892791
manga-11946-6103,1-634144,3,,,10.522940897059112
manga-11946-6104,1-135727,-5,1.0420607852796877,11.261409245676049,11.285866178294835
manga-11946-9101,1-135812,3,0.8744144714869435,10.452815136345414,10.524106755737442
manga-11946-9102,1-564521,-5,0.9585392986781471,10.86325378721858,10.958036102691844
manga-11947-12701,1-564535,5,0.563560721310651,10.300244843539836,10.434591081226605
manga-11947-12702,1-211370,-5,0.9981559097253623,11.406420332284934,11.444392201870738
manga-11947-12703,1-136027,5,0.8038789078353474,10.110969415964245,10.122563731720438
manga-11947-12704,1-136044,1,49.79271637326593,18.278969692276267,10.770383751780866
manga-11947-12705,1-136034,4,1.0590838962444096,10.561309847558714,10.47336851925283
manga-11947-1901,1-136024,4,0.3341391432500238,8.828166783561036,9.097748191107408
manga-11947-1902,1-135970,1,1.0117791326560095,10.412367029677869,10.49893656184701
manga-11947-3701,1-564538,-5,1.0805308834231013,11.306626511107655,11.2905033073147
manga-11947-3703,1-135979,2,1.0722522290490524,10.810363953983606,10.860414615350646
manga-11947-3704,1-135949,3,0.84378677096025,9.538295412956055,9.609388844324295
manga-11947-6101,1-135983,-5,1.0508343218391687,11.338944549213695,11.388359178308756
manga-11947-6102,1-135927,5,0.5459859972803542,10.39500359525611,10.616959637218566
manga-11947-6103,1-136047,3,1.014808066017924,10.212941936652207,10.244083241140137
manga-11947-6104,1-136128,-2,1.0810214111340954,10.608903569647529,10.626885306195604
manga-11947-9101,1-135964,-5,1.0529847661339318,10.758502109318727,10.841790984773084
manga-11947-9102,1-135911,5,0.8127151484794624,10.399189923752235,10.39936832760298
manga-11948-12701,1-249892,4,,,9.589870996959426
manga-11948-12702,1-249663,4,0.6349591803423031,9.331809737348756,9.433037234216366
manga-11948-12703,1-634132,3,1.0348537253739067,10.760343871948146,10.729457288975537
manga-11948-12704,1-249904,3,0.5334420772268587,9.993920901128304,10.174119406407943
manga-11948-12705,1-249704,-5,1.0645879336263455,11.358681843223318,11.317710076509089
manga-11948-1901,1-249766,-2,0.14011305679492736,8.986534375074596,9.193641351786084
manga-11948-1902,1-249730,0,0.452076167242339,9.270625188215748,9.494410265301207
manga-11948-3701,1-249839,-2,1.0538000703332884,10.371033019339276,10.421926090045428
manga-11948-3702,1-249623,4,0.8189037758376401,9.410835233794188,9.575985474633633
manga-11948-3703,1-249779,-2,,,10.55993530188196
manga-11948-3704,1-249735,0,0.49952026944019323,9.329164599986084,9.495775298586176
manga-11948-6101,1-249808,2,,,9.473705288665498
manga-11948-6102,1-249612,9,0.29163160359721374,9.347850276210515,9.394693522508778
manga-11948-6103,1-564591,-5,1.0413626514803838,11.397362903627064,11.427756290582117
manga-11948-6104,1-249226,-5,0.9070339816018844,10.52981331534557,10.673136104366444
manga-11948-9101,1-249641,3,1.0036741323897083,10.329903033632602,10.320051312771136
manga-11948-9102,1-249736,6,0.38514421088136075,9.255883990621847,9.472975880747487
manga-11949-12701,1-211790,4,0.6028660306157789,10.334972288026389,10.496906162341691
manga-11949-12702,1-564539,4,,,10.750104745438206
manga-11949-12703,1-135941,3,0.5727592888832902,10.266862070475733,10.475813015327999
manga-11949-12704,1-211690,1,1.2450112293029214,11.284916081662761,11.144886102704842
manga-11949-12705,1-176385,1,,,10.657477353930153
manga-11949-1901,1-249929,0,1.2019655693533196,10.775536290400915,10.713113038488355
manga-11949-3701,1-564536,1,1.0073338669355678,11.2077970950744,11.17864278591325
manga-11949-3702,1-135971,4,0.7104683188440397,9.913730606747583,9.967105547429075
manga-11949-3704,1-211633,0,1.0587392285255746,10.501331024873886,10.493163453432262
manga-11949-6101,1-211625,2,1.0044243987111692,10.679495201626873,10.712396878762963
manga-11949-6102,1-211629,-2,1.0714085389231585,10.962282878956461,10.988672331285
manga-11949-6103,1-564537,-2,1.0975821072796883,11.205680397476051,11.218054101133974
manga-11949-6104,1-560934,-5,1.1340812553479296,11.127997488955213,11.10463089634095
manga-11949-9101,1-564540,4,0.27493305381339894,9.93252220701467,10.108273535984742
manga-11949-9102,1-211814,3,0.664601941561898,10.211013318736743,10.328247561923414
manga-11950-12701,1-634109,6,0.9145869442085903,9.900341877566694,9.92161705043246
manga-11950-12702,1-250143,-5,0.8403020825561782,10.313087125663916,10.452900711970177
manga-11950-12703,1-250192,1,0.9309815935059902,10.944889259825535,10.976833418494495
manga-11950-12704,1-249458,5,0.5278072473725857,9.288514748541775,9.504558976595012
manga-11950-1901,1-324358,-5,1.1088797529031602,10.950672972574463,10.958569473114968
manga-11950-1902,1-564585,1,0.933913697187446,11.087635229465322,11.16167941448328
manga-11950-3701,1-550868,-5,0.93500063214519,11.259178553684526,11.328876799996104
manga-11950-3702,1-564581,-5,0.9561918818087669,11.034606597079584,11.09498034860768
manga-11950-3703,1-250251,0,1.0031957172922858,10.34487965233278,10.391180502414308
manga-11950-3704,1-250071,-5,0.9316838766463391,10.342846065627732,10.489547082249082
manga-11950-6101,1-250008,-2,0.9184887928482439,10.43648591610222,10.54442922712801
manga-11950-6103,1-249539,-5,0.9703028401582579,10.413660854644656,10.497959529600745
manga-11950-6104,1-250018,2,0.4131044970307123,10.035771188765967,10.235981240528977
manga-11950-9101,1-250245,4,0.7560787148182406,11.090488680629218,11.256237712829023
manga-11950-9102,1-250009,-5,1.016647909503675,11.41372971314534,11.433071778688543
manga-11951-12701,1-250479,3,0.8784070786674398,10.373944052202836,10.455452507939793
manga-11951-12702,1-249703,3,0.5995644396254391,10.231580659738471,10.392480560925192
manga-11951-12703,1-634233,5,0.41457479254316,9.054695942498462,9.191072924303612
manga-11951-12704,1-211931,3,,,11.005320691466464
manga-11951-12705,1-211944,4,,,10.684616866237524
manga-11951-1901,1-212140,-2,0.9250271425684033,10.361087937685669,10.477559858787872
manga-11951-1902,1-212158,8,0.5222295084255748,9.143913469963886,9.363706142023716
manga-11951-3701,1-212005,5,0.438574741994735,8.983121151472977,9.18629467623194
manga-11951-3702,1-249695,-5,,-5.307757235136709,8.654029627274683
manga-11951-3703,1-212161,1,0.5669768547543512,9.188459046657618,9.376773914204929
manga-11951-3704,1-250319,1,0.9594186125454947,10.52282765736599,10.625042064805706
manga-11951-6101,1-212061,-5,1.0054399185102625,10.73809967137874,10.806955338521796
manga-11951-6102,1-211994,-5,1.0177412695050592,11.221515976944124,11.28519016377394
manga-11951-6103,1-212136,-5,1.0513062076338144,10.93271710843835,10.97175210506288
manga-11951-6104,1-211956,1,,,11.034483306635149
manga-11951-9101,1-211925,-2,,,11.299830055874999
manga-11951-9102,1-250343,3,0.7187460715759393,10.75011696309927,10.882449056365267
manga-11952-12701,1-325038,2,0.8606739872511646,10.858894262540868,10.934607819081638
manga-11952-12702,1-325866,5,0.30319088924306214,9.317327697356504,9.576300867926273
manga-11952-12703,1-325658,-2,0.7436165510918755,10.189078509443727,10.307286627542416
manga-11952-12704,1-634329,3,0.5680774121146008,10.526916231744618,10.66702302210927
manga-11952-12705,1-325399,4,0.5286388516135752,9.242869682904646,9.359410348465941
manga-11952-1901,1-325830,4,0.01947566015240554,10.278830885284833,10.582602008654607
manga-11952-1902,1-325800,-2,0.9809884382767144,10.441669496509077,10.512371847846474
manga-11952-3701,1-325636,2,0.24166029103492193,8.843441869515305,8.887078711379132
manga-11952-3702,1-325250,11,-0.1356821607545946,9.47695921935852,9.565711419347718
manga-11952-3703,1-325886,-2,0.5358430117313269,9.147679852148075,9.320154431653656
manga-11952-3704,1-634318,-2,1.0409221846383439,10.841452397963394,10.831249255894743
manga-11952-6101,1-550831,0,0.960989246545342,10.592977872725491,10.627180934789996
manga-11952-6102,1-325871,-2,0.9726624521495459,10.35021286148304,10.416065726939305
manga-11952-6103,1-325834,-5,0.9903172169081209,10.686237313199188,10.688209529850829
manga-11952-6104,1-325869,1,0.9670888746707185,10.616470814671862,10.617255115413233
manga-11952-9101,1-325544,-5,0.960236015052434,11.14556199482881,11.221820875702024
manga-11952-9102,1-325432,4,0.3220137947936479,8.935121526132413,9.141246406989925
manga-11953-12701,1-283039,5,0.4742075186625847,9.40496528266992,9.636505398168623
manga-11953-12702,1-258925,3,0.8551435548564363,10.725078420597171,10.73858320288796
manga-11953-12703,1-258915,7,0.7615284331518026,9.16851585810396,9.31980101985778
manga-11953-12704,1-283635,5,0.43168208409421993,9.3534403590721,9.577284748274986
manga-11953-12705,1-283638,8,0.31961559057410227,8.641296394882016,8.853875299690575
manga-11953-1901,1-283164,-5,0.8364883384630772,9.105176875819728,9.272151958113568
manga-11953-1902,1-283550,-5,0.9443357920761457,10.872431815379393,11.007941162363327
manga-11953-3701,1-283130,0,1.0084660132210104,9.48619651674979,9.532979236917022
manga-11953-3702,1-258885,2,0.9179510555874408,10.792546614905316,10.87966943481114
manga-11953-3703,1-259205,-5,0.59330159253728,9.375555549970843,9.646807863349387
manga-11953-3704,1-283152,1,0.9883991332451778,10.219173535433555,10.294072824143354
manga-11953-6101,1-258849,2,0.7933836535414684,10.337563324963194,10.382121188680063
manga-11953-6102,1-258903,-2,1.0623768218599885,11.169988839829617,11.172754382511458
manga-11953-6103,1-258856,-2,0.9205484235937256,10.561034489632663,10.743288069021663
manga-11953-6104,1-283662,0,0.9807357287542935,10.285526939298345,10.381584388768193
manga-11953-9101,1-258899,8,0.08730921046377205,9.125068318687623,9.224292178617961
manga-11953-9102,1-283673,-5,1.0290139096491195,11.002004567333369,11.066444529340671
manga-11954-12701,1-152093,5,0.6111010801461525,10.199439098141454,10.389825126707178
manga-11954-12702,1-152316,2,0.7334208770975295,9.170360328780005,9.367897798558587
manga-11954-12703,1-196053,5,,,9.601428611289577
manga-11954-12704,1-624592,4,,,10.71351515521726
manga-11954-12705,1-319544,7,0.5661713243523181,8.91713739070073,9.15538338209393
manga-11954-1901,1-195235,-2,0.9734516682335759,9.827579085746647,9.903376179595693
manga-11954-1902,1-152306,1,0.9546732238635798,9.97383100941376,10.02808300701784
manga-11954-3701,1-152292,2,0.5095659353121569,9.046645975265744,9.380077150687349
manga-11954-3702,1-195686,2,,,9.223466346666022
manga-11954-3703,1-195737,3,0.5134334598083292,10.021004416653172,10.226489294231229
manga-11954-3704,1-625430,9,0.1100066363113612,8.587797924834298,8.638676372601735
manga-11954-6101,1-152311,3,0.913188268249808,9.375578769544141,9.529117097642697
manga-11954-6102,1-152073,-2,1.2362213708992442,11.24433416306658,11.100483067958658
manga-11954-6103,1-195601,2,0.9556624310763482,10.077078066652428,10.095037438433344
manga-11954-6104,1-319576,6,0.15928006372390868,8.686947649933149,8.788299672322658
manga-11954-9101,1-195717,4,0.36024140882222966,9.77026132060569,9.98299856453916
manga-11954-9102,1-152334,7,0.24938687229169787,9.274313221010834,9.483601844520695
manga-11955-12701,1-195378,6,0.2728007194581181,8.947234041404183,9.110252546737318
manga-11955-12702,1-195349,3,0.8071387652840976,10.68130987341253,10.805926108962613
manga-11955-12703,1-195325,2,1.0862112596671238,10.720527060096774,10.737426987130142
manga-11955-12704,1-195761,3,1.0419454967652015,10.985035220457016,10.985548391768923
manga-11955-12705,1-195266,4,0.9112271416601807,9.61544088252711,9.613110027065435
manga-11955-1901,1-195208,-2,0.9513008354357133,9.657758390464894,9.757273946034392
manga-11955-1902,1-195282,-2,0.999527312325494,10.18968910576399,10.28842883248402
manga-11955-3701,1-195258,1,0.758843372535992,9.266518232398536,9.436472110773112
manga-11955-3702,1-195268,0,0.8658604185160073,10.181101639803867,10.31850944773582
manga-11955-3703,1-195276,7,0.4022757439607396,9.216619973002198,9.338499442806647
manga-11955-3704,1-195241,4,0.45750376689276706,9.288664178760778,9.474026211374948
manga-11955-6101,1-152040,9,0.30032104898848644,9.017136854258405,9.151831085266572
manga-11955-6102,1-195237,-5,0.9731682459798918,10.634545394784979,10.7202373039622
manga-11955-6103,1-195233,-2,0.8355994801000008,10.42211574571,10.614124021584333
manga-11955-6104,1-195753,3,0.6751987115964688,9.62758547763346,9.713250430324846
manga-11955-9101,1-195763,-5,0.9909337828901208,10.53268563992673,10.633174045550716
manga-11955-9102,1-195251,4,0.6531810854453965,10.471250451778511,10.589144014293264
manga-11956-12701,1-190121,4,0.56756579453684,9.769809996588325,9.917950498987793
manga-11956-12702,1-151624,4,1.155108644240908,10.913731759231904,10.889469671936865
manga-11956-12703,1-194994,3,0.80481938668796,11.247921954260308,11.172629694366387
manga-11956-12704,1-151639,5,0.4651152703887753,9.331394666688073,9.575875933504976
manga-11956-12705,1-620583,5,0.34021768712440803,9.661127228966713,9.918487311860023
manga-11956-1901,1-151418,2,0.9970291850286301,9.695955449532416,9.826443945169935
manga-11956-1902,1-151674,-5,0.7724613781978356,9.272975274248523,9.546676509189863
manga-11956-3701,1-151200,1,0.9993062930279919,10.07163523333297,10.190114636789481
manga-11956-3702,1-151428,-2,0.9820462591221357,9.514279380024355,9.56664871889792
manga-11956-3703,1-151695,1,0.9335769408036327,11.148120591071617,11.180250982144559
manga-11956-3704,1-151914,7,0.5910498605108963,8.892180849558413,9.065722452043744
manga-11956-6101,1-576076,-5,,,10.622860464190802
manga-11956-6102,1-190110,-5,,,11.196934032150969
manga-11956-6103,1-151429,1,0.9993447589700573,10.557005705855916,10.640781960155516
manga-11956-6104,1-151640,3,0.9313980168413138,9.674895396919885,9.808596567315382
manga-11956-9101,1-151702,5,0.5817093438418723,8.83571999179908,9.084399235575397
manga-11956-9102,1-151713,4,0.5453774964333782,8.914307997622297,9.164996977981971
manga-11957-12701,1-150901,2,0.9801803091373635,10.302026277465012,10.39156987810601
manga-11957-12702,1-150906,4,0.8693709189487571,10.272405075157204,10.32840129723159
manga-11957-12703,1-151637,4,0.9990532042603562,10.42783342317411,10.372534149663348
manga-11957-12704,1-151408,5,0.5947477534354064,9.689328407053411,9.921020146927862
manga-11957-12705,1-151237,3,0.7397769924687019,9.889192397051236,10.070899095897921
manga-11957-1901,1-151330,-2,0.8269116309666877,9.467846282836147,9.62969202294877
manga-11957-1902,1-151296,-2,0.849662941512026,10.09276761723658,10.237686142271862
manga-11957-3701,1-176122,3,1.0306721612291234,10.38999555224185,10.48565315456471
manga-11957-3702,1-151266,-2,1.0111847765247042,10.635990261744043,10.697029591133873
manga-11957-3703,1-151414,6,0.8253822034505802,9.288376923693964,9.38784323152302
manga-11957-3704,1-151264,0,0.8627276413884211,9.92645530200322,10.024938239221395
manga-11957-6101,1-150898,2,0.8040008374720848,10.594563415410676,10.66636057644292
manga-11957-6102,1-150907,5,0.5839266887958487,9.869236828620416,10.088749056993171
manga-11957-6103,1-151307,4,0.940771745645069,9.688929623519606,9.694775461632604
manga-11957-6104,1-151258,-5,0.9270854984119659,11.18338509386188,11.231489597080666
manga-11957-9101,1-151386,3,1.0030683186392437,10.68798001910058,10.718987610840552
manga-11957-9102,1-576021,2,,,9.964477712921079
manga-11958-12701,1-627411,4,0.7445952665619799,10.05672152655607,10.101584870403741
manga-11958-12702,1-627461,2,0.9509937740622689,10.284329820991983,10.296962887003822
manga-11958-12703,1-627854,-5,0.9814340996067159,11.187954014012076,11.258734066458876
manga-11958-12704,1-144443,2,1.1665833730593178,11.07428937782571,11.075439213799875
manga-11958-12705,1-144829,7,0.4308579549785634,8.615421134167889,8.887816028969837
manga-11958-1901,1-144884,-5,0.8659099997549262,9.370351878467307,9.521439735097534
manga-11958-1902,1-144445,-2,0.6834015950180934,8.799544511173309,9.002421982408077
manga-11958-3701,1-144473,5,0.2970436614979022,8.780492621293336,8.984139920957046
manga-11958-3702,1-144478,1,1.0867057004838934,10.237191889393602,10.291288534071333
manga-11958-3703,1-144889,3,0.7023556812936462,9.319594163180735,9.39377712518943
manga-11958-3704,1-144441,4,0.6361045137596903,9.092851950844052,9.321225734153922
manga-11958-6101,1-144470,1,1.0256229569019588,10.525676607595818,10.5871103257099
manga-11958-6102,1-144455,3,0.5999966331676347,9.091424457766703,9.328483515840807
manga-11958-6103,1-627746,5,0.3964669240552645,9.93569579401951,10.131181872969865
manga-11958-6104,1-68605,4,0.5961082246144116,10.491305309959824,10.612420592279245
manga-11958-9101,1-68467,3,0.4860819878512679,9.514128534806536,9.618828152574947
manga-11958-9102,1-144990,3,0.7672796289125863,10.635081762944921,10.674521799417121
manga-11960-12701,1-336461,4,0.6101562574948822,10.431502274922634,10.5895368813433
manga-11960-12702,1-336336,5,0.5110665211028653,10.217076674311551,10.260648901842071
manga-11960-12703,1-336486,4,0.8632580406989021,10.540380014226326,10.530832243957645
manga-11960-12704,1-336690,5,1.0263328491199992,10.916050428592,11.0067370173545
manga-11960-12705,1-564656,3,0.9236077511630718,10.64125149338972,10.710784015863918
manga-11960-1901,1-496457,9,0.12356295300256548,9.792533160756712,9.921369231048931
manga-11960-1902,1-336849,0,0.9711023263850613,10.378462214689009,10.42670508911361
manga-11960-3701,1-336458,-2,0.7118749000811491,9.600519010720774,9.712084043591663
manga-11960-3702,1-336867,0,0.9690002110653531,10.79907940258798,10.870902267724466
manga-11960-3703,1-633283,-5,,,10.9466924361502
manga-11960-3704,1-336436,-2,1.0654919706173516,10.722993516202523,10.740532978503838
manga-11960-6101,1-336406,-5,0.9891922372420261,10.717906543779579,10.792196773627785
manga-11960-6102,1-336432,1,0.9111591957210372,10.490556396438354,10.592935753688556
manga-11960-6103,1-497734,0,0.9612173815420206,10.502188730909575,10.614953923600432
manga-11960-6104,1-497686,1,0.934807348842071,10.693351821216702,10.676417950881682
manga-11960-9101,1-336885,1,0.6175929394203337,9.644877216114091,9.776643371042315
manga-11960-9102,1-564644,-5,0.9270579262579624,11.059513742113202,11.135255000190817
manga-11962-12701,1-566344,-2,0.9067992074218161,11.05603991401781,11.139260027524683
manga-11962-12702,1-560357,-5,0.9365874194792347,11.381542746414091,11.438603019205246
manga-11962-12703,1-333735,7,0.37395920635428936,9.162313173458342,9.395995267955106
manga-11962-12704,1-333696,4,0.5836136157337215,9.52446902490666,9.699765510820972
manga-11962-12705,1-333721,4,0.5283576619737183,9.745854984524764,9.828451030572324
manga-11962-1901,1-363685,-5,49.69781324783594,18.46072442146328,11.005159887317587
manga-11962-1902,1-363805,-2,1.051800526540898,10.223893523031416,10.280568013641377
manga-11962-3701,1-566335,1,1.0127195263350224,10.10455699911748,10.170229435551429
manga-11962-3702,1-363769,-5,0.9066030442191249,9.782217309650854,9.917327344005745
manga-11962-3703,1-631833,-5,1.0578895455253594,10.851394738064933,10.863544561424654
manga-11962-3704,1-631910,-5,0.8268287021660043,10.601947472018864,10.776981424104614
manga-11962-6101,1-364088,-5,1.024503475231537,11.045400526509862,11.073708381615758
manga-11962-6102,1-364053,2,0.3313595893554222,9.826035279786387,10.046580844173782
manga-11962-6103,1-333770,-5,0.8859717791959731,10.724009601948987,10.868334327243602
manga-11962-6104,1-364106,3,0.4723024158005096,9.571822854924983,9.772073457029231
manga-11962-9101,1-363493,4,0.6161817184342198,8.9297184567661,9.162240924866577
manga-11962-9102,1-566397,-5,0.9137976017062961,11.067226850447463,11.163331420469309
manga-11963-12701,1-335786,3,0.903683343886236,10.064813620269476,10.016728432730497
manga-11963-12702,1-336005,7,0.3310577976327238,8.669022079459596,8.841032218312657
manga-11963-12703,1-336034,4,0.41114908840566144,9.015805405623446,9.197818006089918
manga-11963-12704,1-336081,5,0.3534922899361632,9.39556430136637,9.639959473148004
manga-11963-12705,1-335797,5,0.5682474829306692,9.422699953647186,9.624371916388714
manga-11963-1901,1-335523,-5,0.4144014878442128,8.841367293066611,9.005351424386818
manga-11963-1902,1-335507,1,0.9493729003001974,10.34578757997798,10.454398145137825
manga-11963-3701,1-593898,-5,,,11.029483268430655
manga-11963-3702,1-335803,-5,0.9022854144958075,10.723427542917047,10.830969872190796
manga-11963-3703,1-336083,-5,1.0441329313156977,10.992408671414571,11.02074443647707
manga-11963-3704,1-336267,-2,0.959586501069051,10.502153552965604,10.572560982202338
manga-11963-6101,1-335823,0,0.8990724242961505,9.827945201711877,9.962521951285018
manga-11963-6102,1-633099,5,0.31829307551297603,9.009466882311727,9.20169490997957
manga-11963-6103,1-335511,-5,1.0361804526691216,10.63963491154585,10.694866635694988
manga-11963-6104,1-336073,-5,0.9526847133315393,10.987998875219864,11.100023004979054
manga-11963-9101,1-336001,1,,,9.816817633958431
manga-11963-9102,1-336095,3,0.48045858245107453,9.931904336497633,10.122621336380274
manga-11965-12701,1-365037,1,0.9231467742464616,10.118217298062936,10.231961792177447
manga-11965-12702,1-335253,11,0.6383485590401214,9.200434105321838,9.409843247181735
manga-11965-12703,1-335102,6,0.39297090563367476,9.45993576132834,9.682985944386147
manga-11965-12704,1-335239,-5,0.8990663386409068,10.465506474271903,10.620783431285467
manga-11965-12705,1-335905,3,0.9428673396011789,10.859100711056364,10.942455071751349
manga-11965-1901,1-335174,1,0.5953599811500041,9.336898151465004,9.698361339905311
manga-11965-1902,1-335949,11,0.5511586379379523,8.962281221670713,9.15776030550495
manga-11965-3701,1-365011,-5,1.1639900995555763,10.47099511264689,10.33863037580102
manga-11965-3702,1-335380,-2,1.005789977273725,9.947103272120662,10.02583566804205
manga-11965-3703,1-335141,3,1.0225757506457782,10.666370654065279,10.558125793194364
manga-11965-3704,1-365004,-5,0.958471460155021,9.864443701348998,9.990079355151895
manga-11965-6101,1-560666,-5,1.0417343722409065,11.260825088031902,11.305002977168199
manga-11965-6102,1-335376,-2,0.9323049064513071,10.30942467417088,10.436835615885458
manga-11965-6103,1-593789,3,,,9.291490773279302
manga-11965-6104,1-335172,0,0.9668520158701135,10.502221108114242,10.601128843622227
manga-11965-9101,1-335268,1,1.0343021724581192,10.623479533704186,10.641354633342424
manga-11965-9102,1-335448,3,0.892783444015663,10.378240550239038,10.434146379113445
manga-11967-12701,1-335307,6,0.4883151212694621,9.221251320307127,9.36057817323429
manga-11967-12702,1-335446,4,0.5520987915198994,9.519205532729467,9.755268019664115
manga-11967-12703,1-335046,4,0.890098995448632,11.018266462624062,11.085489729915201
manga-11967-12704,1-334781,2,1.0775689345701167,10.891540285758014,10.742585553489892
manga-11967-12705,1-593860,4,,,9.80137571667465
manga-11967-1901,1-335441,1,0.5089467805455428,9.816722290098525,10.091134506304202
manga-11967-1902,1-335454,-5,1.0501658244051306,10.532601787554368,10.590758600028613
manga-11967-3701,1-632581,-5,0.9256072347193758,10.4614526432081,10.592726519330594
manga-11967-3702,1-335059,-5,0.9803641218336452,10.16794630939641,10.241515924514228
manga-11967-3703,1-334776,0,1.0461218721084862,10.400545477450404,10.435569278775517
manga-11967-3704,1-335450,1,0.9101231828476024,9.880343821811824,10.00731053314646
manga-11967-6101,1-335427,-5,0.8277308783725239,9.185171579882498,9.318168805602882
manga-11967-6102,1-335331,11,0.6237104552368038,9.147094312481336,9.342011525235023
manga-11967-6103,1-334827,-2,1.0516761361018254,11.35822568449676,11.343485597925655
manga-11967-6104,1-335584,-5,1.078282572806291,11.32098167345746,11.246583757187924
manga-11967-9101,1-335328,-5,1.1147350984798976,11.070606266865466,11.01541475138254
manga-11967-9102,1-335527,6,0.3602658368382521,8.774527201741707,9.01907589294756
manga-11968-12701,1-364526,1,0.8983910448831622,9.779406567592465,9.927038026302698
manga-11968-12702,1-631993,3,1.0500979698065755,10.301217117052548,10.317150776058083
manga-11968-12703,1-364880,-2,0.6410080413799868,9.237367097461616,9.437775320070223
manga-11968-12704,1-335271,1,1.0726698340026743,10.795650157055626,10.762400045920678
manga-11968-12705,1-364875,0,0.9190261473096903,9.850972515149051,10.005187722075654
manga-11968-1901,1-364189,-2,0.9486952477064854,9.816929684700863,9.917842364090914
manga-11968-1902,1-364842,-2,1.0292048910781233,10.117744238746189,10.14724407119661
manga-11968-3701,1-631998,-2,1.2100384364596195,10.356740233524288,10.22978890561438
manga-11968-3702,1-334549,-5,1.0452535676768377,10.769180954690171,10.820381316079402
manga-11968-3703,1-334736,1,0.6069701757032391,9.749144583354806,9.917680840902221
manga-11968-3704,1-632016,1,1.3126598530513967,10.284277234381621,10.109217801095115
manga-11968-6101,1-334508,-5,0.8382763790161611,10.660985182394366,10.829442531876033
manga-11968-6102,1-363834,1,1.0209357555450254,10.146296346728484,10.206976908717046
manga-11968-6103,1-334462,0,0.8413854279615265,9.28057895987225,9.21396077695416
manga-11968-6104,1-364935,-5,0.962833760820061,10.07772835449092,10.176212468206092
manga-11968-9101,1-364389,5,0.6750256729007411,9.313800063556199,9.522615152783716
manga-11968-9102,1-632201,3,49.459062861415944,17.655552261441283,10.312033329653177
manga-11969-12701,1-363508,2,0.938860464294379,11.081318425657656,11.068408312017212
manga-11969-12702,1-364167,4,1.134320660519169,10.999903893323879,10.963635514335353
manga-11969-12703,1-363831,2,0.9843032077376428,10.75007761208419,10.794862821162146
manga-11969-12704,1-364204,-5,0.9367438816108518,11.243936723753974,11.314911790648326
manga-11969-12705,1-593707,5,,,9.596792374285657
manga-11969-1901,1-333771,-5,0.9879257392489151,10.05099520502408,10.111317637323916
manga-11969-1902,1-364539,-2,1.2875929851839274,10.461503817673723,10.271428249519014
manga-11969-3701,1-560594,1,1.2342342918642082,10.419848423248608,10.27750999131789
manga-11969-3702,1-364513,1,0.9694270953066351,10.468905449861824,10.572744662830303
manga-11969-3703,1-334478,0,0.9186115847782474,10.630039973195704,10.765740084544072
manga-11969-3704,1-364321,5,0.7629873428673761,9.789235737163185,9.899755429955844
manga-11969-6101,1-364324,1,0.5427421282894649,9.67377478807595,9.899967628944554
manga-11969-6102,1-364559,1,1.0504999151387047,10.656785625948238,10.632746260005241
manga-11969-6103,1-364507,-5,0.8507717131087666,10.127219443909585,10.268107645002564
manga-11969-6104,1-364846,4,0.5567568386376713,9.727819474619395,9.843663867717721
manga-11969-9101,1-364175,1,1.0428768009215332,11.119325789008254,11.071131760013246
manga-11969-9102,1-364863,1,0.7618875959676892,9.837761908715152,9.896193369695563
manga-11970-12701,1-631727,9,0.3936019972167095,9.189341544063073,9.385155714116188
manga-11970-12702,1-333272,3,0.305694830516142,8.861435078783389,8.84296744719072
manga-11970-12703,1-333998,4,0.5590707009732974,10.014292466328849,10.17515971239202
manga-11970-12704,1-333381,7,0.9935112175384901,10.56184842226341,10.649748867242081
manga-11970-12705,1-333928,5,0.404710956734867,9.096158828626033,9.278444639130036
manga-11970-1901,1-333410,0,0.709771050995851,9.271464148640419,9.431572497040737
manga-11970-1902,1-333290,2,1.1317580209950862,10.520348769102526,10.51103638296804
manga-11970-3701,1-333784,6,0.43759322094424746,9.213295214759029,9.425330670626892
manga-11970-3702,1-566330,5,0.13439882714844842,9.092848434610683,9.276791926307466
manga-11970-3703,1-334206,11,0.9623168546384058,11.017075939722673,11.099425824001013
manga-11970-3704,1-333018,8,0.3052891205284922,9.14464890880289,9.723113273638532
manga-11970-6101,1-333824,4,0.845482501922568,9.803909641528712,9.780715269040828
manga-11970-6102,1-333429,3,0.6920569604566928,10.394959788064796,10.556646108884733
manga-11970-6103,1-333431,1,0.857540821824518,10.737787225490665,10.826365488239764
manga-11970-6104,1-333806,-5,0.997826715994865,11.487852542692032,11.544217713661025
manga-11970-9101,1-333832,6,0.26557045063777807,9.290537716253713,9.39317167472685
manga-11970-9102,1-333958,-2,1.0597719972177728,10.87606472653171,10.889214106282573
manga-11974-12701,1-336777,4,49.42286894313593,18.14029166669327,10.803860958265973
manga-11974-12702,1-337116,3,0.6203759990428459,10.37411761310662,10.52733935477157
manga-11974-12703,1-497670,2,1.0384326453754085,11.057998267368252,11.03281237757162
manga-11974-12704,1-336890,6,0.5768434889750971,9.346107691220517,9.444364150491984
manga-11974-12705,1-336953,-5,1.0103865267206729,11.27263241506797,11.300153857120124
manga-11974-1901,1-336906,-5,1.0365296279706797,10.524308118533924,10.545521612385757
manga-11974-1902,1-336913,1,0.43059662072429106,9.050772710825342,9.113795132376666
manga-11974-3701,1-337227,-5,0.941357878833287,10.841193941256144,10.900358497309298
manga-11974-3702,1-497602,2,0.9335289207368369,11.064297911922807,11.107025898358302
manga-11974-3703,1-633383,5,0.4981333988529215,10.28779624320187,10.400989351948459
manga-11974-3704,1-337237,0,0.4232773665639158,9.380281204107636,9.573263196382857
manga-11974-6101,1-336908,1,0.9720626626001163,10.477491852517833,10.481069089317522
manga-11974-6102,1-337230,-2,0.8016035276289095,9.746452124551595,9.893057856721567
manga-11974-6103,1-498583,6,0.2445991001192418,9.163157162568577,9.280681787515421
manga-11974-6104,1-560607,-5,1.0814645976584885,11.089199758955406,11.08189850466252
manga-11974-9101,1-337228,8,0.32052394130912276,9.268666106239369,9.348330510982855
manga-11974-9102,1-633466,5,,,10.941624488523399
manga-11975-12701,1-634149,8,,,10.072563902906438
manga-11975-12702,1-594681,4,0.8695230354958063,11.601641734017047,11.67146321362422
manga-11975-12703,1-325389,3,0.1782739326824796,8.662838807829756,8.836111873647011
manga-11975-12704,1-325495,7,49.334025786035944,18.846952231083282,11.650257999078498
manga-11975-12705,1-270417,5,0.2843908156910935,10.021112789788841,10.261744228562295
manga-11975-1901,1-272728,-2,1.0364255414030765,10.445679923773726,10.450882131475183
manga-11975-1902,1-325760,-2,0.47287323875315934,9.062592282809462,9.293093385548406
manga-11975-3701,1-272745,1,1.0814013058889103,10.704173485517595,10.675871943120832
manga-11975-3702,1-325492,1,0.9000509675810484,10.547561066294843,10.596336440733028
manga-11975-3703,1-272950,1,0.5671214714795845,10.428707994033049,10.60157528716621
manga-11975-3704,1-270445,2,0.5892339050059938,10.522344916475538,10.698013443003893
manga-11975-6101,1-270469,2,0.5754105092970327,9.975098212631373,10.101392037432166
manga-11975-6102,1-272877,-2,0.9570256554254151,11.047715251823256,11.12321660082843
manga-11975-6103,1-272772,3,0.7212789629381504,11.067631124784583,11.209759705388986
manga-11975-6104,1-543599,2,0.6869393396565258,10.25648618248332,10.353221592749323
manga-11975-9101,1-543596,-2,0.9061620197520561,11.218587275772512,11.3245341085111
manga-11975-9102,1-325063,1,0.8253870444008733,10.959750332655364,11.01270759164757
manga-11976-12701,1-545967,4,0.8945001375458475,10.695501322879526,10.74275316713213
manga-11976-12702,1-594224,7,0.4188631369451912,9.294026795364529,9.464964924574886
manga-11976-12703,1-446242,3,0.7869423059016825,10.339959822400859,10.421953738469904
manga-11976-12704,1-546250,-2,1.1816794571021347,10.954322252442353,10.846644350291697
manga-11976-12705,1-446290,3,0.6322938980319641,10.006130608003879,10.208903542666055
manga-11976-1901,1-545946,0,0.25792122277255203,9.09467412036863,9.338837708517735
manga-11976-1902,1-446229,0,0.9171886582382243,9.33242944272435,9.349667343084835
manga-11976-3701,1-444980,3,0.677207235642264,10.66733886976998,10.725994319969896
manga-11976-3702,1-545973,-5,1.0407698849409392,10.744900043981543,10.797747354637018
manga-11976-3703,1-546345,3,0.706609714553224,9.385836865055191,9.358310254188222
manga-11976-3704,1-444671,6,0.4998892704550606,9.04559973832601,9.180645770620977
manga-11976-6101,1-546482,0,0.833104867646199,9.885498807495305,10.020398825948636
manga-11976-6102,1-445027,9,0.499351534395192,8.97317853715953,9.183341802452533
manga-11976-6103,1-446231,-2,1.1025939247531582,10.87766626940946,10.873644254408573
manga-11976-6104,1-446257,5,0.2131787955384965,8.862686805193894,8.969638547695968
manga-11976-9101,1-445042,5,,,9.90222398238627
manga-11976-9102,1-633849,4,0.5790268905537204,10.145137157002768,10.329803627967678
manga-11977-12701,1-325995,4,0.711327093716239,10.091098564756589,10.07544224365369
manga-11977-12703,1-326068,1,1.0140184505706742,10.774312691102974,10.799666065569953
manga-11977-12704,1-326041,7,0.4253666608771205,8.478270822216825,8.658655297557535
manga-11977-12705,1-325973,5,0.44049439958658354,9.174034828450559,9.35176624525992
manga-11977-1902,1-326031,3,0.8605343128653544,10.27750285296798,10.393381280395358
manga-11977-3701,1-273185,1,0.672591315108118,10.102536274453293,10.248699035514315
manga-11977-3702,1-325727,2,1.091134038319705,10.2145826249956,10.150230118320303
manga-11977-3703,1-325672,-5,1.0402934219727484,11.009715391552996,11.044428977653375
manga-11977-3704,1-325967,-5,0.9313495196016213,10.174596492517715,10.313514413118053
manga-11977-6101,1-325660,-5,0.8300043232260279,10.349909058320419,10.466241206685755
manga-11977-6102,1-325994,-2,0.9769320120149239,10.471912662833306,10.542365378764416
manga-11977-6103,1-325684,-5,0.9592735965633779,10.620309848205295,10.685413413262077
manga-11977-6104,1-324562,-2,0.8252630227874924,10.927385159998694,11.042192491150775
manga-11977-9101,1-273287,6,0.2902809759093756,8.936076918237102,9.14547119617075
manga-11977-9102,1-325958,1,0.9118270801674484,10.143399478983323,10.193868692066127
manga-11978-12701,1-294537,3,0.6309802366739845,10.400484974507577,10.540333604949305
manga-11978-12702,1-294572,7,0.2477388101643534,9.217584010688618,9.324829650799522
manga-11978-12703,1-294860,4,0.3580534800770323,10.29140415112937,10.529869342238698
manga-11978-12704,1-294564,5,0.4068296414245651,9.250740199424035,9.460554629562205
manga-11978-12705,1-634114,5,0.6464766300803646,10.377602701232489,10.519261821838809
manga-11978-1901,1-294598,2,0.4788753536245878,9.245016821024645,9.431087175282038
manga-11978-1902,1-294645,-2,0.8307535024656545,11.19335924036944,11.327741598891064
manga-11978-3701,1-294587,-2,0.99310558634253,10.618748977009503,10.690191772514943
manga-11978-3702,1-294674,0,0.43591086071571183,9.282171683782412,9.500510361827972
manga-11978-3703,1-273120,-5,1.0138172194372146,10.501730185154514,10.581453706444325
manga-11978-3704,1-294599,-5,0.9248804868449518,9.845478368538236,9.97402743550373
manga-11978-6102,1-550802,-2,0.6939293163391724,10.783830261163699,11.061105130829358
manga-11978-6103,1-294864,-5,0.7348682478309883,9.762138070865978,9.926398613118716
manga-11978-9101,1-294517,-2,0.9304754336044532,10.701960021564796,10.816003546549512
manga-11978-9102,1-634183,4,,,10.054993757013337
manga-11979-12701,1-270519,1,0.9698716267288816,11.276322169009665,11.347817907678333
manga-11979-12702,1-273092,2,1.1006669380605096,10.900271310290982,10.850838286858725
manga-11979-12703,1-273213,3,0.7941983529003664,10.558483154494493,10.681599861746491
manga-11979-12704,1-270321,3,0.49139682731595613,9.979384903428352,10.175974678770965
manga-11979-12705,1-273186,3,0.9229453403545769,10.724547038217528,10.801501144339985
manga-11979-1901,1-270517,-5,0.7619086086106925,9.252136886282988,9.384684591968583
manga-11979-1902,1-270677,-2,0.9867254255778306,10.168892812206519,10.221633312184565
manga-11979-3701,1-270307,2,0.9005991776448887,11.330614319653531,11.371923668990723
manga-11979-3702,1-270506,2,0.7881532109295577,10.081168259140213,10.117788626651123
manga-11979-3703,1-273237,1,1.0720273668094507,10.389608610026048,10.285159218355975
manga-11979-3704,1-273110,2,0.990208157754715,10.353747895467535,10.397291870599185
manga-11979-6101,1-270298,2,0.9146357227016502,10.630010063203871,10.71556389932826
manga-11979-6102,1-273022,1,0.9649645438215302,10.457123323398251,10.485730509669875
manga-11979-6103,1-273098,3,0.5775618375699096,9.010076147914956,9.202731606387802
manga-11979-6104,1-270655,1,0.9382611427119549,10.371041564266815,10.4575524949127
manga-11979-9101,1-270268,3,0.9052426793669746,10.716749699765812,10.797053388479325
manga-11979-9102,1-273041,2,0.49343195588217625,10.297814962136975,10.439038094897553
manga-11980-12701,1-273063,2,0.4068935662003632,9.058691341524488,9.292683242428133
manga-11980-12702,1-270684,5,0.8115098203748872,10.373866907530639,10.392554843626728
manga-11980-12703,1-324715,4,0.9181638704664579,11.385484689264931,11.361728326958904
manga-11980-12704,1-270734,2,0.91316291151713,10.523205507331777,10.615061205023046
manga-11980-12705,1-270550,7,0.4694654846030737,8.698660550893724,8.946772070952644
manga-11980-1901,1-324730,-5,0.8648992009350422,9.778128351865838,9.626902409754978
manga-11980-1902,1-326001,1,0.8967729999490608,10.083819666304095,10.23815433691282
manga-11980-3701,1-273054,-2,0.8440342498925837,10.008328355073774,10.19338618198565
manga-11980-3702,1-273239,-5,0.964970464527596,10.119136879499818,10.1492723027718
manga-11980-3703,1-270725,-5,0.9362298740298094,10.440335998542142,10.535942203773915
manga-11980-3704,1-270728,5,0.5610980329262212,9.133708022554409,9.29439776978354
manga-11980-6101,1-273282,-5,0.9752716180766363,10.660659173668824,10.733856474726753
manga-11980-6102,1-270673,0,0.9171445693024332,10.35220988350381,10.445111100384963
manga-11980-6103,1-270631,1,0.9937290239569521,10.897979992422421,10.894399396021495
manga-11980-6104,1-272985,1,1.0152807978120286,10.835888783566581,10.875584359946584
manga-11980-9101,1-270712,2,0.9874262984503339,10.381413749052985,10.45586995568708
manga-11980-9102,1-324740,5,0.9559507542598205,9.626729333421913,9.62943000842486
manga-11981-12701,1-294261,7,0.41687861537421256,9.011171116989612,9.148220474112952
manga-11981-12702,1-594816,5,49.19680229238594,17.590205629868283,10.374338908399649
manga-11981-12703,1-273366,-5,,,10.365384453220152
manga-11981-12704,1-594878,3,0.738685141359376,10.3312714488321,10.458708750309032
manga-11981-12705,1-294092,-5,1.0377247552277815,11.072699653353197,11.08092386237899
manga-11981-1901,1-294016,1,0.5778446213255464,9.149471897596529,9.335178899751806
manga-11981-1902,1-293928,-5,0.3853651160094351,8.957149301485073,9.16299884207148
manga-11981-3701,1-294140,7,-0.06621840174328497,8.742789088727076,8.757496891843362
manga-11981-3702,1-294260,2,0.48926688934924556,9.021230081961582,9.267959902822982
manga-11981-3703,1-294015,0,0.8406623187210229,10.007607876241968,9.957463280441242
manga-11981-3704,1-294241,1,0.7863629122197864,11.015893675135962,11.096700736883973
manga-11981-6101,1-293932,8,0.2032973128288873,9.48329097451967,9.601711753864187
manga-11981-6102,1-634404,-5,,,10.722205338844942
manga-11981-6103,1-294262,4,0.5525436745901189,9.410926323196726,9.61414867827838
manga-11981-6104,1-273422,2,0.8047671449139884,10.731111162691581,10.768329028133877
manga-11981-9101,1-294237,5,0.4398249973190609,9.247569700971093,9.46755394487086
manga-11981-9102,1-294090,3,,,10.348537605884797
manga-11982-12701,1-96353,5,,,10.275479372113718
manga-11982-12702,1-96324,-2,,,11.013488767753419
manga-11982-12703,1-96307,5,0.5323024152160087,9.092454413773869,9.195528711668203
manga-11982-12704,1-595879,5,,,10.08147124050137
manga-11982-12705,1-96246,4,0.8123012508754037,9.61928252295741,9.731008276010048
manga-11982-1901,1-96416,4,0.9426975251032452,9.259439184725432,9.37464018038807
manga-11982-1902,1-96436,-5,0.7285695499054121,9.431180741991254,9.601010500260031
manga-11982-3701,1-96299,0,0.9996910921245679,10.68989698992452,10.711257950475309
manga-11982-3702,1-96265,6,,,8.799372603339558
manga-11982-3703,1-96410,0,0.5833064742855818,9.81924792885448,10.027900099101386
manga-11982-3704,1-96434,2,1.002454408275522,10.544137437260918,10.600798489804927
manga-11982-6101,1-96322,5,0.357596943677283,9.088948409958759,9.312368238974313
manga-11982-6102,1-96319,4,0.6097374943734302,9.633643526780153,9.849693418144684
manga-11982-6103,1-96398,-5,0.9972534820691266,11.198656607085853,11.241947992431003
manga-11982-6104,1-96555,4,0.8652401860223051,10.101061347436758,10.182358550062593
manga-11982-9101,1-96301,3,0.47395939334671766,9.176127820510295,9.383148014068649
manga-11982-9102,1-96451,3,0.3286104552529139,10.404703438205708,10.583975669901237
manga-11983-12701,1-634628,-5,0.9775910876787606,10.81712337749658,10.787123039053899
manga-11983-12702,1-22659,4,0.5313487447743803,9.97607923242566,10.138691746467176
manga-11983-12703,1-22720,-2,,,11.148293788767626
manga-11983-12704,1-23204,-5,1.0057735107121673,11.521701795405754,11.541727103532564
manga-11983-12705,1-23179,3,0.6540262224547106,10.475076562237529,10.668308715382441
manga-11983-1901,1-22648,1,0.9529979217211348,9.812119250374993,9.886718957443772
manga-11983-1902,1-22572,-2,,,9.457840281157422
manga-11983-3701,1-22450,1,0.4084579985020511,8.680948213397508,8.921220438189662
manga-11983-3702,1-23189,8,0.531709980657542,8.875752181807261,9.114144484292096
manga-11983-3703,1-22542,-5,,,9.218608940462573
manga-11983-3704,1-23142,-5,0.9944401901684863,9.542442334596405,9.635407668245556
manga-11983-6101,1-22259,-5,1.0447031129296889,11.181897981891051,11.205017122090945
manga-11983-6102,1-22601,1,,,10.818245561824451
manga-11983-6103,1-22538,1,,,10.967686853367525
manga-11983-6104,1-23274,4,0.3563764718991287,8.994191637938856,9.214834049829955
manga-11983-9101,1-23229,0,1.0835264735386332,10.84906998277342,10.872856408719551
manga-11983-9102,1-22599,-2,,,10.928760342740974
manga-11984-12701,1-273427,5,0.4257876190093235,9.97543755203112,10.199197639449498
manga-11984-12702,1-273477,3,0.8368979587830978,10.32083235368365,10.432548574716018
manga-11984-12703,1-324942,5,0.341826194590503,9.122110692983497,9.380281627904822
manga-11984-12704,1-324662,3,0.9462603364229238,11.320183334054763,11.369672999345925
manga-11984-12705,1-324693,4,0.5080577870314613,9.083908789889382,9.278637308751152
manga-11984-1901,1-324677,6,0.5166281274768387,8.820898848870172,9.010026209724456
manga-11984-1902,1-273335,-5,0.8589716925034345,10.035466436596288,10.194050161951496
manga-11984-3701,1-324891,1,0.817964457558098,10.073272597121424,10.074810554964587
manga-11984-3702,1-324877,0,0.9868458697923046,10.539459856343758,10.560935986182123
manga-11984-3703,1-324881,-5,0.8026389436628207,10.175887660671638,10.320199811165912
manga-11984-3704,1-273311,2,0.8683221669007395,11.025169826956198,11.1500776122243
manga-11984-6101,1-270739,11,0.9120575278487628,10.80308806324358,10.897841546822097
manga-11984-6102,1-324698,2,0.9392271396930738,10.385399444412723,10.471965210662097
manga-11984-6103,1-634525,3,0.4104081305429723,9.794571144484724,9.985823131154142
manga-11984-6104,1-324517,0,0.9114874390274856,10.958700774982688,11.01064132041108
manga-11984-9101,1-324879,5,0.4995675983288841,9.685569850569665,9.894107041410065
manga-11984-9102,1-324664,7,0.4972147694854385,9.332701343921183,9.551191711154777
manga-12066-12701,1-26079,4,0.8060562070635946,10.841759592315661,10.877676310484546
manga-12066-12702,1-26071,5,0.7078842091772941,9.323432760733821,9.452167955964587
manga-12066-12703,1-205351,3,1.0205610273763632,9.889175236877511,9.684581806713727
manga-12066-12704,1-193038,7,0.45539614347244495,9.833877568141766,10.05818060152034
manga-12066-12705,1-635845,5,0.5024459648314661,10.536333347869386,10.77306126265944
manga-12066-1901,1-26186,4,0.39965821667068724,9.475466702428983,9.705773509870173
manga-12066-1902,1-550980,11,,,8.599816395114196
manga-12066-3701,1-635804,1,0.931861776637593,10.341701523500817,10.359069386722231
manga-12066-3702,1-26031,1,0.8669773919121582,11.230706078325746,11.237016333318754
manga-12066-3703,1-26172,2,0.7027166934285027,10.0689253971031,10.115085979971447
manga-12066-6101,1-26020,1,0.6263936357592357,10.402558700962091,10.571421263948762
manga-12066-6102,1-26035,-5,0.802731115035975,10.655885465292988,10.739598353876275
manga-12066-6103,1-26025,0,0.5927009182136125,10.189210364596676,10.329389478173415
manga-12066-6104,1-550979,-2,,,9.487053389737259
manga-12066-9101,1-26135,3,0.6221762236337547,10.570145286586829,10.697303724581028
manga-12066-9102,1-26001,0,0.8676941465853396,10.107344706289489,10.187442879265383
manga-12067-12701,1-635999,4,0.8822737724655205,11.196049721224028,11.2324918075321
manga-12067-12702,1-550989,2,0.938869412571993,10.978029328909344,10.985801799181232
manga-12067-12703,1-26934,4,0.363915045924017,10.211392641968374,10.350310443679222
manga-12067-12704,1-26670,4,0.7920626503023342,10.809185978861745,10.827753247071357
manga-12067-12705,1-26682,3,0.9746118275764992,10.79518837120882,10.839858249961653
manga-12067-1901,1-26634,-2,0.8018708881256487,9.441340572675434,9.652348953923433
manga-12067-1902,1-26436,2,0.8361916088575292,10.826007473043166,10.771144612810538
manga-12067-3701,1-26470,1,0.6928282391700016,10.071969707047002,10.322772915350319
manga-12067-3702,1-26641,-5,0.9229644940382506,10.882664678261705,10.946491565902825
manga-12067-3703,1-550999,4,,,9.298939075660824
manga-12067-3704,1-26788,0,0.9233957482853583,10.50959474798093,10.57771961829426
manga-12067-6101,1-26458,5,0.4598120978201763,10.211678380383109,10.387361382678533
manga-12067-6102,1-26462,-2,1.0970697183987745,11.023860735379072,10.96278363584628
manga-12067-6103,1-26768,-5,0.9843215384420247,11.281220520699579,11.328618542388226
manga-12067-6104,1-27113,-2,0.8721546783313094,10.104475364678883,10.230654728190334
manga-12067-9101,1-26853,2,0.41145667485664816,8.976326069531423,9.215522855423682
manga-12067-9102,1-26904,-5,0.8236325058494494,10.888759730490046,10.976471399387115
manga-12068-12701,1-639858,7,0.37338181745438703,8.757734815710036,9.005751543158233
manga-12068-12702,1-551039,-5,0.9392733025149198,11.1288604803833,11.192685209783066
manga-12068-12703,1-27443,4,0.4441697111491436,10.191207720639046,10.419942224051775
manga-12068-12704,1-27363,6,0.3514900967675345,9.06977324482417,9.305621386557487
manga-12068-12705,1-27295,3,0.7302171846427719,10.270807882416262,10.415525936663213
manga-12068-1902,1-26944,-5,1.0196181834884008,10.759973541257667,10.725128380009304
manga-12068-3701,1-551011,-5,1.1573685994548661,11.703582106978034,11.498422849201985
manga-12068-3703,1-27409,4,0.39157319228777254,9.07723512226871,9.324005633001732
manga-12068-3704,1-26965,6,0.3098766851865804,9.221198215410555,9.363277237362041
manga-12068-6101,1-27044,0,,,11.437326078261322
manga-12068-6102,1-27327,0,0.9400859401418735,10.915623236129079,10.993667733720505
manga-12068-6104,1-106204,4,0.5206358035783794,10.860644305977209,10.997310459240628
manga-12068-9101,1-27376,4,0.5653056068821805,10.272339078968763,10.36573024239962
manga-12068-9102,1-26985,2,0.9524915066116506,10.864267784584872,10.896007896402008
manga-12069-12701,1-27404,6,0.48648054909445193,9.089439900723796,9.284240031063213
manga-12069-12702,1-636443,7,0.48592386451601044,8.877130592403871,9.05282601814175
manga-12069-12703,1-551029,-5,1.1091005755688812,11.388510714653664,11.32857590910635
manga-12069-12704,1-27482,4,0.7070381183956727,10.772553134182564,10.880248699375512
manga-12069-12705,1-27599,4,,,10.477685962446143
manga-12069-1902,1-27742,3,0.4293397523524405,9.159902678258817,9.299655822497208
manga-12069-3701,1-551031,-5,1.0950385578239192,11.312887831373638,11.238933516358937
manga-12069-3703,1-27218,-5,0.9999533410607668,11.124677947964127,11.157345233518472
manga-12069-3704,1-106251,-2,1.023796370601172,11.054349010025875,11.063396790591852
manga-12069-6101,1-27680,0,0.9357104808690515,10.754530721145604,10.866614207292626
manga-12069-6102,1-27654,3,0.6166657305200687,10.262538821485979,10.451174001646551
manga-12069-6104,1-106338,-5,1.0291690958054396,11.090007427033186,11.114852697565798
manga-12069-9101,1-27950,3,,,11.029346256268227
manga-12069-9102,1-27571,0,1.147566200306688,11.111269245030146,11.052271058712872
manga-12070-12701,1-27987,7,0.3542328373525869,9.128481075759776,9.37996755224665
manga-12070-12702,1-28070,0,0.7698661053073437,10.187403705620678,10.365838180783621
manga-12070-12703,1-551068,3,0.8076608357995454,10.87986808969804,10.92780936373153
manga-12070-12704,1-28052,5,0.4791469770146044,9.893075930700512,10.162369198962109
manga-12070-12705,1-28227,-2,1.1181416108301931,11.263455053200975,11.137503917126983
manga-12070-1901,1-106411,-2,0.8100779933952396,10.550410589632902,10.60359745948675
manga-12070-1902,1-27988,-2,0.7183512796958524,10.477527427810422,10.706896446242236
manga-12070-3701,1-27925,5,0.7943088026538057,10.452194097893612,10.461906188033437
manga-12070-3702,1-27880,6,0.3935563903874879,9.16647440915869,9.379559310918328
manga-12070-3703,1-28102,-5,0.9529025835180924,10.98666002575872,10.995579083635318
manga-12070-3704,1-28205,1,0.5163310842943787,9.452967991657658,9.640688199372626
manga-12070-6101,1-106408,3,0.5518956789016443,10.577748939813013,10.71454785830111
manga-12070-6102,1-28008,-2,1.1232141298477778,10.707347510864714,10.60536052021569
manga-12070-6103,1-28290,4,0.36998373224732006,9.585738070662286,9.841031974072639
manga-12070-6104,1-28191,4,0.8819229568037983,9.03958210026391,9.06948150256717
manga-12070-9101,1-27804,4,0.3647703567040601,9.234788894491647,9.459542504557993
manga-12070-9102,1-106520,0,0.9831791059869772,10.578804397607815,10.58680765883533
manga-12071-12701,1-28686,5,0.8401047313562664,10.225192309288254,10.379556338770993
manga-12071-12702,1-597528,3,,,10.723916321639448
manga-12071-12703,1-28725,3,0.8957489341365026,10.827499092469413,10.884206373974179
manga-12071-12704,1-28713,3,0.6115205274509954,9.523873847007984,9.741136835741253
manga-12071-12705,1-106630,2,1.0564636258717996,11.231219920651833,11.17174142704997
manga-12071-1901,1-551121,2,0.6839525146770136,10.542820879728396,10.579872069390822
manga-12071-1902,1-28625,1,0.3555384596740616,8.847210562118649,9.067368061834813
manga-12071-3701,1-28665,-2,0.9213117068553665,9.749273213567937,9.869451276379005
manga-12071-3702,1-106664,4,0.7352048844109547,9.994341373830833,10.005859060784971
manga-12071-3703,1-637021,-5,1.0093252353308984,10.413031171220414,10.488550758801853
manga-12071-3704,1-28600,2,0.32972083557952203,9.494919172378221,9.763222403813451
manga-12071-6101,1-28659,-5,0.6541954007230757,10.191548073185725,10.503366228538429
manga-12071-6102,1-28646,5,0.5554664613095746,9.402957820625081,9.64592115605768
manga-12071-6103,1-28697,-5,1.0737997877103425,11.074885544118992,11.07527714057389
manga-12071-6104,1-28715,0,0.9362304821120233,11.029830712696578,11.161033526620026
manga-12071-9101,1-106663,5,0.8138343542013615,9.398018224242655,9.415455347717751
manga-12071-9102,1-106670,9,0.1012281455024322,8.43912993492381,8.530121671920135
manga-12073-12703,1-32849,6,0.42307412166797675,9.384827448405176,9.639139114011773
manga-12073-12704,1-107835,1,0.7883074320184882,9.521340075101051,9.692693435569389
manga-12073-12705,1-554448,-5,1.0796008383973543,11.316698821400525,11.33563589485713
manga-12073-1902,1-32848,-5,0.9593834180174383,10.096226633687834,10.16597302045569
manga-12073-3703,1-32603,-2,0.8404297214572871,9.886154428156763,10.115115799890251
manga-12073-3704,1-32585,0,0.8151176501038115,10.251067842322728,10.221636727419522
manga-12073-6104,1-32633,-2,0.9556934129754993,10.546629970678994,10.650196943704024
manga-12073-9102,1-601579,-5,1.0371691718842975,11.248000947181348,11.30016658570011
manga-12074-12701,1-108124,-5,0.9765459992209067,9.467884337949902,9.487865669169057
manga-12074-12702,1-33510,5,0.5342223839197047,8.9607760219556,9.200591594550145
manga-12074-12703,1-33775,5,0.4353410909235258,10.374541609930597,10.60729247015117
manga-12074-12704,1-551344,2,0.793635008666719,10.595621419122297,10.663724118545048
manga-12074-12705,1-33522,7,0.40980645699213625,9.264015699641355,9.529499805129614
manga-12074-1902,1-33302,-2,0.830866385161336,8.690728977583811,8.875131439709882
manga-12074-3701,1-33389,2,0.36795605078038207,9.416908707257063,9.741038194565593
manga-12074-3703,1-33810,1,0.9458721150500509,9.850447220292963,9.944865225624469
manga-12074-3704,1-33518,3,0.5059512016570373,9.696109307507378,9.910153003653411
manga-12074-6101,1-33777,-5,1.0520170624433227,10.206510463319916,10.270441248180926
manga-12074-6102,1-108080,-2,1.0484314146208256,10.932746300958936,10.953901406096548
manga-12074-6104,1-33758,0,0.8718542795460671,9.703582573375677,9.883577065965586
manga-12074-9101,1-33505,3,0.8437398108894492,10.638544773554047,10.699055117713634
manga-12074-9102,1-33835,1,0.8043930257367116,10.006142921195073,10.254731568240237
manga-12075-12701,1-33805,-5,1.0443152833676272,11.344025016186697,11.37549202003123
manga-12075-12702,1-108250,2,0.8680693972267157,9.835832649954078,10.018898589940076
manga-12075-12703,1-34149,2,0.66880539341442,9.171958953823024,9.357330261793505
manga-12075-12704,1-34106,5,0.9303602033002392,11.086672732485457,11.104903022203674
manga-12075-12705,1-34036,-2,0.8613347930103892,9.495114544686952,9.612096142113232
manga-12075-1901,1-108257,-5,0.7332644414233052,9.80890592768612,10.054014280687259
manga-12075-1902,1-34050,2,0.882434173280739,9.107492645414197,9.138174285942307
manga-12075-3701,1-33745,-5,0.8833249562118866,9.800782096496572,9.9546364770624
manga-12075-3702,1-33848,2,1.0859771472979212,10.050417902700207,10.056794701812345
manga-12075-3703,1-33876,2,0.7743703321991191,9.812817201538369,10.052235902538644
manga-12075-3704,1-33617,1,0.4931980621444296,8.554158541796514,8.763227535379382
manga-12075-6101,1-33732,1,0.7006611318875287,10.210371185650274,10.252815932397485
manga-12075-6102,1-33721,3,0.6853736839908642,9.894483615262095,9.90306675161561
manga-12075-6103,1-601968,3,0.7939693452880938,9.906735242465722,10.024842479949394
manga-12075-6104,1-34179,2,0.8053708165834301,9.974898124691153,10.141429108644319
manga-12075-9101,1-33669,-5,1.0373510148082694,11.312196592090148,11.341507072407406
manga-12075-9102,1-34048,4,0.811587203686468,10.060011690506228,10.104623216720208
manga-12078-12701,1-603032,6,0.7131662025112888,9.868045646777887,9.913179393374303
manga-12078-12702,1-35391,1,1.2145416884656548,10.638968020969441,10.564720886032545
manga-12078-12703,1-603098,3,0.6604230191664726,10.417455995120463,10.56828796404045
manga-12078-12704,1-35523,-5,1.0889786274918052,11.341614695797963,11.236410002623494
manga-12078-12705,1-35251,5,0.5369583628798473,9.630444698201607,9.860287421796121
manga-12078-1901,1-602767,0,0.3182474813596201,8.560095864114288,8.76722660948952
manga-12078-1902,1-35371,1,0.9516727315601017,9.928683758306038,9.865110942256596
manga-12078-3701,1-35334,-2,0.954977239058632,9.722316398605418,9.859839845776582
manga-12078-3703,1-35528,6,0.6071541441007042,9.603572418126214,9.671671263710904
manga-12078-3704,1-35530,0,1.0687905747391184,10.143705581852366,10.20195345688266
manga-12078-6101,1-34951,-2,0.9258877101099934,10.928392346304623,10.99235558820024
manga-12078-6102,1-34944,-5,1.09383370765012,10.896838182842728,10.872566996833402
manga-12078-6103,1-602989,4,0.3033615733194601,10.169129805362125,10.252251298419486
manga-12078-6104,1-35522,6,0.1611994271855295,9.207267675461555,9.333333093444686
manga-12078-9101,1-34985,4,0.7142512566039052,10.445941401541146,10.525198908860464
manga-12078-9102,1-35518,-5,0.9227698224937946,11.019701978242907,11.139429327335064
manga-12079-12701,1-35300,5,0.4448668112057774,9.48346926996128,9.738013883383262
manga-12079-12702,1-35296,5,0.8508764327113489,10.002909395692948,10.080357711111635
manga-12079-12703,1-35806,7,,,9.502785824694897
manga-12079-12704,1-108741,6,0.4435746493893724,9.212847919305098,9.406644517793403
manga-12079-12705,1-35716,4,0.7574131855347837,10.256529599298585,10.301815466514848
manga-12079-1902,1-35580,3,0.808989654297374,10.469340336576183,10.530513634706718
manga-12079-3701,1-35323,6,,,9.571244330842166
manga-12079-3703,1-35747,0,0.6185877308614138,9.761925054777814,9.962016025806772
manga-12079-3704,1-35268,-2,1.0190264039656611,10.777296040784035,10.78583304018882
manga-12079-6101,1-35362,3,1.1018321766571297,10.659284429305778,10.633865754246628
manga-12079-6102,1-35275,6,0.4966022438019593,9.39619379638582,9.604678002663432
manga-12079-6104,1-35830,-5,,,11.22753257171959
manga-12079-9101,1-547851,4,0.5344509630961518,10.114118582791878,10.530224679025608
manga-12079-9102,1-108765,0,,,10.90885695878694
manga-12080-12701,1-35671,2,0.8271917589295192,10.28740447186322,10.335319104876632
manga-12080-12702,1-35847,7,0.5233082320592466,8.982693940422582,9.217673571053956
manga-12080-12703,1-35810,6,0.6993210208798324,9.561146419158995,9.662779262641356
manga-12080-12704,1-35655,9,0.38945863162858174,9.655337509558205,9.865023684952053
manga-12080-12705,1-202775,2,49.58997772923595,17.999721956203285,10.538676100131255
manga-12080-1901,1-35826,-2,,,9.603069312249827
manga-12080-1902,1-35832,0,,,8.482724026270091
manga-12080-3701,1-35264,-5,0.9374221511913561,9.780449684242292,9.93699662653553
manga-12080-3702,1-35271,-2,0.8868960702274613,9.695162369590296,9.78872349582175
manga-12080-3703,1-35270,-2,1.1098289566714605,9.87533972321338,9.862670512254605
manga-12080-3704,1-35266,1,0.9252794333101058,9.783237550018235,9.900458113379052
manga-12080-6101,1-35709,0,0.8422623119968087,9.63875289779734,9.747991355654682
manga-12080-6102,1-35710,1,0.8372176058999017,9.694853907987468,9.839463780157596
manga-12080-6103,1-35729,-2,0.9801845307843919,9.98101073841304,10.0936986696905
manga-12080-6104,1-35677,-5,0.4769212173899753,9.710947736110004,9.974879604882611
manga-12080-9101,1-603204,8,0.567674514322924,9.436480262944762,9.65375301868556
manga-12080-9102,1-35797,7,0.5459013967561503,8.837854641897877,9.029001418096387
manga-12081-12701,1-202760,5,0.5884258234359017,10.41601448293742,10.549651704432776
manga-12081-12702,1-35869,5,0.6410700711965411,9.655645529358296,9.836819068545354
manga-12081-12703,1-35814,3,0.7022005488392438,9.561127135520579,9.734743839582539
manga-12081-12704,1-35858,4,0.5103912878805126,9.414767265252985,9.635925095415997
manga-12081-12705,1-36045,6,0.39404677339796024,9.4648648498872,9.710936756351119
manga-12081-1901,1-35723,-2,0.9454495893554409,9.710742709338184,9.830487845494126
manga-12081-1902,1-108696,1,0.9839698654432425,9.85558637501943,9.97308372888692
manga-12081-3701,1-35299,2,0.9942041684990954,11.160385559186084,11.128315002889927
manga-12081-3703,1-35691,-2,0.8102611105548654,9.803307355988032,9.972804923403794
manga-12081-3704,1-35728,2,0.9892962744461471,9.725067193946394,9.837811354620444
manga-12081-6101,1-108698,-2,0.907306876904876,11.29261295553763,11.238099043662766
manga-12081-6102,1-35652,5,0.6916973608857937,10.501717472710254,10.643680917213315
manga-12081-6103,1-35905,3,0.5551410382508486,9.550426140377972,9.763104623328516
manga-12081-6104,1-35900,8,0.3680898626520559,8.624406652162513,8.802754848460161
manga-12081-9101,1-603215,5,1.0526651349128677,10.879559944018707,10.725089286615491
manga-12081-9102,1-35849,7,0.3974378528448632,8.78461556302703,9.020320089022844
manga-12082-12702,1-36373,4,0.5804548295671808,10.01463076296428,10.176748312568261
manga-12082-12703,1-36573,6,0.5645090201110428,8.783819673717838,8.993588757913896
manga-12082-12704,1-36621,7,0.42465830300795204,9.344749178407712,9.524691004649199
manga-12082-12705,1-548398,4,0.63289385811294,9.90138021303892,9.999647383487343
manga-12082-1902,1-36359,4,,,9.862151691649979
manga-12082-3701,1-36363,5,,,9.484458577004645
manga-12082-3703,1-551474,1,,,10.582108950070657
manga-12082-3704,1-36351,0,0.9541435025371179,10.593610553722822,10.685555354939808
manga-12082-6101,1-36357,2,1.0974518654301164,10.832703147040725,10.768300670614611
manga-12082-6102,1-36361,1,0.977612844335976,10.797682911922987,10.854699188821758
manga-12082-6104,1-36382,1,0.9608712610721604,10.321019302081746,10.390705134963802
manga-12082-9102,1-36732,6,0.49316566962195907,9.018793861347818,9.174766466370192
manga-12083-12703,1-116874,1,0.7462319005861815,10.959064675136919,11.092104618362518
manga-12083-12704,1-570488,-5,,,11.117659301979721
manga-12083-12705,1-116725,1,0.6744967720787223,10.16619513777202,10.281521730699783
manga-12083-1902,1-116700,-2,0.4588473412545504,9.26085239635535,9.496203742303072
manga-12083-3703,1-116828,1,0.758817580574707,10.744910119599044,10.95587321168448
manga-12083-3704,1-636672,4,0.4100580290827729,9.261047098020263,9.602397524088778
manga-12083-6104,1-116921,-2,,,11.05368178960093
manga-12083-9102,1-562230,4,,,10.014054997813775
manga-12084-12701,1-117122,4,,,9.662590596111128
manga-12084-12702,1-117088,5,,,10.047878175896383
manga-12084-12703,1-117169,4,,,9.835553350800536
manga-12084-12704,1-562241,6,,,9.93088991625422
manga-12084-12705,1-117020,5,0.26811078026607404,9.796254958556489,9.979107483209262
manga-12084-1901,1-117086,1,,,9.793229314729698
manga-12084-1902,1-117177,3,,,10.610351523407322
manga-12084-3701,1-117104,4,0.6734679581032417,9.26597250719481,9.415408259796683
manga-12084-3702,1-117091,3,,,10.02244424965832
manga-12084-3703,1-116728,2,,,9.843329614347612
manga-12084-3704,1-117084,-5,,,10.660627916544325
manga-12084-6101,1-117038,2,,,11.085980333604747
manga-12084-6102,1-636700,3,0.4924886633901018,9.39695647572493,9.66057673741112
manga-12084-6103,1-116908,-5,0.9064778559750231,10.800059998041482,10.944557803531598
manga-12084-6104,1-117115,3,,,10.404512082847825
manga-12084-9101,1-116706,-2,1.010347826770822,11.194393974523933,11.225801694045751
manga-12084-9102,1-117056,3,,,10.556131572256268
manga-12085-12701,1-117343,4,,,10.07598060136512
manga-12085-12702,1-117419,6,,,9.588609305396632
manga-12085-12703,1-117465,3,,,10.750640360209763
manga-12085-12704,1-636870,5,,,10.584492132328156
manga-12085-12705,1-117342,7,,,9.26697780197032
manga-12085-1901,1-116972,-2,0.5429438946201017,9.39829454131793,9.564258085548547
manga-12085-1902,1-570633,0,,,10.358359866593396
manga-12085-3701,1-117388,-2,0.447683141271348,9.358411150788948,9.563522127843347
manga-12085-3702,1-117026,4,,,9.513518877263065
manga-12085-3703,1-570482,2,,,11.317198395245818
manga-12085-3704,1-116990,8,0.19357865814658126,9.385825054146554,9.634878993116171
manga-12085-6101,1-117381,1,0.357253959709702,10.256112371844596,10.473616188118113
manga-12085-6102,1-117401,-5,0.9914841092538005,11.054937448558912,10.95950993889725
manga-12085-6103,1-117014,2,0.4954959585690055,10.028046704851041,10.194454285764827
manga-12085-6104,1-117437,1,,,11.224606526484415
manga-12085-9101,1-570629,4,,,10.177135840832134
manga-12085-9102,1-116989,2,0.6055659249565224,10.486662658713318,10.603881019261923
manga-12087-12701,1-117697,4,0.5705343641680969,10.539654877438313,10.697378163407393
manga-12087-12702,1-117725,2,,,10.963192435969066
manga-12087-12703,1-117711,3,0.5428056118389186,9.516722299427192,9.742841582004939
manga-12087-12704,1-117663,6,0.22780020961848635,9.231885356591405,9.308622628595298
manga-12087-12705,1-117635,3,0.9794492521740601,10.819631063423685,10.783579880708368
manga-12087-1901,1-117768,-5,,,8.88375038544943
manga-12087-1902,1-117694,-2,0.7037831682468401,9.154218450477174,9.414456313408643
manga-12087-3701,1-117666,-2,0.9572254300698937,10.377095995403982,10.404535199025258
manga-12087-3702,1-117763,1,,,11.016082614323254
manga-12087-3703,1-117781,3,0.5378331152221989,9.531972084323739,9.741834818804774
manga-12087-3704,1-117799,-5,0.8648844316173516,10.765330863302522,10.925072905786886
manga-12087-6101,1-118034,2,0.9991890979620237,10.623698693931576,10.679228456961102
manga-12087-6102,1-117610,1,0.6317268278460091,9.415569491701442,9.61253791286101
manga-12087-6103,1-117543,2,0.9242710839782688,10.772664568137147,10.79979070013848
manga-12087-6104,1-117559,2,0.8616677235796928,10.554279782818986,10.481761452726959
manga-12087-9101,1-117313,9,,,9.076464287521643
manga-12087-9102,1-117856,3,0.5134383447007238,10.648702904978974,10.783948956389604
manga-12088-12701,1-117730,3,0.3912262471172099,9.382485739442512,9.627999065228497
manga-12088-12702,1-117864,4,0.41632843282021526,9.346274164456474,9.607229324467252
manga-12088-12703,1-117998,5,0.6749528624830106,9.778052398049827,9.84928136361183
manga-12088-12704,1-570532,7,,,9.677978079388723
manga-12088-12705,1-117946,5,0.5838214007227727,9.833170095144265,10.053156109914246
manga-12088-1901,1-118008,1,1.0249344679996213,9.824819745738289,9.874434813940054
manga-12088-1902,1-117984,-2,0.8521685237947061,9.648778102501046,9.811194362292138
manga-12088-3701,1-597772,2,,,10.470987627834553
manga-12088-3702,1-117771,-5,0.9098475180137342,11.01857804918515,11.123337661267872
manga-12088-3703,1-118129,1,1.143550816851171,11.165603011900876,11.044651220231529
manga-12088-3704,1-118109,-5,1.0271480500301138,11.560467518900722,11.55935101890679
manga-12088-6101,1-570530,2,,,10.69275144328015
manga-12088-6102,1-118005,2,0.5967983894748663,9.785582262079659,9.973794907118265
manga-12088-6103,1-118054,9,0.3401260770884953,8.629005390298893,8.876119327734823
manga-12088-6104,1-118142,3,0.974478298676793,9.795236097169328,9.903743287713432
manga-12088-9101,1-118083,3,0.8435279438364844,10.520881588478435,10.595880523609688
manga-12088-9102,1-118418,1,1.039114695722816,10.468731587217633,10.485853483018204
manga-12089-12701,1-118449,6,0.4720657497314775,9.720674730275393,9.937201534211326
manga-12089-12702,1-117882,5,0.515238122352482,10.00575952242676,10.234949338327056
manga-12089-12703,1-118444,1,0.8685384507708207,10.021803900923931,10.152290729937743
manga-12089-12704,1-118325,4,0.45390581384483397,10.402605512944369,10.631373078789302
manga-12089-12705,1-118326,4,0.5357692032012373,10.371373650839852,10.541696861920085
manga-12089-1901,1-118202,3,0.5636020486606199,10.20924918142692,10.331234868527272
manga-12089-1902,1-118491,-2,0.35503732025977186,8.601693177125018,8.79541107365165
manga-12089-3701,1-118382,-5,1.0423265950077827,11.287804935751199,11.320247263422857
manga-12089-3702,1-598275,-2,,,10.188237926838926
manga-12089-3703,1-118369,2,0.8019442540239332,9.868643708243757,9.878210589007587
manga-12089-3704,1-118358,-5,0.9567470025701645,10.701184359883044,10.808862573984525
manga-12089-6101,1-118169,2,0.8936551635083383,9.748275069724759,9.922176753761587
manga-12089-6102,1-598285,-2,,,10.90263653691375
manga-12089-6103,1-118217,3,0.2742743857983072,9.784011018527552,9.909813267175618
manga-12089-6104,1-598372,-2,49.499872350395925,18.330025855559267,10.969630816303546
manga-12089-9101,1-117978,2,0.8521274049545191,10.538697839373667,10.59925833007487
manga-12089-9102,1-118349,2,0.6061048879939186,9.359620250520639,9.539032102282249
manga-12090-12701,1-118433,4,0.8451314155861773,9.906818190976203,9.88444761931156
manga-12090-12702,1-118337,6,0.4637018746992432,9.46585429964658,9.687109669159657
manga-12090-12703,1-118223,6,0.30875515127026176,9.459030545382209,9.513083587556205
manga-12090-12704,1-570549,-5,,,11.227162422483849
manga-12090-12705,1-118373,3,1.0638921459332877,11.292141865299275,11.27116902108901
manga-12090-1901,1-117981,3,0.9895598082380914,10.248598420310719,10.2549645293974
manga-12090-1902,1-117892,-2,0.902613206807775,9.853326768000711,9.994799273049697
manga-12090-3701,1-118294,2,0.9258692478994135,10.721221007257201,10.654920108532352
manga-12090-3702,1-117925,2,0.38970056355939064,9.703262669085724,9.795078459921546
manga-12090-3703,1-118543,-5,0.5804057128700606,10.90834769514592,11.245904713011845
manga-12090-3704,1-118288,-5,1.0774906445400312,10.837711378590987,10.819990601370407
manga-12090-6101,1-117966,1,0.8191161641070153,9.983889766941397,10.017967153513691
manga-12090-6102,1-117936,1,0.8982532950793818,9.836047464414586,9.961311960900577
manga-12090-6103,1-598278,-5,,,10.756281682805247
manga-12090-6104,1-570537,-5,,,10.85683207591551
manga-12090-9101,1-118304,4,0.5537144164526318,9.646220902777255,9.853084937148207
manga-12090-9102,1-118520,2,0.6891169101948407,11.215610644729374,11.283936891595284
manga-12092-12701,1-39724,4,0.28901901664671925,9.250548474540297,9.48993683443555
manga-12092-12702,1-39672,1,,,10.918748007810851
manga-12092-12703,1-40167,7,0.09069835755698108,10.141222098834106,10.382216573967673
manga-12092-12704,1-39661,6,0.376896176169911,9.661514001174957,9.880028467190954
manga-12092-12705,1-39995,7,0.35292813306049453,9.375666048817887,9.582093103107125
manga-12092-1902,1-39909,4,0.9189816382253859,10.356041832660503,10.348039433867156
manga-12092-3701,1-39702,1,0.9160539575092024,9.728397738790335,9.826710397293914
manga-12092-3703,1-563762,-2,0.7654516725925298,10.613447778884504,10.826667585886035
manga-12092-3704,1-40006,4,0.5364620656571581,9.594453984956406,9.795324856673881
manga-12092-6101,1-563761,5,49.40886475810594,17.936734801520277,10.583233130632605
manga-12092-6102,1-40071,3,0.5282617619650338,10.378674641475543,10.585327939182191
manga-12092-6104,1-40410,1,,,10.786452010582265
manga-12092-9101,1-39880,7,0.47765277675825857,9.326277229704658,9.544124126759266
manga-12092-9102,1-39946,6,0.5444041621101654,9.251015712897045,9.480543913664974
manga-12093-12701,1-40755,1,1.0278742961420377,10.67334705512475,10.577928827099639
manga-12093-12702,1-601858,-5,0.9842060345119776,11.505273211502368,11.518052157869922
manga-12093-12703,1-40776,5,,,9.25363778799224
manga-12093-12704,1-40541,0,,,10.765449340889976
manga-12093-12705,1-40201,4,0.5308322673514709,10.251433860800088,10.422089111437847
manga-12093-1902,1-40655,-5,0.4405833530707781,9.041446006528906,9.262866532140642
manga-12093-3701,1-40771,1,0.9802789121750273,11.008480417461485,11.10275488247691
manga-12093-3703,1-40777,2,,,10.10496617562511
manga-12093-3704,1-40751,4,0.7998658345073508,10.487464257340683,10.556795591333175
manga-12093-6101,1-563754,2,1.2424744134256578,10.647528810905445,10.522701538698275
manga-12093-6102,1-40796,4,0.5888707561831019,9.129172606023655,9.290800165319707
manga-12093-6104,1-579533,1,,,10.028415765329603
manga-12093-9101,1-40792,5,0.36882253237741125,9.964896998026138,10.182273184077449
manga-12093-9102,1-40247,1,1.2122975315049196,11.151105823971,10.974882135731006
manga-12094-12701,1-601909,4,0.4438997612555511,9.377545926725425,9.525328237524725
manga-12094-12702,1-40793,3,0.5496022331557633,10.317061530079414,10.418462663067096
manga-12094-12703,1-40566,-5,0.9073988845020544,11.04025547599751,11.144593415765147
manga-12094-12704,1-40577,5,0.7335240687499578,9.94139451039092,10.060283287862115
manga-12094-12705,1-40745,5,0.26308166840912506,9.876034204244068,10.01958586416294
manga-12094-1901,1-40810,1,,,9.970318278810375
manga-12094-1902,1-39922,-2,0.677499302669812,9.556164863969485,9.748436124403351
manga-12094-3701,1-40248,1,0.7956310145274621,10.273825956720296,10.378012261628749
manga-12094-3702,1-40540,1,,,9.988685347608188
manga-12094-3703,1-40778,-2,,,10.125643599684112
manga-12094-3704,1-40697,-2,1.0754756142048656,10.726656824203031,10.710490833192233
manga-12094-6101,1-40534,6,,,9.931118235582337
manga-12094-6102,1-40252,2,0.8661718781460266,10.710002457692418,10.743259793172962
manga-12094-6103,1-40414,-5,,,10.54294244671109
manga-12094-6104,1-40212,3,0.6000495761010427,9.696699901060947,9.884931723463966
manga-12094-9101,1-40460,4,,,9.656148147799685
manga-12094-9102,1-601919,0,,,10.979248926964827
manga-12483-12701,1-401058,1,,,10.75261267933811
manga-12483-12702,1-400885,11,0.7686670032387042,10.118250254701152,10.143868271448984
manga-12483-12703,1-590252,4,0.6624848559745509,10.33367249990735,10.424993657097575
manga-12483-12704,1-394046,2,0.6327129034220143,10.07400025914588,10.184501065932235
manga-12483-12705,1-405001,5,1.0273072526783409,10.50571924577176,10.571276534467366
manga-12483-1901,1-400855,-2,0.596877565722334,8.813214108783743,8.956230995120508
manga-12483-1902,1-405389,3,0.4561074227950179,8.614601244572995,8.867695359011254
manga-12483-3701,1-405454,1,1.2949357315027896,11.20357203990324,11.020528213583468
manga-12483-3702,1-400847,0,0.9509365701558501,9.949470604596417,10.069190295207722
manga-12483-3703,1-405509,5,0.23259186737519144,8.861319976511636,9.087382847845749
manga-12483-3704,1-405401,1,1.042323925829777,9.855704650412024,9.878669292704096
manga-12483-6101,1-404986,1,1.0350024812025929,10.51114809179478,10.559931186506065
manga-12483-6102,1-575104,4,,,10.547731310680584
manga-12483-6103,1-404900,6,0.30926798487517715,9.391171780666554,9.612481047924721
manga-12483-6104,1-404898,7,0.6871858142297853,9.35087534486107,9.474118391053873
manga-12483-9101,1-405457,5,0.6385248402968386,9.847745314058095,9.973617452458312
manga-12483-9102,1-405438,7,,,9.071600397507384
manga-12484-12701,1-409446,3,1.0869477342898932,10.386775831405982,10.341507566965143
manga-12484-12702,1-409473,5,0.6297296212473213,9.488391779830506,9.641829560963323
manga-12484-12703,1-402702,6,0.7049096340837231,9.392672234525769,9.510521646143529
manga-12484-12704,1-409539,7,0.43137595203554824,9.476145467223422,9.717799357860368
manga-12484-12705,1-575186,5,1.102309416911453,11.508467303866892,11.475946449585473
manga-12484-1901,1-409368,1,0.8465448400805009,9.550876499142493,9.71812087072812
manga-12484-1902,1-409435,-2,0.8375800037551677,9.860225639749494,10.075016542880075
manga-12484-3701,1-575184,-5,,,9.81103307317882
manga-12484-3702,1-409482,-2,1.0324315667818844,9.79521514368357,9.85641492516621
manga-12484-3703,1-624292,7,0.30003841493618566,9.432148737407442,9.674822814624592
manga-12484-3704,1-409362,1,0.9534211562984893,9.790877049779407,9.925703486744753
manga-12484-6101,1-402715,-2,1.2211966341003766,11.368313779675463,11.170501684819106
manga-12484-6102,1-402704,2,1.11709157438316,10.738242442442465,10.76043122954346
manga-12484-6103,1-415430,3,0.6730965354298988,9.325065778110467,9.555210144217027
manga-12484-6104,1-415452,-2,1.077255027113587,11.008578961954656,10.998737470559298
manga-12484-9101,1-399847,2,0.817189821673427,10.826628127210151,10.888269545908017
manga-12484-9102,1-402683,-5,1.065509337067855,11.019130072717445,11.013878829517205
manga-12485-12701,1-415389,-2,0.9494697073547123,11.146872536827532,11.264790206667168
manga-12485-12702,1-415405,6,0.35557278568668593,8.678766490388146,8.898438518446106
manga-12485-12703,1-415475,2,1.1742335226731662,10.964506007951112,10.873796437097932
manga-12485-12704,1-415620,5,0.5901182058707235,9.357528422991868,9.558444674469959
manga-12485-12705,1-415295,5,0.5311878486020234,8.929059231955577,9.06737795403599
manga-12485-1901,1-415572,1,0.5791244578318064,9.507675749091964,9.755713450996911
manga-12485-3701,1-415602,-2,1.082008349347774,10.565048644714711,10.588478919539465
manga-12485-3702,1-415550,1,0.7527521020784,9.589105412226665,9.762491454266275
manga-12485-3703,1-415592,-5,1.087730376697774,10.63522987179971,10.676225782587192
manga-12485-3704,1-419166,2,1.0715899953127561,10.515475171347003,10.587733801350563
manga-12485-6101,1-419098,-5,0.877573749933422,10.987689659645666,11.106056677149436
manga-12485-6102,1-415391,3,0.5817471749516478,8.97139453847887,9.210428056326363
manga-12485-6103,1-415565,-5,0.9669435646226852,10.42304210575847,10.519223523477004
manga-12485-6104,1-407685,-5,1.2817541580421086,11.040340852190546,10.942112320814033
manga-12485-9101,1-625349,0,0.7594095709829922,9.341633797870632,9.481588873684274
manga-12485-9102,1-407718,5,0.5112521299904955,9.06342092282712,9.223288011325348
manga-12487-12701,1-386844,5,0.33352475726455566,9.185757999350727,9.46227667801372
manga-12487-12702,1-386814,-5,0.9183609264496901,10.095492474523052,10.216368719285184
manga-12487-12703,1-605711,-2,0.9801263806171256,10.459085866141775,10.567229177866237
manga-12487-12704,1-386762,4,0.782792033672024,9.570918695420888,9.602300881943995
manga-12487-12705,1-387136,2,1.0154077046315564,10.855422073594825,10.802341185198724
manga-12487-1901,1-386926,-2,0.6184537553998375,8.629435365837228,8.828677590131079
manga-12487-1902,1-386932,1,0.6158483274147031,9.322735631043043,9.546337879902689
manga-12487-3701,1-386903,3,0.9839107829296232,10.36310424900129,10.471423901329999
manga-12487-3702,1-386913,1,0.7102835766907241,9.922796718653867,10.144535508534862
manga-12487-3703,1-386972,3,0.6513980140218152,8.898386532477808,9.115253078377531
manga-12487-3704,1-386996,-5,0.6754592488093891,9.202857754757593,9.399408340124687
manga-12487-6101,1-386733,1,0.8495896945772614,10.604780643396834,10.75434443621841
manga-12487-6102,1-386759,3,0.6177971569400356,8.818563961430991,8.982594571555595
manga-12487-6103,1-585493,6,,,9.099855980587451
manga-12487-6104,1-386954,1,1.0542960783479245,10.25318500225521,10.326620824386262
manga-12487-9101,1-386826,3,0.7041885864912771,10.10258701550081,10.214684083035767
manga-12487-9102,1-605700,-2,,,9.541923310954507
manga-12488-12701,1-299757,5,0.33596267571424576,9.387395475366027,9.529063911433555
manga-12488-12702,1-299745,7,0.32748055821084776,9.382750114413971,9.594869459819146
manga-12488-12703,1-386876,5,0.2655824741508468,9.32874956106797,9.55978367717176
manga-12488-12704,1-300096,5,0.7332834070308216,10.329228525284506,10.423353369002166
manga-12488-12705,1-299741,3,0.5088951920996259,8.743297613048293,8.953665165634524
manga-12488-1901,1-386394,1,0.48842799734781295,9.383087155956293,9.596281243212449
manga-12488-1902,1-386459,5,0.40948123987751117,8.605479169419741,8.679954137002232
manga-12488-3701,1-299759,1,1.0437399242226526,10.882963156345234,10.863317981716685
manga-12488-3702,1-386436,3,0.6420555685614531,8.563525274081893,8.785353969722008
manga-12488-3703,1-386892,2,0.8714075615025969,9.790539951655266,9.976930820427983
manga-12488-3704,1-386411,-2,0.9640233319419949,10.230299025776343,10.26704794857557
manga-12488-6101,1-300092,1,1.1825466490874916,10.650777649328694,10.54691202681055
manga-12488-6102,1-300145,3,0.7862845421984872,10.042756671373159,10.093719355036031
manga-12488-6103,1-300085,-5,1.091683026133893,10.681869441808601,10.705837072458902
manga-12488-6104,1-386443,5,0.3751937396479015,8.716502707458336,8.893643715536273
manga-12488-9101,1-386400,6,0.28904977620642924,10.025097409516272,10.212562401297504
manga-12488-9102,1-300105,4,0.5185172741087207,9.781064515645019,10.003376551773524
manga-12489-12701,1-63597,5,0.46431231469201606,9.246738783113734,9.477531686151405
manga-12489-12702,1-63637,6,0.1555763348750645,9.386927583042336,9.694279952919652
manga-12489-12703,1-617758,5,0.6047133729887193,9.797181070218912,10.010725644936247
manga-12489-12704,1-140368,2,1.0876200903386284,11.513313583653414,11.504083127513498
manga-12489-12705,1-140345,5,,,9.863973932556615
manga-12489-1901,1-139929,-2,0.8821553490177791,9.265648888642195,9.432201867125768
manga-12489-1902,1-63527,9,0.32844844457671485,8.961358887839076,9.092007086185124
manga-12489-3701,1-63616,5,,,10.344175268750847
manga-12489-3702,1-63552,1,0.6898457930930455,9.479203792764638,9.521474165581829
manga-12489-3703,1-139814,1,0.8722382275402474,9.766048981821244,9.94076941768271
manga-12489-3704,1-63641,1,1.0903017583272607,10.656488474921833,10.67463714128069
manga-12489-6101,1-63526,3,0.8565712246727522,9.895903078123,10.046831426999157
manga-12489-6102,1-140369,2,1.087149823519173,10.879049796623883,10.899943498647131
manga-12489-6103,1-139868,4,0.5955749489599924,9.326891086839622,9.561534150009134
manga-12489-6104,1-140248,-2,,,11.237751034117865
manga-12489-9101,1-140383,3,0.8013133326553401,10.886960558669653,10.963194515874129
manga-12489-9102,1-63963,-5,,,11.3473335286963
manga-12490-12701,1-81110,4,0.6196695736637672,9.45618109267714,9.648614608575711
manga-12490-12702,1-138298,4,0.7511171313188427,9.63558997870505,9.715805226762082
manga-12490-12703,1-138223,4,0.7258355475601057,9.288491830693236,9.381598079758183
manga-12490-12704,1-138401,7,0.10577851263749238,9.108394934633695,9.22175991862475
manga-12490-12705,1-62471,-5,0.884959537484356,11.134422778900621,11.250964164061239
manga-12490-1901,1-138351,1,0.8277896427206706,9.61213245866797,9.765963968193592
manga-12490-1902,1-138283,-2,0.8492032987961551,9.349476245661881,9.516527811685558
manga-12490-3701,1-138324,3,0.559807672791095,9.812655735398842,9.977768403882672
manga-12490-3702,1-138181,5,0.10830071069262814,9.371760516430772,9.549303410349465
manga-12490-3703,1-613941,3,0.20642812312954817,10.003007016160204,10.19110875395658
manga-12490-3704,1-62475,2,0.8695989106904953,9.974876607997118,10.009552191034079
manga-12490-6101,1-62623,5,0.4056664120684381,9.150967191852194,9.687960989655384
manga-12490-6102,1-138227,1,1.0062635555853632,10.654626548410935,10.660713486271385
manga-12490-6103,1-138281,7,0.26540878425942793,9.072921811560066,9.306379172211303
manga-12490-6104,1-138169,4,0.6431212448158554,9.630863887132902,9.831854519338956
manga-12490-9101,1-138276,4,1.0578194014208933,9.994455738839411,10.004284005649824
manga-12490-9102,1-138167,4,0.3835198451044626,9.167979459609501,9.390718788710556
manga-12491-12701,1-62169,8,0.2899742172956934,8.953549814799436,9.173775430649883
manga-12491-12702,1-61890,7,0.5126666212250583,9.240368955196123,9.397191752555166
manga-12491-12703,1-62221,5,0.3972573081396078,10.184888848334138,10.334279535976847
manga-12491-12704,1-62035,5,0.2292082559719475,9.457043724275973,9.690003201591246
manga-12491-12705,1-4111,-5,0.9436847213984052,11.516542396038671,11.579754223601988
manga-12491-1901,1-4109,-5,0.8347537552499027,9.75615944207247,9.877685663608492
manga-12491-1902,1-4106,-5,0.9544695717114493,10.99477786974689,11.08969285552743
manga-12491-3701,1-61959,-2,0.8805946661429189,9.478008516106758,9.601828287710724
manga-12491-3702,1-61949,-5,0.8425509591840488,9.609157164329156,9.770127903153552
manga-12491-3703,1-62060,1,0.9581851472437961,9.937318528467907,9.537144609491188
manga-12491-3704,1-4036,-2,0.8387375999781206,9.350811299370296,9.447052671130118
manga-12491-6101,1-62047,-2,0.7668073061942344,10.808261730037644,10.885174003286581
manga-12491-6102,1-62201,-5,0.8967903747842456,10.410536843903028,10.53296375779268
manga-12491-6103,1-62034,3,0.6105737851757134,9.023157875168414,9.24681210010895
manga-12491-6104,1-612698,0,1.1247180926605047,10.774081234020498,10.688640793190519
manga-12491-9101,1-62037,4,0.3693623881296979,9.221008886570221,9.407127307177813
manga-12491-9102,1-62063,4,0.6908085636165033,10.649850995137413,10.72134225593451
manga-12495-12701,1-79774,3,0.7305554787497073,11.095158562308601,11.186932276353067
manga-12495-12702,1-61639,3,0.8953321240890588,11.015534593178092,11.11390162462474
manga-12495-12703,1-80437,4,0.9802602866099015,11.15586503264847,11.19411146835354
manga-12495-12704,1-61653,5,0.6957756848464598,9.731910660522933,9.896562221655092
manga-12495-12705,1-61812,-2,1.0947268008149216,10.956135868913302,9.860864471574432
manga-12495-1901,1-80160,1,0.7083028755481209,9.342226554023185,9.509613092793842
manga-12495-1902,1-61694,1,0.7129336880979906,9.463806321869969,9.662234474851285
manga-12495-3701,1-61707,4,0.5145421083297741,8.662926913162021,8.897109697913102
manga-12495-3702,1-79756,7,0.14534524731152487,9.178900565860877,9.39003982076811
manga-12495-3703,1-61727,5,0.4689810070878302,9.347504973685378,9.563464413387328
manga-12495-3704,1-61841,0,1.0408150780227459,11.037313986607995,11.088428970296283
manga-12495-6101,1-80416,4,0.768759904525858,10.062517554293905,10.196036309188992
manga-12495-6102,1-79764,4,1.0505045117895868,10.335013445984941,10.356166014119626
manga-12495-6103,1-80414,3,0.5256200231701165,10.539844804018013,10.653007333554514
manga-12495-6104,1-61820,4,0.5998567400939336,9.594498172080758,9.714898865819164
manga-12495-9101,1-61513,0,1.2889471640018257,11.088203564386761,10.863889690544786
manga-12495-9102,1-79770,3,0.7634861733537228,10.275515486482771,10.391744294341544
manga-12506-12701,1-82432,5,0.559999214306039,10.386156782998535,10.489081063742274
manga-12506-12702,1-82688,-5,1.2112877481814515,9.998827720223893,9.874070771382298
manga-12506-12703,1-630772,5,0.44944347755849634,9.440717927175895,9.675193666449118
manga-12506-12704,1-83054,-5,0.9873558404561606,9.607569912698366,9.706692218789366
manga-12506-12705,1-83066,0,0.9231353327682363,9.419075239843732,9.533596615248367
manga-12506-1901,1-82714,1,1.0219943457584044,9.95900540651467,10.009634560972957
manga-12506-1902,1-82684,-5,1.028682574052592,9.951035253729781,10.01863834518102
manga-12506-3701,1-70146,0,0.894828449774387,9.380604299422036,8.348213593191884
manga-12506-3702,1-82669,1,0.9070457526914524,10.173741761064893,10.368599613101578
manga-12506-3703,1-83042,2,0.4926994333427892,8.732365477847239,8.973888057938938
manga-12506-3704,1-82647,3,0.7841929556058425,9.08570825402552,9.251562522527498
manga-12506-6101,1-82375,6,0.6581982860221771,9.199107944342758,9.386679708586644
manga-12506-6102,1-82382,2,1.0549406562337218,10.685574099456659,10.721171204437105
manga-12506-6103,1-368221,6,0.2566471478954675,8.74843339785827,8.837686332832462
manga-12506-6104,1-83063,-2,1.0546969834647122,10.251042062828532,10.268330194242909
manga-12506-9101,1-559752,-5,1.0105981496420213,10.081112138619575,10.163564103703125
manga-12506-9102,1-83058,-5,1.2075475217727138,10.099035796333586,10.027221706549009
manga-12510-12701,1-10862,5,0.5476416881792403,9.386460008714577,9.629503584123091
manga-12510-12702,1-626493,5,0.6996514941373526,9.736154896059205,9.895908838210246
manga-12510-12703,1-10786,6,,,8.721445176169544
manga-12510-12704,1-10794,6,,,9.227886216353332
manga-12510-12705,1-159685,7,0.40229850824404423,8.981165823575152,9.237048163754809
manga-12510-1901,1-159367,-5,0.7833681117019928,9.012033470392343,9.17487614196308
manga-12510-1902,1-10375,0,0.41015934780893204,9.051252745536093,9.232796161922877
manga-12510-3701,1-10760,3,,,10.677044725029893
manga-12510-3702,1-641253,6,,,8.854146994086426
manga-12510-3703,1-549479,-5,0.9079173046674356,11.084673463202831,11.177672826798409
manga-12510-3704,1-159682,3,0.5634967078202209,9.050540962956479,9.268929523849783
manga-12510-6101,1-159436,-5,1.0286473732402541,10.930922693691251,10.973336034039358
manga-12510-6102,1-10850,4,0.6182503155627259,9.289972670023698,9.37980487774182
manga-12510-6103,1-10797,-5,,,10.912378257506557
manga-12510-6104,1-626763,3,0.8395061509897062,9.7333514068926,9.860773999017109
manga-12510-9101,1-159357,5,0.4392413443531531,9.681333630942728,9.937292461764775
manga-12510-9102,1-159093,4,0.47359166814767306,10.249898779326287,10.454877636576223
manga-12511-12701,1-53212,4,0.5958418057864883,9.955429437628865,10.115815264032012
manga-12511-12702,1-548687,-5,1.040329049340908,11.238604035641904,11.248472565108086
manga-12511-12703,1-53392,5,0.5788535224982816,10.085177928994211,10.259334801582842
manga-12511-12704,1-53544,5,0.2903249373707695,9.34689203818513,9.448210848938734
manga-12511-12705,1-53328,4,0.5570169134154739,10.49181091742539,10.577565841883313
manga-12511-1901,1-53681,-5,1.004622256380106,10.502986180555236,10.548944247946974
manga-12511-3701,1-53093,0,49.45121586931593,17.83892496733127,10.213970754101613
manga-12511-3702,1-53412,3,49.46271676638593,18.451200779268273,10.95580354673651
manga-12511-3704,1-53417,-5,0.9388079088839163,10.411862644819635,10.457387715412864
manga-12511-6101,1-53288,1,0.5505362851682065,9.962026235946034,10.200040610122691
manga-12511-6102,1-53257,-5,1.0433695277314605,11.04292214425938,11.083303056521519
manga-12511-6103,1-53292,7,0.14443274912367343,8.080963393287341,8.088026845468306
manga-12511-6104,1-53536,5,0.3952990621050567,8.732333913604121,8.970337715960797
manga-12511-9101,1-53327,6,0.37717414097266655,9.16652062343274,9.260348031345536
manga-12511-9102,1-53282,7,0.42247246915783165,8.89313675318452,9.134613797131266
manga-12512-12701,1-229,4,0.49426612539145154,8.831506466634892,9.112138621866796
manga-12512-12702,1-585711,5,,,10.536462950412126
manga-12512-12703,1-216,11,0.15218535858424076,9.802378896483024,9.83160378821305
manga-12512-12704,1-73,-2,0.898036632475975,11.243839113196987,11.269701961273826
manga-12512-12705,1-494,-5,0.9084221522936744,10.854347516734341,10.9573440449504
manga-12512-1901,1-286,1,0.8641864217909365,10.250486670316539,10.331096398048096
manga-12512-1902,1-74,-2,0.8192287172726758,9.741634923412626,9.804850458865598
manga-12512-3701,1-585712,3,,,9.75076318847307
manga-12512-3702,1-245,-5,0.907018104223102,10.654620456387656,10.729699711868555
manga-12512-3703,1-55156,-5,0.6813842447103333,10.845412058818983,11.006654972732369
manga-12512-3704,1-79,10,-0.3131101516802701,8.228125189387063,8.364889781714695
manga-12512-6101,1-76,2,0.7382137901279755,10.073678726191176,10.189608177635073
manga-12512-6102,1-53,1,0.7809687893559847,10.98981344829594,11.10062613491866
manga-12512-6103,1-241,-5,0.8474698684243833,11.152979858640661,11.182200819626285
manga-12512-6104,1-480,2,0.6688271900004352,9.450011765388952,9.504718074913322
manga-12512-9101,1-113,1,0.8030503596453471,10.532397083935495,10.689731091780281
manga-12512-9102,1-92,0,0.9065444103547229,10.325253041258021,10.350520646414063
manga-12514-12701,1-66655,4,0.5552425582499794,9.812289926082238,10.008212795714941
manga-12514-12702,1-67044,5,0.592462511260333,10.440633759666898,10.594312900315405
manga-12514-12703,1-549165,5,0.9136464327789184,9.921138411547084,9.95294241093908
manga-12514-12704,1-9923,6,0.7966527519482085,9.970572828044034,10.026174159247203
manga-12514-12705,1-641176,7,0.2700760616132385,9.527730042250287,9.708757275816644
manga-12514-1901,1-67018,1,0.8648174440818757,9.711596355183083,9.887696107507548
manga-12514-1902,1-10263,6,0.4622984043225884,8.656682645786777,8.915024660185969
manga-12514-3701,1-67037,1,0.9895535874549211,11.108848290537303,11.196835226289785
manga-12514-3702,1-66669,2,0.7680551323193896,10.295685178498594,10.456280790675628
manga-12514-3703,1-66619,-5,0.9874118656691238,10.80720512584585,10.901279281061482
manga-12514-3704,1-10177,2,0.9698204840561502,10.025106494327876,10.136980146944593
manga-12514-6101,1-624904,-5,0.9696736155091159,10.986382017459363,11.065150996813266
manga-12514-6102,1-67031,-5,1.0127812085067873,10.683842478022322,10.753957906915383
manga-12514-6103,1-66643,0,49.475827510485935,17.392561484578273,10.060243935443538
manga-12514-6104,1-10550,-5,0.9979415444584845,10.900463086835405,10.964465128763386
manga-12514-9101,1-10166,3,0.7041024510220879,10.970053633715679,11.062812512722951
manga-12514-9102,1-625206,5,0.4113869600813622,10.185870616150655,10.412336961726968
manga-12518-12701,1-2125,4,0.7830972146813622,10.286222941010655,10.294601762206533
manga-12518-12702,1-2461,6,0.24022890280989273,8.99286774653798,9.107398100550002
manga-12518-12703,1-2988,4,0.47318495193066923,9.938638745547186,10.123208572535301
manga-12518-12704,1-2999,-5,0.8381109509753877,10.970188717685506,11.017509132142019
manga-12518-12705,1-2511,5,0.9597764980808279,10.549521059244938,10.545223280878442
manga-12518-1901,1-2668,2,0.5532581134015544,9.288252575635932,9.478464229567694
manga-12518-1902,1-2478,1,0.2943310650900166,9.25317886417793,9.537089421594569
manga-12518-3701,1-2937,5,0.3520147831499969,8.897459982168627,9.103568967518296
manga-12518-3702,1-2739,-2,0.829404251745494,10.288035142085988,10.472349367065576
manga-12518-3703,1-2936,3,,,11.19400837863803
manga-12518-3704,1-2880,6,0.27107931794905227,8.805511976973607,8.974146003793203
manga-12518-6101,1-2456,4,0.4880638501371237,9.825586881602455,10.020016942934111
manga-12518-6102,1-2469,-2,0.9835061142643866,10.888184830481036,10.922656806020257
manga-12518-6103,1-2604,3,0.5087953804073031,9.27361183145731,9.489669078244795
manga-12518-6104,1-2921,-5,0.9599824734972877,11.287478682920764,11.339746105035601
manga-12518-9101,1-2742,5,0.6493686741427815,10.42587147363086,10.561775138730802
manga-12518-9102,1-2912,4,0.6874508668519681,9.13282678786588,9.313098978490736
manga-12620-12701,1-401708,3,0.9063767529478142,10.719975037916294,10.696083352774396
manga-12620-12702,1-575229,3,,,11.222054174430172
manga-12620-12703,1-419266,5,0.920957148449272,9.831646278718084,9.87594008052843
manga-12620-12704,1-421066,5,0.4915520411592844,9.756552865640055,10.00941065157851
manga-12620-12705,1-395668,4,0.7917833331587687,10.002554257617053,9.998484886235715
manga-12620-1901,1-591742,1,,,9.896370256827042
manga-12620-1902,1-421010,0,0.8192687388798916,9.782987628174979,9.964232939835263
manga-12620-3701,1-591692,2,,,8.857560700438139
manga-12620-3702,1-625510,-5,1.205301612735969,11.227340503162981,11.136773281601096
manga-12620-3703,1-626078,5,0.7710693594854376,9.596061386521182,9.75781797014134
manga-12620-3704,1-395713,-2,0.8939669721102561,9.281216332008253,9.42363016100928
manga-12620-6101,1-419040,6,0.22560262404488896,9.126700941893532,9.302119077275034
manga-12620-6102,1-401566,5,0.548400677669914,9.06894169722496,9.304721486887125
manga-12620-6103,1-419023,1,1.1503750183300596,10.511259529631918,10.486847102470925
manga-12620-6104,1-401748,5,0.4194279012169737,9.672244690800813,9.867829622109902
manga-12620-9101,1-401502,4,0.7360157666999108,9.436837812797958,9.622750837670997
manga-12620-9102,1-421128,1,0.804150834993635,9.85194898040062,9.975725512837595
manga-12621-12701,1-420973,3,0.7347591793390222,10.506627548194981,10.544550265293982
manga-12621-12703,1-415848,3,0.6909282893276689,10.34117570409839,10.421866842191067
manga-12621-12704,1-575215,-5,,,10.798304660120126
manga-12621-12705,1-406037,4,0.5030340002004721,10.226531810730906,10.43667077646628
manga-12621-1901,1-420979,0,0.7292125342166926,9.192753546766312,9.337308400125051
manga-12621-1902,1-415883,1,0.5814580558896978,9.365227101186221,9.519476256536471
manga-12621-3701,1-395682,1,1.1915760948731027,10.140965338302655,10.081796422646638
manga-12621-3702,1-421027,1,0.9983997520689734,10.128998376845354,10.192634655068655
manga-12621-3703,1-591979,-2,,,10.634071867121234
manga-12621-3704,1-395699,3,0.7314703365781163,9.285030707630291,9.407903511263603
manga-12621-6101,1-591967,7,,,9.554013065026682
manga-12621-6102,1-395824,4,0.42544316190777565,9.061699421410713,9.178857140271532
manga-12621-6103,1-415931,4,0.7726815205910107,9.938977947597998,10.043210857749937
manga-12621-6104,1-415720,-5,1.04736997077622,11.312582189989406,11.345488847454323
manga-12621-9101,1-420986,2,0.9635971410947342,10.444277122882976,10.522791895072164
manga-12621-9102,1-395780,3,1.2098743903337308,10.406556340897147,10.306931537644274
manga-12622-12701,1-625812,6,0.7736054275225328,9.664729737966763,9.6990836009147
manga-12622-12703,1-421889,4,0.5246170734200639,9.960766199075975,10.19694048962856
manga-12622-12704,1-421784,5,49.14868656100594,16.300069025910275,9.09305276346359
manga-12622-12705,1-421238,6,48.69199273497593,16.361768958037274,8.923007963636065
manga-12622-1901,1-419213,2,0.6224801178324775,10.742270411694754,10.903773625309292
manga-12622-1902,1-420769,1,0.7752834314458106,9.591504419281678,9.655707736726516
manga-12622-3702,1-591689,-5,,,10.641035698060055
manga-12622-3703,1-421988,6,0.31402609917227764,9.114299586789365,9.222279278101292
manga-12622-3704,1-421808,-5,0.9807374719041029,9.861812868785018,9.95794453633728
manga-12622-6101,1-419255,6,0.460812503794223,8.6053653235421,8.832272304665793
manga-12622-6102,1-421782,0,0.5294972280702623,8.927092269518026,9.18574500486938
manga-12622-6103,1-421160,6,0.8624990583910588,9.287655788360922,9.314480344278548
manga-12622-6104,1-422038,3,0.6511806527440598,8.817991957655646,9.02384068448987
manga-12622-9101,1-419022,4,,,10.055259495817902
manga-12622-9102,1-421842,3,0.9002965101231197,10.63161295397274,10.71083289562198
manga-12624-12701,1-626483,6,0.3920470501127191,8.687001353827592,8.864663413387115
manga-12624-12702,1-395813,5,0.43394901625669036,9.71380438784479,10.0404823981551
manga-12624-12703,1-420709,3,0.7283887581924624,10.427424097588851,10.59009103102178
manga-12624-12704,1-415975,7,0.22572212056912733,8.937223357035855,9.115569809219027
manga-12624-12705,1-627030,2,1.060953540357641,10.78015892732619,10.783042022165064
manga-12624-1901,1-415904,0,0.17975943533194538,8.55185198125197,8.63996718436075
manga-12624-1902,1-415871,-2,1.0374846583209099,9.552312932159905,9.615792688669917
manga-12624-3701,1-415754,-2,0.44962470826556356,9.501080254177397,9.697661634262927
manga-12624-3702,1-415777,-2,1.044984294690913,9.996346807326908,10.04333122780342
manga-12624-3703,1-406028,-5,0.8509041075832897,9.707802397881146,9.863623846807316
manga-12624-3704,1-406107,-2,0.9768780838491189,9.793326758153366,9.9272434596688
manga-12624-6101,1-592010,-5,,,10.984099333721232
manga-12624-6102,1-415764,2,0.7642699273181002,9.258942338338727,9.425397471199915
manga-12624-6103,1-415842,-2,1.0311865405358382,11.356115179123929,11.387001920736658
manga-12624-6104,1-415768,-5,0.9526407141471793,11.026227037042279,11.062397495857757
manga-12624-9101,1-591892,2,0.737770064703156,10.386878622727732,10.39850165714448
manga-12624-9102,1-406086,1,1.1854017134711654,10.860341026742871,10.787821745073868
manga-12651-12701,1-543357,4,0.7105833955197873,10.291251002800072,10.328386087223448
manga-12651-12702,1-543868,4,0.39301250244824004,9.712670449096324,9.928557637784087
manga-12651-12703,1-325181,-2,0.9526313207114505,11.489045033646889,11.539865608406902
manga-12651-12704,1-325522,-5,0.893537047296153,11.054111403011879,11.156220428969688
manga-12651-12705,1-634208,5,0.5566434844804071,10.496273447559037,10.644308419488722
manga-12651-1901,1-543595,4,0.4685834484963465,9.151537709140321,9.413548816714727
manga-12651-1902,1-325577,-5,0.8036122872219487,9.853413205650973,9.997567273627133
manga-12651-3701,1-272871,3,0.4222973659254343,8.936914610725179,9.186285343511832
manga-12651-3702,1-550883,0,0.8646995954482364,10.019079116631731,10.13286436614568
manga-12651-3703,1-325456,-5,0.8975651899915036,10.439468584832857,10.46676477080071
manga-12651-3704,1-550884,4,48.91985432755594,17.390585064515278,9.988433287584305
manga-12651-6101,1-543598,2,0.9718477239964933,10.446120728230813,10.503297840061215
manga-12651-6102,1-543810,-2,1.0188617042300265,10.450487048879038,10.4560857772259
manga-12651-6103,1-543583,-2,0.8781823329762943,10.159554393604463,10.236151086693864
manga-12651-6104,1-325590,-5,0.8581179534479233,10.770623191665209,10.850615423071115
manga-12651-9101,1-272881,2,0.9166383603239581,10.689658491697005,10.748121978201722
manga-12651-9102,1-325088,-5,0.8996965507078301,10.924745334289517,11.03019859351928
manga-12652-12701,1-270365,5,0.7834577123869728,10.48086577584781,10.63090803885939
manga-12652-12702,1-270359,3,0.6942024211039062,9.868335206491146,10.047049521102464
manga-12652-12703,1-270440,2,0.9384453386229232,10.512249998074763,10.579075325099355
manga-12652-12704,1-273244,4,0.5664378977931648,9.87728697794311,10.09691129851782
manga-12652-12705,1-270339,7,0.6096911655310429,9.478582577908057,9.599352133647225
manga-12652-1901,1-273107,1,0.9681430869984027,10.386418842998669,10.473766346859646
manga-12652-1902,1-634271,4,0.9644780310314616,10.832501218289382,10.899114008116353
manga-12652-3701,1-273162,5,0.6189931024382282,9.211989860440724,9.380804119297137
manga-12652-3702,1-270495,1,0.9491794569840515,10.219830942309159,10.266534279924576
manga-12652-3703,1-273275,3,0.48204017274277433,9.815267692126266,10.035050876197406
manga-12652-3704,1-273036,-5,1.0108194048261474,11.075897571934874,11.13635363940958
manga-12652-6101,1-270308,-5,1.0510829336538912,10.6451567738406,10.686570289020892
manga-12652-6102,1-270492,-5,0.9846976240900247,11.021413274405036,11.0451053857886
manga-12652-6103,1-270462,-2,0.9651724045961458,10.432719568441874,10.522942499373471
manga-12652-6104,1-273196,3,0.602362141799091,9.13818349421608,9.337516963712474
manga-12652-9101,1-273133,5,0.4159171878545713,9.518817420467524,9.756609715117218
manga-12652-9102,1-550792,2,0.9318366487818217,10.808238519193813,10.879578813700086
manga-12667-12701,1-211525,2,0.9725111824129762,10.741815241101731,10.76456726973361
manga-12667-12702,1-211165,-2,0.7510616397917005,10.845968480460837,10.920178784034201
manga-12667-12703,1-135742,2,1.1522246149813604,11.012426244531298,10.99397772474818
manga-12667-12704,1-135773,2,1.1271841191161585,11.311433946504366,11.280801901652982
manga-12667-12705,1-211519,2,0.9485100876842942,10.627585348961345,10.709710478525997
manga-12667-1901,1-211177,0,0.9856349103691997,10.189244211016334,10.322553324827034
manga-12667-3701,1-594544,3,0.8107595332690032,10.263828078221039,10.31001443314799
manga-12667-3702,1-211292,-5,1.039551509965655,10.957471217419442,11.02522916044704
manga-12667-3703,1-135772,-5,1.0247699674796884,10.961047550496051,11.028684487941495
manga-12667-3704,1-211544,-2,1.0651416935750895,11.117584473980529,11.195155209361602
manga-12667-6101,1-249009,4,0.49556257963811134,10.226482366186362,10.339252534606295
manga-12667-6102,1-211491,1,1.795641040881815,11.051402729303806,10.520462780436258
manga-12667-6103,1-634095,1,0.906476961866435,10.317634737022278,10.28720905100527
manga-12667-6104,1-211513,4,0.7031732928703356,9.376838901509094,9.454987163374845
manga-12667-9101,1-211327,-5,1.2788445883937243,11.318808504512663,11.17156361387723
manga-12667-9102,1-211545,2,1.0523599599242175,10.693486310525095,10.741373064088412
manga-12673-12701,1-210365,-5,0.9716756875372852,11.12928335188476,11.232490536187907
manga-12673-12702,1-211080,0,0.9455449244124452,9.818151707895765,9.913603433407138
manga-12673-12703,1-210415,5,0.4688902834523532,9.90400526178772,10.116819693045942
manga-12673-12704,1-135535,1,1.0350339525489076,10.171454472923593,10.244970794296284
manga-12673-12705,1-135475,-5,0.997323185867117,10.21042912982582,10.304210407991519
manga-12673-1901,1-210747,-5,0.9637981282793788,10.125959840604104,10.17385002744818
manga-12673-1902,1-135577,3,1.1057906843464629,9.362740724372937,9.3499289661577
manga-12673-3701,1-210702,-5,0.993367010036291,10.497404228050458,10.571083486768336
manga-12673-3702,1-135060,2,1.0144532581972072,9.89215983067051,9.97094568730459
manga-12673-3703,1-135159,-2,0.9940626489066915,10.430494773959794,10.458802441876223
manga-12673-3704,1-135056,1,0.7983041559520849,9.689478232778676,9.776123391494158
manga-12673-6101,1-210388,4,0.9271119410921393,10.144006644826023,10.04260669547567
manga-12673-6102,1-210385,0,1.0520282805889707,10.463657493177351,10.526328807664528
manga-12673-6103,1-135573,1,0.8751557182374441,9.483810844820322,9.596559271877712
manga-12673-6104,1-135092,-2,1.0271136329382529,10.583838703451708,10.652160750441164
manga-12673-9101,1-210903,5,0.6620761499864685,10.236870503982459,10.392565238321737
manga-12673-9102,1-135104,2,0.9716679391190937,10.114799694628083,10.148205964061578
manga-12674-12701,1-210822,5,0.6763227870102639,10.116458394340246,10.165739282171105
manga-12674-12702,1-210898,7,0.5289536598579971,9.002456273685974,9.237133528259394
manga-12674-12703,1-210719,4,0.7026766324070053,10.547973147376318,10.665151549490234
manga-12674-12704,1-210403,2,1.0429657291853616,10.946950553370932,11.006816588183192
manga-12674-12705,1-210694,5,0.9464679623256345,9.488293315077378,9.409305460881653
manga-12674-1901,1-594481,1,,,10.241601610582519
manga-12674-1902,1-594491,0,1.198137766606287,10.687309511437455,10.558002760654512
manga-12674-3701,1-210793,0,0.9808209847242182,9.663761510605095,9.761721386772503
manga-12674-3702,1-210779,-2,1.0264006155801937,10.310618267425975,10.39152016299668
manga-12674-3703,1-633985,2,0.975203617158563,9.409388055205888,9.562917679851981
manga-12674-3704,1-210780,1,1.0752207513745624,9.715569511769035,9.70100147877114
manga-12674-6101,1-210759,-2,1.0826776433101095,10.441801105018238,10.47336796437207
manga-12674-6102,1-210890,0,1.0999987667900264,10.536613868975039,10.527850162468539
manga-12674-6103,1-594477,-5,,,10.773997640598624
manga-12674-6104,1-210956,1,0.7472968966205116,9.045934517186984,9.218223168281453
manga-12674-9101,1-248992,3,0.9343061300675011,10.176388136966327,10.135579474318089
manga-12674-9102,1-210790,4,0.959263478705104,9.960113571963522,9.920347566873573
manga-12675-12701,1-249206,0,1.0420084048492448,10.755171451011579,10.77534505778301
manga-12675-12702,1-249204,2,0.9422861632219934,10.457059432824343,10.52039907619652
manga-12675-12703,1-249258,1,0.9884316368084356,10.954841082186194,10.912430914175195
manga-12675-12704,1-211400,6,0.547945786213063,9.498315698383504,9.726218689105913
manga-12675-12705,1-211756,-5,1.0185863983993784,11.294001107096102,11.327923354660191
manga-12675-1901,1-249292,9,0.25543416604778457,8.4953631514152,8.560695176123845
manga-12675-1902,1-211368,0,0.9988583054629032,10.519557145257783,10.549867004330348
manga-12675-3701,1-249224,-2,1.0652704330031035,10.555878036685655,10.604787000073822
manga-12675-3703,1-211547,5,0.7058434611818569,9.26872160328082,9.39740125371268
manga-12675-6101,1-249190,-5,0.9899601300040644,11.207363921521651,11.245366340212119
manga-12675-6102,1-249217,-5,0.6871465118575699,9.536860037845464,9.725007211754061
manga-12675-6103,1-249366,-2,1.0428411011063154,11.027125676378922,10.98290732507309
manga-12675-6104,1-564486,1,1.218932865365197,11.693857752717015,11.523144213489298
manga-12675-9101,1-249386,0,1.0483194789913952,11.48307681963562,11.50317379202709
manga-12675-9102,1-249383,-5,1.1091414572632452,11.347559144181433,11.334571014934658
manga-12678-12701,1-96659,7,0.38050952598495513,9.198786325912238,9.40551744840272
manga-12678-12702,1-96709,9,,,8.798995713746764
manga-12678-12703,1-639465,-2,,,11.351688492661117
manga-12678-12704,1-96668,1,1.0177533976918234,11.05024269879987,10.983068065309093
manga-12678-12705,1-97069,6,0.33759332168857625,9.740698047904202,9.99338481756967
manga-12678-1901,1-97033,1,0.8623538018301957,10.464227907300979,10.592070336656409
manga-12678-1902,1-96680,2,0.735164408524092,9.506866202096525,9.697729017101667
manga-12678-3701,1-96669,2,0.5887642985565549,9.874616646184414,9.933587816903813
manga-12678-3702,1-96834,-5,0.7925507650124572,9.934993119250846,10.083428045208654
manga-12678-3703,1-96953,-2,0.7680429185220881,11.353653045965679,11.398609122933307
manga-12678-3704,1-639466,-2,,,10.890395083323863
manga-12678-6101,1-97022,2,0.8739541482601929,10.840060788848083,10.877194827469634
manga-12678-6102,1-96712,2,0.6847394480707045,10.269511690429958,10.4009680128863
manga-12678-6103,1-97016,5,0.502305212194738,9.72355925029298,9.962550687971024
manga-12678-6104,1-97067,-5,0.9198026561372892,11.102980524144764,11.190401011641887
manga-12678-9102,1-97030,2,0.8201688772650506,10.76455366296652,10.850055953277291
manga-12679-12701,1-96897,5,0.35187813045978444,10.061026468319959,10.266480015779187
manga-12679-12702,1-97236,-2,1.09164428215011,11.081769167240937,10.849025913436323
manga-12679-12703,1-97189,-2,0.761533003128271,10.491977519402148,10.641745350766197
manga-12679-12704,1-97372,3,0.38071280747429626,9.110133813250348,9.338835718084576
manga-12679-12705,1-97191,2,0.6857390777711778,10.634098175003361,10.79896497744057
manga-12679-1901,1-96916,-5,0.8281645169318281,11.303715099083874,11.335325706607318
manga-12679-1902,1-97348,0,0.6074052932273233,9.79761279198029,9.984891922608407
manga-12679-3701,1-97176,1,0.8329379952009006,10.077122658637416,10.207186514371003
manga-12679-3702,1-97120,5,0.363498147293118,9.35439034281974,9.552162619686099
manga-12679-3703,1-97312,0,0.8987913871210189,10.448613479917377,10.514778544741269
manga-12679-3704,1-97184,1,0.6292764863342128,9.164386903525612,9.3643889911219
manga-12679-6101,1-97296,1,0.8570832232648726,10.826175568213626,10.874156177725228
manga-12679-6102,1-96886,-2,0.934773854316159,10.690410837624366,10.774343760831696
manga-12679-6103,1-635476,2,,,10.73970340408198
manga-12679-6104,1-97180,0,0.8005728133313106,10.835380057178883,10.96471843844065
manga-12679-9101,1-97311,11,0.6537025155929221,10.73870035473587,10.962748431911086
manga-12679-9102,1-97179,3,0.458462444844681,11.3505156415075,11.389501974284723
manga-12682-12701,1-98034,-5,1.0294723567044564,11.1058988357748,11.14904782517099
manga-12682-12702,1-212402,1,,,10.520627710295091
manga-12682-12703,1-212500,-2,0.9038791151099907,10.40214386780462,10.493342051691318
manga-12682-12704,1-596366,3,,,10.34938042460958
manga-12682-12705,1-212420,3,0.4692148771613631,9.944568729769848,10.13133265431232
manga-12682-1901,1-212462,-5,1.0154559075372553,10.89118478853283,10.959895062949217
manga-12682-1902,1-596378,-2,,,10.311320303564322
manga-12682-3701,1-635653,-5,,,11.293081022974102
manga-12682-3702,1-98304,-5,,,10.16270366309178
manga-12682-3703,1-212396,-5,,,11.082042464984504
manga-12682-3704,1-98061,-5,,,10.942166802067339
manga-12682-6101,1-635712,-5,,,11.41362888151175
manga-12682-6102,1-212330,-5,,,11.174160326682788
manga-12682-6103,1-212392,0,1.0331126565854163,10.433667619179257,10.473652481359874
manga-12682-6104,1-596385,-5,,,11.144045696896665
manga-12682-9101,1-635686,11,,,11.119296676722723
manga-12682-9102,1-212401,2,,,10.588706254570324
manga-12683-12701,1-212498,-5,,,11.343520097645248
manga-12683-12703,1-635755,4,,,10.975014087538916
manga-12683-12704,1-212811,7,0.5153990881208266,9.181938319808937,9.404352409031029
manga-12683-12705,1-596390,5,,,9.711080886393642
manga-12683-1901,1-212693,2,0.9478619295795916,11.014294496743057,11.024347763465979
manga-12683-1902,1-98506,0,0.5485537885515726,10.240364401127799,10.486718066513232
manga-12683-3701,1-212820,-5,1.117806723390192,11.261544982296973,11.199724194281876
manga-12683-3702,1-212393,0,0.8732028852684444,10.52456627710268,10.609794917349477
manga-12683-3703,1-212496,0,0.9326348644326004,10.378412679718267,10.502484066187556
manga-12683-3704,1-639681,3,0.45374903676281875,10.960797293881637,11.144576075538854
manga-12683-6101,1-212222,2,0.5969501110693045,9.971840218682033,10.169966705791294
manga-12683-6102,1-212706,4,0.7987957238521339,10.564805734867353,10.619846897741864
manga-12683-6103,1-212516,0,0.9887602567418732,10.737896015189081,10.7993905249113
manga-12683-6104,1-212471,-5,0.9074242737602383,11.206952604471454,11.274524696220885
manga-12683-9101,1-212274,2,0.9636331225518724,10.636799452529724,10.598218327172024
manga-12683-9102,1-212493,2,0.7762636173009199,10.327171683331915,10.399788993199053
manga-12684-12701,1-212586,4,0.9106307196347068,10.714033540818441,10.598052235357894
manga-12684-12702,1-212861,3,0.6916537142237225,10.31847724099977,10.439998832619372
manga-12684-12703,1-98636,1,,,11.269077567659123
manga-12684-12704,1-212906,6,0.39638976521016644,9.198213091107045,9.447225016099987
manga-12684-1901,1-212813,3,0.6370671112602437,10.206992970486048,10.33101651686781
manga-12684-1902,1-98558,-5,0.9982103888888822,10.888634513465666,10.925562228777794
manga-12684-3701,1-212626,-5,1.002364479074565,10.961204923962285,11.043194030016014
manga-12684-3702,1-212876,-5,0.9396820190100321,10.877054726867987,10.961921028017077
manga-12684-3703,1-98388,-5,0.9656336151549247,11.040603692607306,11.121110742616663
manga-12684-3704,1-635839,-5,,,10.750284015698814
manga-12684-6101,1-98542,-5,1.156641369424296,11.541229709995347,11.423305654964427
manga-12684-6102,1-212898,-5,0.9494530861452368,11.1767182966579,11.224086003904365
manga-12684-6103,1-212911,-2,0.9741426349854372,11.077778321971183,11.173480527088875
manga-12684-6104,1-98574,0,0.9378713116710458,10.470281961713843,10.562536143996189
manga-12684-9101,1-98505,-5,1.0019664684818181,11.58062088846381,11.591468268698742
manga-12684-9102,1-98529,-2,1.022244923351451,10.790294312870891,10.855733887542916
manga-12685-12701,1-109679,3,0.5680081736391038,10.10392874229057,10.259392308009103
manga-12685-12702,1-109836,4,0.49343681890206526,9.857078577562698,10.047502121153482
manga-12685-12703,1-110133,5,0.4710584623572842,8.82409023234676,9.057797323161111
manga-12685-12704,1-109808,2,,,10.68596796052993
manga-12685-12705,1-110165,4,0.6760534672521352,10.348594383807354,10.48671207675067
manga-12685-1901,1-109909,-5,1.0094417410984065,10.733311689308673,10.7784005941124
manga-12685-1902,1-639484,-5,,,10.609230548552564
manga-12685-3701,1-635851,0,,,10.639828162517587
manga-12685-3702,1-110095,-2,1.0044557138226473,10.862252945705231,10.855863244641434
manga-12685-3703,1-109934,-2,1.3108489056310475,10.592605759549842,10.325234183821674
manga-12685-3704,1-109872,0,0.9165463172342534,10.452638031883552,10.500204327059453
manga-12685-6101,1-109860,-2,1.0138984252923038,10.885087845393759,10.915194090264636
manga-12685-6102,1-109817,-2,0.9742193916972148,10.449302963520516,10.496207621453852
manga-12685-6103,1-110139,0,1.0033365253185629,10.575831689461888,10.644146223696039
manga-12685-6104,1-109924,-5,0.8575354636256556,10.401641207725442,10.6155131188655
manga-12685-9101,1-98401,4,49.42477859363593,17.69596979624327,10.343776416401392
manga-12685-9102,1-109849,-2,0.9908842224020198,10.535883697535574,10.612552167675023
manga-12696-12701,1-32708,0,1.0709044333074331,11.184812154626831,11.15830409968955
manga-12696-12702,1-32223,1,0.9692862607318133,10.751048698938806,10.782051986201921
manga-12696-12703,1-32715,0,1.0850336514802592,10.270452976005735,10.250591051367797
manga-12696-12704,1-32796,7,0.2868726841776379,9.602536934077332,9.856660177023366
manga-12696-12705,1-32827,5,0.41031025654235265,9.645877381106722,9.904418901444817
manga-12696-1901,1-601561,-5,0.9799472648958485,11.187176099130417,11.242261058867934
manga-12696-1902,1-32697,1,1.2597234430206683,10.118479175397969,9.935959865033041
manga-12696-3701,1-32643,0,0.9586840443122995,9.880944326075753,9.949280052786937
manga-12696-3702,1-107844,-2,1.009487716990943,10.773137336420533,10.901642870956811
manga-12696-3703,1-32623,-2,0.9847255121995495,9.867313060938045,9.920384116976326
manga-12696-3704,1-32661,-5,0.7522503438447323,9.525548801307975,9.74207611063465
manga-12696-6101,1-32701,-2,1.2480700005547298,10.923004800078028,10.777610579253455
manga-12696-6102,1-32691,-5,0.8129345961101073,9.791756469098235,9.993088038097694
manga-12696-6103,1-32786,1,1.0238456658427673,10.713882038205778,10.735856725417298
manga-12696-6104,1-32696,-2,0.9956731409242963,10.812937316645346,10.887184984727051
manga-12696-9101,1-107935,4,0.6998156013953434,9.853806068860491,10.011418435073109
manga-12696-9102,1-107841,2,0.9514582093623218,10.024291075291732,10.103479725876621
manga-12700-12701,1-120050,8,-0.0713024856232849,8.605592275019077,8.631122698620263
manga-12700-12702,1-120100,5,0.7136773437417538,9.280545358464732,9.325436185947888
manga-12700-12703,1-599614,3,1.0251909770819658,10.96385776835888,10.944458735942407
manga-12700-12704,1-599807,7,0.3969636684130755,8.857682281364726,9.05338122948539
manga-12700-12705,1-119975,5,0.5218461268636467,9.146343320569411,9.348583734666725
manga-12700-1901,1-120074,-2,0.9129265072826698,11.11967619430362,11.11719596721008
manga-12700-1902,1-120019,6,-0.1448874093770911,9.303061785013787,9.35901073498508
manga-12700-3701,1-120061,-2,0.6248855765585652,10.801934126945891,11.120645452301483
manga-12700-3702,1-120162,5,0.4908428018260089,9.431850527319442,9.701267026103942
manga-12700-3703,1-120509,2,,,10.942205401223154
manga-12700-3704,1-120324,-2,0.5699926310017958,9.16474435073483,9.413018739983084
manga-12700-6101,1-120103,3,0.6462901004368362,9.189311001192806,9.401949163018047
manga-12700-6102,1-120269,3,0.5960322241844125,9.930751401012717,10.071966502486898
manga-12700-6103,1-120538,6,,,9.475360011632043
manga-12700-6104,1-120335,2,,,10.635750494604059
manga-12700-9101,1-120518,5,0.5922479883287082,9.502615042177242,9.70818530585322
manga-12700-9102,1-120331,9,,,9.497965918154868
manga-12769-12701,1-30887,5,0.6806722973271597,10.063589434119299,10.236089031824545
manga-12769-12702,1-31212,-5,1.0212458132768347,11.221342049650168,11.304511638797692
manga-12769-12703,1-31425,5,0.5469568527820172,9.136517319932736,9.404741547499386
manga-12769-12704,1-30960,5,0.42674472970205457,9.31544724331751,9.430191760545073
manga-12769-12705,1-31376,7,0.5502884104067185,9.50777160629208,9.730658451799151
manga-12769-1901,1-30632,2,0.9322145384433789,10.590264468398814,10.551184582476557
manga-12769-1902,1-551226,4,0.5895508263615099,10.109672024399863,10.268672565706973
manga-12769-3701,1-31020,1,0.9045587606772649,10.475904697306838,10.60517851115317
manga-12769-3702,1-31193,3,0.9931816107217912,10.72051737069588,10.71943451910978
manga-12769-3703,1-31432,-5,1.0945671772285763,10.959744978518202,10.91404661421026
manga-12769-3704,1-31369,-2,1.067112712628493,10.972037598912893,10.99660677310804
manga-12769-6101,1-30993,1,1.0813431997470175,11.10081042283129,10.989470597448557
manga-12769-6102,1-31160,-2,1.1322825670287742,11.22768894131207,11.148556755350208
manga-12769-6103,1-107505,-2,0.8704880629171292,10.759690809071778,10.93360606987256
manga-12769-6104,1-31237,6,0.4437982856192306,8.937077623488086,9.197997255471499
manga-12769-9101,1-107452,-2,1.004802420382191,10.973075885815517,11.078865797527737
manga-12769-9102,1-31375,4,0.7118059123920197,9.869147118183738,10.043555446971261
manga-12772-12701,1-33082,5,0.5368367254502537,8.92497386060225,9.1689671749662
manga-12772-12702,1-203688,-5,1.057757228167862,11.43055588932745,11.440620825740648
manga-12772-12703,1-551328,5,0.7683079474582399,9.883934370521432,9.976199853181274
manga-12772-12704,1-108127,5,0.4687867253434277,8.888996651207153,9.120478408816698
manga-12772-12705,1-33337,6,0.43017569457616034,8.860817526790367,9.080044524922956
manga-12772-1901,1-33220,-5,0.7321152239640938,8.888678161800529,9.137822434661095
manga-12772-1902,1-33049,1,1.1167097999537994,9.784190847928912,9.778228142652578
manga-12772-3701,1-33036,-2,0.9324769705464853,9.187631989744862,9.283723103681467
manga-12772-3702,1-32881,-5,1.079846095947925,10.709478198415209,10.732542576692937
manga-12772-3703,1-33227,4,0.8123346538846086,10.259807926451623,10.303208891605092
manga-12772-3704,1-33039,0,0.8185862060627187,9.337549369572592,9.544290247004064
manga-12772-6101,1-32576,6,0.3729732928050531,8.603813246974118,8.823552512498065
manga-12772-6102,1-33003,0,0.5482335426091254,8.589749619464069,8.806111770823373
manga-12772-6103,1-33453,3,0.4055323326826361,9.472343100634848,9.67404840614782
manga-12772-6104,1-108143,2,0.8380209648538077,9.950738625913615,9.975093846490536
manga-12772-9101,1-33215,3,0.9883285953229226,9.27915986527887,9.260246239828827
manga-12772-9102,1-33508,2,0.6371890813993062,9.780163348085035,9.952753756673248
manga-7443-12701,12-98126,1,0.666405619999999,9.488935262,9.730203099412929
manga-7443-12702,12-84674,3,0.7298976443119685,10.203288461551882,10.412779640820297
manga-7443-12703,12-193481,11,0.17202850926110713,10.396982984058798,10.505186620371001
manga-7443-12704,12-84731,4,0.5635048930559563,9.71574821584269,9.938014088283747
manga-7443-12705,12-84627,4,0.8157517791239179,10.340278891203637,10.353950834679745
manga-7443-1901,12-84620,-2,,,9.171957431035537
manga-7443-1902,12-49536,-2,,,9.456419177803356
manga-7443-3701,12-193534,6,0.4447139500067898,8.608237643672325,8.836253204696405
manga-7443-3702,12-84670,-5,0.7585580061027919,10.851182318763241,11.06830833779012
manga-7443-3703,12-180451,-5,,,8.639629902296624
manga-7443-3704,12-84617,1,0.480481739146267,8.609940942377253,8.826766529898446
manga-7443-6101,12-84726,4,0.5082514754315355,8.652418004329862,8.866082847559639
manga-7443-6102,12-180432,1,,,10.17285094526475
manga-7443-6103,12-84665,5,0.44560425895699396,9.060169418495791,9.3146907552829
manga-7443-6104,12-84677,0,0.9530010480347073,10.907133352285046,10.98924819771715
manga-7443-9101,12-84660,4,49.27610680183594,17.596687206863272,10.319528691873703
manga-7443-9102,12-84679,-5,1.045943553476139,11.089341710519385,11.13575580642339
manga-7495-12701,12-192120,0,0.9420021869114521,10.357929260066891,10.331143748371574
manga-7495-12702,12-129612,5,0.983808537800364,10.235064947084489,10.279733086805438
manga-7495-12703,12-129646,5,,,10.17819393656114
manga-7495-12704,12-129618,3,,,10.470708837289887
manga-7495-12705,12-129629,2,0.9346503193242164,10.565864365065094,10.64881261245127
manga-7495-1901,12-110746,-5,0.856223923613733,9.505738268145151,9.68989551516936
manga-7495-1902,12-129608,3,0.8027594794835942,9.31440782693766,9.471159641981975
manga-7495-3701,12-129446,2,0.8107219643636299,10.625203930267615,10.700306441535764
manga-7495-3702,12-192149,4,0.7080344740747826,9.329071583812583,9.448260978442736
manga-7495-3703,12-110756,3,0.726728736551685,9.128571534315862,9.255361767572925
manga-7495-3704,12-129601,-2,1.134588668220676,10.383707368717975,10.324414164455805
manga-7495-6101,12-129434,5,0.5253965719161577,8.616199863784365,8.851942893191657
manga-7495-6102,12-192116,6,0.02727650300679585,8.71023693597233,8.737010455345274
manga-7495-6103,12-129602,3,0.5215893658024449,8.571052334378875,8.772439801157743
manga-7495-6104,12-129534,5,0.7484765838282748,9.078800242497206,9.109115998075794
manga-7495-9101,12-129610,6,0.313471621108917,8.696442648750082,8.881442863168331
manga-7495-9102,12-129609,1,1.022850452151168,10.061610387130871,10.135333048741819
manga-7815-12701,1-113567,7,0.34863893991616024,8.636841292584366,8.886741641043963
manga-7815-12702,1-113469,4,0.33249706369473486,9.123241248942978,9.400802112065485
manga-7815-12703,1-113403,1,0.5958173465422654,10.41386523295998,10.500110176145627
manga-7815-12704,1-113418,4,0.764611062441471,10.495969679953195,10.528767626885193
manga-7815-12705,1-635503,5,0.43696677655300675,10.181380068686824,10.361213931653007
manga-7815-1901,1-113520,-2,0.8495343232826293,9.407377656330253,9.486988397743117
manga-7815-1902,1-113525,3,0.6945294174958541,9.065916117790422,9.249350028131163
manga-7815-3701,1-113468,3,0.7132781835953494,10.907331045605552,11.012782407379106
manga-7815-3702,1-113540,2,0.3515207190313241,9.832407582578073,10.022222104507707
manga-7815-3703,1-113585,-2,0.7550470510626219,10.804058076397766,10.957417630864402
manga-7815-3704,1-113651,2,0.8978152138630762,10.503356781959727,10.596072326891228
manga-7815-6101,1-113379,5,0.34454617176565705,8.522944160999442,8.729360016273176
manga-7815-6102,1-113668,-5,0.8202790754645513,11.142643732970726,11.194289505079206
manga-7815-6103,1-113521,2,0.42322598540183876,10.94405413665595,11.130356286884338
manga-7815-6104,1-113712,2,49.187807199835945,18.091933268663286,10.492369208227911
manga-7815-9101,1-113375,5,0.48844286367568657,9.57466014925743,9.821927319317894
manga-7815-9102,1-113219,3,,,9.371992755598926
manga-7957-12701,1-546816,6,0.268838977868441,9.403301559762678,9.459018350845515
manga-7957-12702,1-547131,5,0.4829457659005243,9.856318392364173,9.972650791775983
manga-7957-12703,1-547210,1,1.3222602158405259,11.501683828749957,11.217481312118162
manga-7957-12704,1-546807,6,0.5402058814444572,9.8599753681088,10.060312469101484
manga-7957-12705,1-547159,3,0.8141664747499,10.557392491522467,10.681067484829999
manga-7957-1901,1-634477,2,0.8177292333009198,9.566362968931916,9.693035395653729
manga-7957-1902,1-547135,0,0.949769141026497,10.221781912603818,10.334399460947484
manga-7957-3701,1-634538,-5,1.0930318359100362,10.728858878657991,10.729976711918935
manga-7957-3702,1-547180,2,0.8309780015078303,9.565686788569518,9.743912515401306
manga-7957-3703,1-546813,1,0.37187811704669116,8.888653456564148,8.975752929805335
manga-7957-3704,1-547107,4,0.5397013183923036,9.028179330603757,9.246478884454298
manga-7957-6101,1-561020,-5,1.093451298247924,10.708648453345209,10.736072054776786
manga-7957-6102,1-561039,3,1.0414695326824805,10.011197915829756,9.987157055598837
manga-7957-6103,1-546834,-2,1.0843375234406807,10.692238099910924,10.7138197092999
manga-7957-6104,1-595044,5,0.35556061942022055,9.435922866516478,9.621635269197638
manga-7957-9101,1-177296,5,0.4010643272676333,9.084540448076702,9.33092488466716
manga-7957-9102,1-547185,4,0.4654430573868389,9.773388299123326,9.990342851344199
manga-7958-12701,1-177285,6,48.91941287783593,16.323634258463276,9.095239112010479
manga-7958-12702,1-177745,5,0.5574791554254084,9.267840801823251,9.437151012984073
manga-7958-12703,1-547415,5,0.8114319648078165,9.664201216642297,9.656224732964208
manga-7958-12704,1-546966,5,0.4055860087942378,9.610858579697648,9.836400078943146
manga-7958-12705,1-177762,7,,,9.434980649877986
manga-7958-1901,1-177236,-5,0.8279963883427897,9.534574497740836,9.706872189661297
manga-7958-1902,1-547433,0,,,9.529117097642697
manga-7958-3701,1-177735,-5,1.015794297494427,11.16653127848151,11.144935191306725
manga-7958-3702,1-177284,3,0.7515219140497038,10.2649513975386,10.380377689362573
manga-7958-3703,1-177250,1,1.1019161467149239,10.311930146603304,10.327557131811744
manga-7958-3704,1-547341,-5,,,9.585412221182084
manga-7958-6101,1-547086,3,0.5901634390108654,10.065180413544093,10.172366456538304
manga-7958-6102,1-547018,-2,0.4417469594918053,10.579647468997962,11.001997496860763
manga-7958-6103,1-547106,0,0.9961674984066384,10.451080368071826,10.531449537304153
manga-7958-6104,1-547403,-5,1.0353756265902554,11.145126290176252,11.192313715569885
manga-7958-9101,1-547402,3,,,9.721083160506428
manga-7958-9102,1-547039,-5,1.0172850360265002,11.11618005710382,11.156033991923621
manga-7959-12701,1-177434,4,1.0187282349215288,10.470957194408252,10.435963748717196
manga-7959-12702,1-634588,4,0.9745052928350688,10.613024121148605,10.580158299636825
manga-7959-12703,1-177478,2,0.9125903972744212,10.534596943749026,10.620013143700444
manga-7959-12704,1-177624,3,0.8435853748452367,10.556845561827899,10.677510229313745
manga-7959-12705,1-178084,5,0.6232048761872981,10.314652948324827,10.504428722331282
manga-7959-1901,1-177610,1,0.6356087148229079,9.123760363233787,9.322872313330109
manga-7959-1902,1-177460,-5,0.8689755342615051,9.567324678289857,9.688298772245938
manga-7959-3701,1-177659,-2,0.779835308317125,10.386658782460117,10.469581983554452
manga-7959-3702,1-211872,3,,,9.706752763391092
manga-7959-3703,1-177495,0,0.9752785176982322,10.400059546106728,10.482138661595842
manga-7959-3704,1-177397,-5,1.0206858286372125,11.134254804874514,11.170728038074714
manga-7959-6101,1-177336,-5,0.9848743860173492,10.86184604034252,10.937795130123943
manga-7959-6102,1-177358,2,0.9175750753160123,10.679484258683871,10.770409394671608
manga-7959-6103,1-561117,3,,,10.71594237109109
manga-7959-6104,1-177923,-5,0.9878242134996214,11.11615757178829,11.179198352271575
manga-7959-9101,1-177635,-5,0.9597110588452402,11.167088806227902,11.231619936319674
manga-7959-9102,1-177625,3,,,10.461195285192455
manga-7960-12701,1-177626,4,0.6731815227451925,10.348568302144528,10.534645359404848
manga-7960-12702,1-561017,5,0.8711156333048713,10.237926612986435,10.194683586622192
manga-7960-12703,1-178170,4,,,9.812902666185572
manga-7960-12704,1-177542,5,,,9.997622691640167
manga-7960-12705,1-178130,4,0.45907034988389483,9.982678593867462,10.176235999760872
manga-7960-1901,1-561016,-5,,,11.308523863289054
manga-7960-1902,1-177617,-5,0.9932732380217928,10.57764092912588,10.637627801199287
manga-7960-3701,1-177493,-2,0.9612993169689794,10.92942552863536,10.982933027634251
manga-7960-3702,1-177528,-2,0.9389824381089156,10.055775423450083,10.15661577438455
manga-7960-3703,1-547295,0,,,9.706491617293196
manga-7960-3704,1-177533,7,,,9.066366929772169
manga-7960-6101,1-177529,4,,,9.018471643392513
manga-7960-6102,1-178157,1,,,9.295540711647977
manga-7960-6103,1-177763,3,,,9.582631439489637
manga-7960-6104,1-178169,-2,,,10.237347658181749
manga-7960-9101,1-547621,6,,,9.285676554850626
manga-7960-9102,1-547290,-2,,,11.436464798141618
manga-7961-12701,1-178024,4,0.8972727764918069,11.096897583697963,11.099815258437484
manga-7961-12702,1-177959,4,0.7675907967108451,10.566212387372774,10.5896044848155
manga-7961-12703,1-547535,3,0.40619915183506805,9.741572458048603,9.96708535604315
manga-7961-12704,1-547544,2,0.7103281321420276,9.916821973369581,10.112417302870009
manga-7961-12705,1-547565,5,49.59312425983594,18.41224571466328,10.953954814712983
manga-7961-1901,1-178035,-2,0.5666366793180941,9.419550873538721,9.683041632049825
manga-7961-1902,1-177974,-5,1.0967111319391698,9.964384143123697,9.982408737855058
manga-7961-3701,1-547594,-5,0.9606396111314695,10.792789663199388,10.896993879327518
manga-7961-3702,1-547620,2,,,9.90811222353317
manga-7961-3703,1-547568,-5,0.8864738409699129,10.734342246854958,10.876396834670384
manga-7961-3704,1-547552,-5,0.9749413311338166,10.163763598288352,10.256133002780677
manga-7961-6101,1-561231,1,0.9679699699454929,10.146324549705987,10.223636097077225
manga-7961-6102,1-547564,-5,1.0135819249018247,10.283065242576761,10.333664871038808
manga-7961-6103,1-595166,-2,,,11.066135763404434
manga-7961-6104,1-547531,1,0.8208996606355221,10.110749798171028,10.205691453579506
manga-7961-9101,1-177951,-2,0.9472032087158588,11.235600840622908,11.292457661286175
manga-7961-9102,1-178052,4,0.7566206451382556,9.82596785127171,9.979394022509533
manga-7962-12701,1-177822,7,0.3885396805850583,9.413319317909005,9.660256280065795
manga-7962-12702,1-178265,6,0.5127383180854359,9.798531676181181,10.005982272648128
manga-7962-12703,1-178586,4,0.835835589318755,10.850748799724203,10.8981127896238
manga-7962-12704,1-178414,2,0.4966384172410443,9.661659520634949,9.905953384708827
manga-7962-12705,1-178276,4,,,9.981866607870446
manga-7962-1901,1-178405,0,0.99896785023925,9.793999892673948,9.900516238142357
manga-7962-1902,1-178270,-5,,,9.822592355668489
manga-7962-3701,1-178473,1,0.9285014575700608,10.122482789915919,10.231691268703809
manga-7962-3702,1-177796,-5,1.0388772140173543,11.048736815142524,11.063434695019405
manga-7962-3703,1-178541,1,0.911438097675024,10.718446847511483,10.867542319131172
manga-7962-3704,1-178204,-2,,,9.961881723952406
manga-7962-6101,1-178442,-5,1.0079124596750297,11.012170701711486,11.08063730807807
manga-7962-6102,1-178233,2,0.7766714095502607,11.503854819386024,11.421187528435206
manga-7962-6103,1-178533,-5,0.9773382817762162,11.224821548089405,11.311722082248084
manga-7962-6104,1-178443,4,0.5856445271553383,9.932172994619648,10.076083111727812
manga-7962-9101,1-178482,2,0.7738873293636281,10.987979251767612,10.981219964308261
manga-7962-9102,1-178550,-5,0.9604613319114534,10.277789459566893,10.367542273520577
manga-7963-12703,1-179210,4,0.5829668205502649,10.16557823948603,10.298571457542643
manga-7963-1901,1-178916,-5,0.7998998760121623,10.991309021635749,11.114904417448763
manga-7963-1902,1-179096,1,0.43913662567143064,9.574050389609791,9.825763554850498
manga-7963-3703,1-179173,1,0.8675238160427199,10.286394476790592,10.417059623848829
manga-7964-12701,1-179247,5,0.4022089578099859,9.235641042374617,9.510138674411893
manga-7964-12702,1-179139,2,0.9077341321062917,10.92711749708746,10.975586196879856
manga-7964-12703,1-179535,1,0.7819298141171274,10.175064136991775,10.308246312434798
manga-7964-12704,1-179479,4,0.7364805349357759,10.737221286938388,10.756141445883285
manga-7964-12705,1-179151,5,0.6427496940271595,9.3483761700893,9.552020549483297
manga-7964-1901,1-179372,-5,0.7039108908208185,10.53208974637893,10.716354812870541
manga-7964-1902,1-179682,-5,0.6106209562840483,9.388642403939157,9.588921261618006
manga-7964-3701,1-179289,0,1.198888057605057,10.351127626654122,10.208559588840851
manga-7964-3702,1-179248,-5,0.9142173158323175,10.32375113276873,10.398197034933055
manga-7964-3703,1-179530,-2,0.7908726986372088,10.26110352187451,10.416795228383169
manga-7964-3704,1-179395,2,0.4231270011821948,8.70975195909552,8.899113241110422
manga-7964-6101,1-179386,5,0.7366529551062904,10.535156926387458,10.660338884998309
manga-7964-6102,1-179385,6,0.30577110691278264,9.038139202437861,9.248208752056557
manga-7964-6103,1-179135,1,0.6896411521821939,10.128160713195518,10.410701330621686
manga-7964-6104,1-179351,1,0.8657220086900246,10.934409782265035,11.000538191547719
manga-7964-9101,1-179503,3,0.5496360828379032,10.212887016687338,10.355033691508622
manga-7964-9102,1-179679,0,0.6355728857566874,10.74748427029479,10.860046182460904
manga-7965-12701,1-179631,5,0.4967008277001064,9.755960026745935,10.014440728763974
manga-7965-12702,1-179321,4,0.7875890665668948,10.721256014824597,10.762630556157294
manga-7965-12703,1-179781,-5,0.7130717929652022,10.880984403877017,11.058706858389918
manga-7965-12704,1-289914,-5,0.7666733905381058,11.194154168371213,11.280503250046149
manga-7965-12705,1-635478,5,0.17483063630487194,10.139572880286433,10.39646437770205
manga-7965-1901,1-179705,2,0.25161646186944253,9.745175138120597,9.954804315983393
manga-7965-1902,1-635485,-2,0.2658513993180911,9.828806825538718,10.112688769397097
manga-7965-3701,1-550887,1,0.9473483427762197,10.256510483189409,10.379814767077795
manga-7965-3702,1-550893,-2,0.7082482373242236,10.8761006988651,11.083552782962375
manga-7965-3703,1-179724,8,0.20197760203470594,8.531459033685046,8.783287415666303
manga-7965-3704,1-179600,5,0.28498930635825914,8.870481697064658,9.124657439851612
manga-7965-6101,1-179597,-2,0.7667401833643837,10.560220345291032,10.785499959687167
manga-7965-6102,1-635481,5,0.6534219862392483,10.067913410273947,10.308197188811034
manga-7965-6103,1-191503,2,0.6708096556014809,10.723685814292397,10.883626236004512
manga-7965-6104,1-179747,2,0.7922486005700584,10.824151931215916,10.983718277458518
manga-7965-9101,1-179355,-5,0.8058806523749489,10.786609222261234,10.918352790847702
manga-7965-9102,1-179636,6,0.4554617773357208,9.499884331754899,9.739975600135855
manga-7968-12701,1-180513,4,0.7448070762029566,10.323345990084787,10.37238722024154
manga-7968-12702,1-180336,5,0.6940966042840486,10.002031040739157,10.168503376216867
manga-7968-12703,1-180629,4,0.8378581755448948,11.116774070543535,11.138005697134002
manga-7968-12704,1-180621,3,0.9584137228010299,11.116414995769976,11.072246220252628
manga-7968-12705,1-180392,-2,0.9992608321042162,11.307271568632615,11.327291485770642
manga-7968-1901,1-180163,-2,1.0120433333486325,10.46496224351406,10.46449848957558
manga-7968-1902,1-180540,2,0.5858698472055828,10.335166036026482,10.482709263495526
manga-7968-3701,1-180204,4,49.28016228783594,18.02666280946328,10.7377832314338
manga-7968-3702,1-180337,5,0.47710105116785684,9.010589094627447,9.251141600060302
manga-7968-3703,1-180576,-2,0.9703488898099906,11.16615018357462,11.188064658213134
manga-7968-3704,1-635629,7,0.43240463322311484,9.360269950025652,9.544059358373778
manga-7968-6101,1-180472,3,0.8622096755700603,10.255788813715919,10.347316351904835
manga-7968-6102,1-180537,4,,,11.337329452737498
manga-7968-6103,1-180381,-5,0.9560023891338183,11.142877666088353,11.21199306085458
manga-7968-6104,1-180497,-5,1.0205479532709347,10.895168737184537,10.94845844694074
manga-7968-9101,1-180172,4,1.4687414704373012,11.554392447764421,11.08606070525516
manga-7968-9102,1-180080,-5,1.0164226589018206,10.412923641976757,10.448381636854661
manga-7972-12701,1-113322,5,0.737281889400208,9.891347102891864,9.953515664663188
manga-7972-12702,1-113346,1,0.40571986388268755,9.771277252971885,9.944892590809319
manga-7972-12703,1-113265,1,0.21578768825320793,9.936480724849767,10.202646312658311
manga-7972-1901,1-113343,1,0.8876030703491189,10.010142327703369,10.144300157617678
manga-7972-1902,1-113273,11,,8.647706346049642,10.256479612298623
manga-7972-3702,1-113315,1,0.8910286332239608,10.518241909087006,10.60232157495915
manga-7972-3703,1-113551,-2,,,10.580937514180448
manga-7972-3704,1-113405,1,49.324632323835935,17.173575817063277,9.907850807782856
manga-7972-6101,1-113242,-5,0.8713308783160123,10.903939805983871,11.007363654312279
manga-7972-6102,1-113518,6,0.3661335900024447,9.252629228807681,9.51731996436473
manga-7972-6103,1-113368,1,0.9281027926900265,10.825991636665037,10.886122264632144
manga-7972-6104,1-113404,4,0.32324304750876465,9.469889222949583,9.73392315813989
manga-7972-9101,1-113292,0,0.8726741044958501,10.958968429490419,11.035765836084906
manga-7975-12701,1-114121,2,1.0277041280156638,10.961136814639039,10.940895331229207
manga-7975-12702,1-114129,-5,0.7346029996115533,10.233999930312823,10.34514623008017
manga-7975-12703,1-114325,5,0.5941684364452975,10.263703591490462,10.340340982444651
manga-7975-12704,1-114454,-2,0.8257362813409088,10.860343018841904,10.867278879427921
manga-7975-12705,1-114073,6,0.13143720590598917,9.620838664665534,9.852349441686174
manga-7975-1901,1-114303,9,,,8.939575657319375
manga-7975-1902,1-114334,1,1.0396780756855897,10.04709127638168,10.01486481374928
manga-7975-3701,1-114082,3,0.41720366657489194,9.464703947950643,9.621575067722086
manga-7975-3702,1-114171,-5,0.9223355027891387,11.131735311348576,11.2545239086857
manga-7975-3703,1-114532,-5,0.7934625290135813,10.734394751244652,10.893856597624048
manga-7975-3704,1-550578,-5,,,11.1936031720795
manga-7975-6101,1-114128,-5,1.000643252300744,10.831308180096201,10.858047287404549
manga-7975-6102,1-114145,2,0.9238354220619556,10.406884181351817,10.470378145564943
manga-7975-6103,1-114502,-5,0.8468407943643861,10.813743885391034,10.937767063431123
manga-7975-6104,1-114465,-2,,,10.73447338621609
manga-7975-9101,1-114306,5,0.6311673972840524,10.44237439703916,10.530699041844946
manga-7975-9102,1-114500,5,0.34901918916749963,9.630460060776326,9.865584809479305
manga-7977-12701,1-114955,3,0.4931182709057751,10.650187235231275,10.71343425756997
manga-7977-12702,1-114973,-5,0.7868324043725998,10.857982042372267,10.974598727130333
manga-7977-12703,1-115162,3,0.951404851191338,10.818197535856815,10.82003322813561
manga-7977-12704,1-636015,5,,,10.2652825526032
manga-7977-12705,1-596678,4,,,10.717815243707452
manga-7977-1901,1-115062,-5,1.3100530804733097,9.917612765641124,9.66754167065733
manga-7977-1902,1-115128,4,0.6513115924671773,10.186727971354276,10.355106552954492
manga-7977-3701,1-115097,2,1.072180099348632,10.025716294114064,9.985231963612138
manga-7977-3702,1-114928,-2,1.03295698019134,10.405155529756815,10.464194353422528
manga-7977-3703,1-115320,1,0.4916852531382503,9.656982824071704,9.91102863343764
manga-7977-3704,1-114956,2,0.9213748101913382,10.100567982756814,10.143448877733414
manga-7977-6101,1-562254,-5,0.8760893403051746,10.846857396479553,10.93172172358504
manga-7977-6102,1-114998,-5,0.9158591166386287,10.921151212983416,11.027235412053598
manga-7977-6103,1-115085,5,0.47225262844068183,9.045755295410924,9.283258249518836
manga-7977-6104,1-562158,1,1.1107947421314641,10.797756135299384,10.736417220418286
manga-7977-9101,1-596598,1,,,10.491279029921063
manga-7977-9102,1-114980,4,0.7556858082744249,10.476735963849027,10.52491644432647
manga-7978-12701,1-562804,-2,0.8144057775707232,11.201022553061867,11.258613340802745
manga-7978-12702,1-115358,5,0.4186117840515706,9.700581074177798,9.95635142974383
manga-7978-12703,1-115357,5,0.6672807585108487,9.705538065543973,9.899447308328769
manga-7978-12704,1-562167,4,0.5646893885313098,9.577351131498883,9.814140341060229
manga-7978-12705,1-115341,-5,0.8086668296726707,10.718614188602745,10.917587949410267
manga-7978-1902,1-115355,2,0.6416765713786319,9.09191387862117,9.281415196588016
manga-7978-3701,1-115388,-5,0.8598650093160067,10.623973578083866,10.773025397638804
manga-7978-3703,1-115376,2,0.6491742549182433,9.406883457539218,9.618031352505671
manga-7978-3704,1-115346,2,0.8895596326050565,9.66624405915412,9.830459066652942
manga-7978-6101,1-115418,1,0.7903330168036433,9.928278364853517,10.04686569782925
manga-7978-6102,1-636068,2,0.924394198455019,10.332504701878996,10.455495052858463
manga-7978-6104,1-115377,-5,0.8731179543460073,10.45625941285144,10.513226925309457
manga-7978-9101,1-115345,1,1.1815480423119666,10.44499620335188,10.298538699307816
manga-7978-9102,1-115353,4,0.5379277836458165,9.633517467867575,9.84172665072669
manga-7979-12701,1-115365,4,0.8251334384479243,10.325953543374016,10.373165880608465
manga-7979-12702,1-115158,1,1.0844718331760674,10.237142276808676,10.220604887826681
manga-7979-12703,1-115334,-5,0.9211197018102624,10.11953691740874,10.198002403323924
manga-7979-12704,1-115398,5,0.4862244928688071,9.696237313575976,9.82645383467275
manga-7979-12705,1-115232,7,0.5747549868508166,9.0468522352465,9.276689232199718
manga-7979-1901,1-115212,-5,1.2207855916372132,11.475416788174513,11.270900002210574
manga-7979-1902,1-115262,0,,,10.62004439562709
manga-7979-3701,1-115401,1,0.631169788069414,9.498402301770092,9.733226966301329
manga-7979-3702,1-115399,-2,1.071290131440687,9.75426831271093,9.729611008624234
manga-7979-3703,1-115403,3,0.69712216589636,9.1282506473754,9.280455439438756
manga-7979-3704,1-115437,1,0.8330874170121625,9.833579424735749,9.950661747976717
manga-7979-6101,1-115254,-5,,,11.152279169050601
manga-7979-6102,1-115435,3,0.9887002826190994,10.008254806408567,10.00691080581928
manga-7979-6103,1-115354,2,0.7327743650217897,9.221545644825879,9.396520153016054
manga-7979-6104,1-115394,1,0.9467788505231063,9.95260008971766,10.058201986134181
manga-7979-9101,1-115277,2,0.9682103109992433,10.81213580797658,10.791755893532272
manga-7979-9102,1-115275,1,0.8943681093990996,10.67841924737609,10.71261182545684
manga-7980-12701,1-115360,-2,0.8822676259161604,9.609913415184366,9.765726655451488
manga-7980-12702,1-115366,3,0.6210120184891785,8.948570584135338,9.14225490159428
manga-7980-12703,1-115405,3,0.8034193082732912,9.152052247793277,9.352724565256398
manga-7980-12704,1-115335,-5,,,10.056050661296192
manga-7980-12705,1-115367,-2,1.1624893301462684,10.115680160477257,10.032578471924312
manga-7980-1901,1-562168,-2,0.9312749841089172,10.11522147205008,10.204537790057184
manga-7980-1902,1-115650,-5,0.7726359150347086,10.069653621985047,10.246380389345378
manga-7980-3701,1-596699,0,,,10.314480281121002
manga-7980-3702,1-596696,-2,0.7456056862840477,9.725504846939156,9.938020099307769
manga-7980-3703,1-115415,1,0.6516740868024442,9.042231075478874,9.251219538861157
manga-7980-3704,1-115380,2,0.9085590902711367,10.020085871179994,10.107006346381544
manga-7980-6101,1-115274,2,0.9259088704843492,10.595127061200614,10.652391404017054
manga-7980-6102,1-115317,3,1.0667854261743805,10.203608881165659,10.137591452381415
manga-7980-6103,1-115427,2,0.8681749502479228,9.960457326545207,10.122497668535262
manga-7980-6104,1-115417,-2,0.8920756713831537,9.735163621142458,9.870019776986869
manga-7980-9101,1-115386,-5,0.9394193138313831,10.045091124749128,10.141365101240737
manga-7980-9102,1-115371,1,0.8145296663922998,9.348495417403754,9.497833257033404
manga-7981-12701,1-116022,-5,0.9091589694890594,11.141307342318093,11.242995858030188
manga-7981-12702,1-116283,-5,1.038641276440682,11.260401432210926,11.256878833099318
manga-7981-12703,1-596957,5,0.6179536537547321,10.884671082517656,10.799657537649232
manga-7981-12704,1-636425,4,0.6853420777315229,9.600619190282874,9.754854208133123
manga-7981-12705,1-562312,-5,,,11.360655883866764
manga-7981-1901,1-636436,2,,,10.839911496979516
manga-7981-1902,1-636366,2,,,10.524545405458454
manga-7981-3701,1-115851,-5,1.022196159267633,10.805261879276703,10.81187917355081
manga-7981-3702,1-116035,-5,0.8876458283582629,11.14413120726466,11.259601045402428
manga-7981-3703,1-636441,2,0.5091058048739576,10.378360391284208,10.411993240531405
manga-7981-3704,1-115798,-5,0.8652183228508186,10.869823472846505,10.962152844884324
manga-7981-6101,1-116100,6,0.4079327596906914,9.304999647510988,9.553840565610503
manga-7981-6102,1-116087,4,0.8007048770665719,10.840107537052283,10.844209309289521
manga-7981-6103,1-116081,5,0.3236492660837449,9.123550911038159,9.382960292643157
manga-7981-6104,1-116340,-5,0.9146827458102607,11.106476937808736,11.217857539940795
manga-7981-9101,1-115863,4,0.29866061867455684,9.04108385370168,9.213908048168998
manga-7981-9102,1-115875,2,49.22911366883593,18.23720255656327,10.717406684668541
manga-7990-12701,1-24414,3,0.5145522856416491,9.666133399157872,9.879677226828093
manga-7990-12702,1-23877,5,0.9846782566237202,10.314727487127644,10.210433567203388
manga-7990-12703,1-25517,6,0.5321643227628208,8.718781620481638,8.966346859087155
manga-7990-12704,1-25554,1,0.913200170570061,10.29307381821592,10.411407556850044
manga-7990-12705,1-24476,1,1.0541644189931176,10.568547817289739,10.503102618808091
manga-7990-1901,1-634825,-5,,,10.664549842712196
manga-7990-1902,1-634828,0,0.8297553698826903,10.420189437571889,10.415163727663462
manga-7990-3701,1-23894,-2,1.039181356241798,10.232726893618832,10.270574033947227
manga-7990-3702,1-24390,4,0.8535502114956657,9.610319949314544,9.48655656889735
manga-7990-3703,1-24357,3,0.12276946908543707,9.47336513028118,9.614190385559072
manga-7990-3704,1-24394,1,0.9932371598208256,9.975805614278936,10.034812882337937
manga-7990-6101,1-23866,0,0.7386990894918064,9.393683371997962,9.567508647698798
manga-7990-6102,1-24379,5,0.8464948077723555,9.135590330333832,9.164584814168114
manga-7990-6103,1-25688,3,0.9471201672584826,10.051964050315402,10.168120184715002
manga-7990-6104,1-25593,4,0.4298139153453455,9.711083986805495,9.99193676188977
manga-7990-9101,1-23914,3,0.7273038757491399,9.677978618499044,9.806408596985145
manga-7990-9102,1-25609,7,0.8570532321403341,9.943004145466094,10.064499170371818
manga-7991-12701,1-595027,5,,,10.242116367056566
manga-7991-12702,1-24145,-5,1.0433556842629237,11.065398290598761,11.091086338152028
manga-7991-12703,1-595093,4,,,10.531813450383481
manga-7991-12704,1-24368,4,0.4970878942744257,9.48587882644903,9.732402606472311
manga-7991-12705,1-25937,1,0.9398042909569959,10.991957349695793,11.06165223876007
manga-7991-1901,1-24092,-2,48.984431580835945,17.808337315763282,10.429547192927107
manga-7991-1902,1-24099,-2,0.9300183922758372,10.031033485557927,10.15208032256562
manga-7991-3701,1-25819,-5,1.1277869143840924,10.836305908222526,10.759639897884671
manga-7991-3702,1-23979,0,0.9419298292398359,10.025694875381228,10.034371733977343
manga-7991-3703,1-24124,3,0.7807294456750284,9.281837954311484,9.458263061158199
manga-7991-3704,1-23891,2,1.0861547073636295,10.314799631567613,10.266370479358157
manga-7991-6101,1-24018,-2,1.0025659672101135,10.410082106508241,10.50069468547429
manga-7991-6102,1-24354,3,0.996846484108918,9.520233322050082,9.590673565997916
manga-7991-6103,1-24006,4,0.5546609091621235,9.280861089491971,9.423815818582185
manga-7991-6104,1-24148,3,0.9912729499687032,10.138565344301236,10.176817371144239
manga-7991-9101,1-23929,4,0.7435566409555783,9.61122480738689,9.776683027485058
manga-7991-9102,1-25911,-5,0.6893105626726701,10.838193698902744,11.161670405497594
manga-7992-12701,1-634238,-5,,,11.025436953247022
manga-7992-12702,1-22298,-2,0.9083184500936525,10.519448143362418,10.603215846628233
manga-7992-12703,1-594809,6,,,8.746863738396492
manga-7992-12704,1-22286,-2,,,11.231079467751195
manga-7992-12705,1-22942,-5,1.01379453998425,10.90503414722303,10.927901868735782
manga-7992-1901,1-22438,1,0.5566255753453433,8.799397852805493,9.040610250688328
manga-7992-1902,1-23023,4,0.7470786092288826,10.119812963759664,10.305667300489809
manga-7992-3701,1-22347,-5,1.0711883513409042,9.987975855841903,10.006277735842886
manga-7992-3702,1-22383,2,0.33008985892152864,9.85536669280825,10.04488846701264
manga-7992-3703,1-22970,1,0.9769614964263482,10.62549972070332,10.670198523532452
manga-7992-3704,1-22333,7,0.5722507639712369,9.373890488446852,9.49996598601765
manga-7992-6101,1-22301,2,0.7632222692990531,10.863328456892715,10.97170529092964
manga-7992-6102,1-634299,8,0.09305078538409361,9.190326354322528,9.312566607798914
manga-7992-6103,1-22414,1,0.7370245646242957,10.702194110315347,10.87446210294975
manga-7992-6104,1-22662,5,,,10.037836692527232
manga-7992-9101,1-22412,4,0.4765114697067112,8.859582459922073,9.08290020987074
manga-7992-9102,1-22948,2,49.44313821683593,18.310906583363277,11.010100576498784
manga-7993-12701,1-581847,1,,,11.658562743700978
manga-7993-12702,1-42184,2,0.8535061320285813,10.848783443198204,10.903769668587412
manga-7993-12703,1-42031,-5,0.9765546002479262,10.987414741545209,10.994734086381781
manga-7993-12704,1-42230,2,0.9184134643711772,10.871871241063364,10.928344635264862
manga-7993-12705,1-42053,5,-0.015091617528959489,9.654227955549931,9.938217915754063
manga-7993-1901,1-42198,-2,0.8635117403958041,9.997704950607048,10.101148819991502
manga-7993-1902,1-603309,-5,0.3037626403023381,9.942106331861748,10.097344090487375
manga-7993-3701,1-42007,3,0.6689712569343591,10.560801157908557,10.584178515868873
manga-7993-3702,1-42187,1,0.8891019432335874,10.198947183377138,10.293762407739834
manga-7993-3703,1-42233,5,0.16052101885486536,9.084636995518032,9.345654019824936
manga-7993-3704,1-42248,4,0.5453730496199789,9.688105124149239,9.855807378239628
manga-7993-6101,1-42180,11,0.4828359954998014,8.814286981644937,9.009786473200553
manga-7993-6102,1-42209,-2,0.9179121661462624,10.99153084807725,11.090166315732656
manga-7993-6103,1-42197,2,0.9130224193643848,10.045572372891034,10.125517048790456
manga-7993-6104,1-42221,3,0.8358626848132786,10.213673336943653,10.316789905692625
manga-7993-9101,1-41752,1,0.6958342304084226,10.751980703894027,10.673310340316485
manga-7993-9102,1-42070,-5,0.9813656922709377,11.021431182084541,11.041400581349748
manga-8075-12701,1-638130,5,0.4616038827042672,10.385037912234704,10.561959579193905
manga-8075-12702,1-638109,-5,,,11.25177688058191
manga-8075-12703,1-119929,4,0.3756394209809848,9.57798475635423,9.736870381658761
manga-8075-12704,1-119566,-5,1.0675932712676328,11.294870158476702,11.277572544092607
manga-8075-12705,1-599562,7,0.37127359564777507,9.346826133644711,9.566303117077801
manga-8075-1901,1-119845,11,0.41460534074377264,9.369953838635624,9.570366617892708
manga-8075-1902,1-638093,4,0.7353477719111439,10.479103673773768,10.577924729535606
manga-8075-3701,1-119742,1,0.9592984281403361,10.976673109066095,10.98621395702849
manga-8075-3702,1-119740,3,0.12277377901077102,11.038893362527082,11.112350247968166
manga-8075-3703,1-119871,8,0.5107874790619604,9.37710216005182,9.556070815255309
manga-8075-3704,1-119687,0,0.6127737289379489,9.54372952177071,9.782046003444872
manga-8075-6101,1-119684,3,0.4147867587601013,9.760246637460147,9.912604088860448
manga-8075-6102,1-571505,-5,,,10.991178655236777
manga-8075-6103,1-119911,-5,0.9125346852239637,10.82411354228701,10.869686317160305
manga-8075-6104,1-119904,0,0.7311825797322768,9.421915308685364,9.565946939797298
manga-8075-9101,1-119278,-5,1.08861419957827,11.226126608097147,11.189647495923994
manga-8075-9102,1-119640,1,0.7934779701062951,10.937561262887462,10.962527017033288
manga-8077-12701,1-36645,5,0.4130444644944298,9.411373458181513,9.60872815810378
manga-8077-12702,1-36849,6,0.8376375922342589,9.652196866383557,9.726793203736358
manga-8077-12703,1-36925,2,0.9499397575674386,10.749774052192835,10.781972826366239
manga-8077-12704,1-37018,5,0.6917379390837475,9.875144575338162,10.064252024908201
manga-8077-12705,1-109081,2,0.9092658134235094,10.867721570785514,10.862522545380234
manga-8077-1901,1-37034,-2,0.8738536957891405,9.30923040764858,9.485100765254876
manga-8077-1902,1-37039,-2,1.0347484230427177,10.04773406049059,10.124787793047876
manga-8077-3701,1-36977,1,1.0305507198229051,10.304119908733785,10.336655822565591
manga-8077-3702,1-37062,0,0.6918643164114648,9.857391682046082,10.003059658793099
manga-8077-3703,1-36942,-2,1.000131071292536,10.11672324105451,10.200423651499989
manga-8077-3704,1-37068,0,0.786308534709729,9.98102617373606,10.079749076619894
manga-8077-6101,1-37036,-5,1.08043149523359,10.679928666577139,10.681391404918937
manga-8077-6102,1-36833,6,0.6993783573417538,9.506737478224732,9.605912417974507
manga-8077-6103,1-109056,1,,,10.200445551277205
manga-8077-6104,1-36919,5,0.5084994618036518,10.218088714353522,10.380838705655108
manga-8077-9101,1-36945,3,0.894228002990495,10.003782289927118,10.025182934335449
manga-8077-9102,1-36923,7,0.445164903504061,9.05928042637165,9.207825490289457
manga-8078-12701,1-36832,4,1.060476410159378,10.8738325909121,10.844027737390311
manga-8078-12702,1-202377,5,0.823048923888912,9.422056281317598,9.558157554919857
manga-8078-12703,1-37211,4,0.7187739161743742,10.472898740165654,10.622504146694537
manga-8078-12704,1-109073,6,0.6175581972070034,9.711663480256316,9.899492196138132
manga-8078-12705,1-36897,7,0.2628487779482356,9.213308886146319,9.41986491695189
manga-8078-1901,1-109112,-2,1.1621280729607655,10.199465782254126,10.12830878127464
manga-8078-1902,1-109167,-5,1.2914689848548697,10.284326966118034,10.101857008001351
manga-8078-3701,1-36899,4,0.5714717462101113,9.19856947540824,9.431218975198853
manga-8078-3702,1-37079,4,0.6409922374359702,9.060158391132983,9.289383795816274
manga-8078-3703,1-36880,3,0.34709027618050214,9.122547429652496,9.330344767809425
manga-8078-3704,1-36892,5,0.3608856982049211,9.037901814941,9.298289655940929
manga-8078-6101,1-36877,-5,0.8023590469689701,11.08187967163535,11.240424433083607
manga-8078-6102,1-36890,-5,1.0708332785796912,10.575697694306053,10.576053260986669
manga-8078-6103,1-37213,4,0.676571983396471,10.36505855901346,10.48348174131248
manga-8078-6104,1-37084,3,-0.20282511853007534,9.431168470855075,9.332183868540984
manga-8078-9101,1-36905,7,0.28688501645776654,9.175492929319333,9.432472212087323
manga-8078-9102,1-36878,1,0.7160531783144997,10.139631925776566,10.208884562077602
manga-8079-12701,1-36893,5,0.790001989830813,9.831781393842824,9.831252112620074
manga-8079-12702,1-36927,4,0.7210236743009197,9.906356602031915,10.027842751462677
manga-8079-12703,1-37239,4,0.43433169561155793,9.727830743912826,10.005274914087002
manga-8079-12704,1-37069,4,0.7241153043813817,10.456937638521973,10.499961865596191
manga-8079-12705,1-603793,3,0.4945001810380276,10.614901736591536,10.63290249415288
manga-8079-1901,1-36870,0,0.6702263383582618,8.95050324826466,9.141026247424245
manga-8079-1902,1-36874,1,0.35695117982290014,8.910421694733781,9.126082680390729
manga-8079-3701,1-36975,1,1.08528512634091,10.105796808341905,10.098526052407312
manga-8079-3702,1-36980,1,0.8700361398452401,9.7167944233279,9.80619558116139
manga-8079-3703,1-36903,0,0.9360961186477752,10.74880563294471,10.835548530801374
manga-8079-3704,1-36854,-5,1.0575130035078288,10.081710866769516,10.101503058348422
manga-8079-6101,1-37196,-2,0.3216590096115617,8.636686221312829,8.818017936900285
manga-8079-6102,1-37208,0,0.8628151301464655,9.682070070752939,9.822124255274012
manga-8079-6103,1-37201,3,0.7367652730146972,9.729820511081364,9.799171624306378
manga-8079-6104,1-37198,-5,1.0565306719161605,11.058735413784367,11.027035497260023
manga-8079-9101,1-603795,2,0.9333937901420271,10.277401101169582,10.403420818651439
manga-8079-9102,1-37192,4,0.7125205014891804,9.77287991943534,9.871466683845602
manga-8080-12701,1-37640,5,0.5377424402732878,10.145049308993276,10.349481510520876
manga-8080-12702,1-109244,5,0.9297918967328478,10.64133285355384,10.468673667231199
manga-8080-12703,1-604022,4,0.7209227097536761,10.491245660420343,10.649249159866221
manga-8080-12704,1-38067,9,0.13062893010891585,8.98984986065008,9.143695390413113
manga-8080-12705,1-37695,4,0.5065445830933761,9.829865309028293,10.080048967578852
manga-8080-1901,1-37922,-2,0.7164394467149293,9.45122001660331,9.704696046184615
manga-8080-1902,1-109250,3,-0.05735434845011156,8.784849828084512,8.867870952655261
manga-8080-3701,1-37744,2,0.3616757933180921,8.925289330938721,9.152581852717208
manga-8080-3702,1-38062,-2,0.6336678248118588,9.821484451713822,10.015590255971954
manga-8080-3703,1-37974,4,-0.0891897466105327,9.191381524485951,9.395090394331264
manga-8080-3704,1-38041,2,0.5670295113868455,9.584698750523334,9.804941828620754
manga-8080-6101,1-37908,4,0.36822860322746465,9.487403175890298,9.727814435037592
manga-8080-6102,1-603996,-5,1.091755451228888,11.023896985959672,10.948759089631775
manga-8080-6103,1-109284,1,0.6489219208376902,10.480133349632153,10.5764208291907
manga-8080-6104,1-38029,2,0.7758951018508213,10.521631581746504,10.613025299695163
manga-8080-9101,1-37769,4,0.175238660457552,9.405692576864146,9.652804084970729
manga-8080-9102,1-38075,3,0.8659919672765035,10.361348323243412,10.404999537576394
manga-8081-12701,1-37671,-5,0.7067913093051743,11.047177734379552,11.257025442563464
manga-8081-12702,1-37730,4,0.37225274504668704,8.903060011364147,9.174818360286876
manga-8081-12703,1-38398,4,0.8054176536972655,9.915626128728125,9.975481439328345
manga-8081-12704,1-38138,6,0.285557497093162,9.034933713573109,9.273723337489661
manga-8081-12705,1-38000,10,,,9.114874416333205
manga-8081-1901,1-37931,3,0.1690406641074098,9.199318355803246,9.523226041965701
manga-8081-1902,1-37923,-2,0.48768539544134626,9.148347174335944,9.363006177381095
manga-8081-3701,1-37679,-2,0.9302459787149253,11.262807217803307,11.326632800429767
manga-8081-3702,1-38166,-5,0.2660874986041044,8.874281187355018,9.088451502371408
manga-8081-3703,1-109356,6,0.38526557210629164,9.178843201087458,9.48148132628646
manga-8081-3704,1-38014,5,0.2727999511934236,9.835912244311668,9.890859004916889
manga-8081-6101,1-38011,2,0.5271143887097303,9.500713965136063,9.720067471435776
manga-8081-6102,1-38033,2,1.0344335713840955,10.54910434692253,10.526600292644144
manga-8081-6103,1-37936,2,0.24896232930912987,9.271495780434073,9.523964859414914
manga-8081-6104,1-38136,1,0.8189091493242167,10.447063958065094,8.136000372908002
manga-8081-9101,1-37727,1,0.6155890602259539,10.11191959034346,10.219951085755318
manga-8081-9102,1-38160,4,0.7983822446279767,10.211525371775283,10.230024638406412
manga-8082-12701,1-604017,4,0.6248999449057742,10.141348988631277,10.325277516039387
manga-8082-12702,1-38101,2,0.8259721045082244,10.959734732381351,11.001300933020419
manga-8082-12703,1-38042,3,0.6332493499563618,9.854104200389619,9.946635966129074
manga-8082-12704,1-109308,3,0.8290980085298898,11.263363526189977,11.347687063518094
manga-8082-12705,1-38008,-5,0.9041224706621129,11.050768512632551,11.161391962648867
manga-8082-1901,1-38103,-5,0.8426336755700596,9.78336481371592,9.8732688554812
manga-8082-1902,1-604037,-2,0.6397328944338909,9.535376537338598,9.843620167922142
manga-8082-3701,1-37996,3,0.5191696270173516,8.66467131344252,8.458989673833397
manga-8082-3702,1-37973,4,0.6171991412584887,8.744408433715408,8.948184020513477
manga-8082-3703,1-37998,-2,0.8979342544803863,9.682456914927066,9.834705476954813
manga-8082-3704,1-38374,-2,0.6009469730000028,9.498038994300003,9.798187104677464
manga-8082-6101,1-38012,-2,0.28845837235137495,8.719880268014858,8.902808690235256
manga-8082-6102,1-38167,-2,0.8468450856855867,10.531332067381678,10.67878142536907
manga-8082-6103,1-38155,4,0.07805754871389681,9.36658450612484,9.698458973480227
manga-8082-6104,1-38217,-5,0.9876562184463431,10.802369060007736,10.867458648668382
manga-8082-9101,1-37965,4,,,9.122556624760506
manga-8082-9102,1-109394,3,0.5428645506753824,10.248682371164307,10.364991632231593
manga-8083-12701,1-38380,5,0.8408385829904965,9.420471767927118,9.462947257578103
manga-8083-12702,1-583411,5,49.13066514783594,18.04309323546328,10.776225959878396
manga-8083-12703,1-38168,3,0.159839707145494,9.686887558395261,10.005557995779961
manga-8083-12704,1-604053,5,0.4461355366014814,10.117933511392396,10.385511540602195
manga-8083-12705,1-604039,6,0.13779966938137633,9.767244260021966,10.088036810043837
manga-8083-1901,1-38157,3,0.4755221849684901,9.202131649946052,9.516507609890791
manga-8083-1902,1-38347,-5,0.9286093111420257,10.50109452226958,10.5546599368043
manga-8083-3701,1-38189,-2,0.8690047361525899,9.44043677883978,9.52320130626382
manga-8083-3702,1-38173,-2,0.5063787461811664,9.16565955183798,9.367208645996994
manga-8083-3703,1-38214,1,0.53981395724038,9.354517289449465,9.52296299023833
manga-8083-3704,1-38352,3,0.7723471423990951,9.466031587676081,9.55211678662897
manga-8083-6101,1-37980,4,0.7356697692585819,10.086819265234123,10.085618762270908
manga-8083-6102,1-37995,2,0.906031822413432,10.674926695144155,10.72477624901944
manga-8083-6103,1-38428,-2,0.9231605605691264,10.401692931435852,10.490091979861194
manga-8083-6104,1-38319,-5,0.6802670688132757,9.306469151343652,9.492152510106786
manga-8083-9101,1-38017,4,0.8530920811048759,10.73471439375763,10.797098500196139
manga-8084-12701,1-38030,6,0.3129232434413467,9.212759031135946,9.41329641044296
manga-8084-12702,1-604048,1,,-1.1954112267481225,7.961986969307575
manga-8084-12703,1-109378,5,0.5296988573894623,10.419736540885948,10.613301523688568
manga-8084-12704,1-38392,7,0.4019312053320334,9.498629912875735,9.606689776656367
manga-8084-12705,1-38381,5,0.7469419242424564,10.086906741643846,10.176814480674777
manga-8084-1901,1-38373,-2,0.7198377208102613,9.289930310308739,9.512752416131521
manga-8084-1902,1-38618,-2,0.7230899336714387,9.317563732409798,9.4298378388883
manga-8084-3701,1-202131,9,0.35296572995228814,8.976446630338783,9.251156214650914
manga-8084-3702,1-604052,3,0.7439698425884664,9.708719146895287,9.702083134288632
manga-8084-3703,1-38463,-2,0.5774514489569924,9.866114647495788,10.14817987562219
manga-8084-3704,1-38334,6,,,9.099165949297506
manga-8084-6101,1-38299,2,0.49818138293861125,9.575172538356192,9.803736995158545
manga-8084-6102,1-38377,4,0.30902751622067015,9.22724736551797,9.480367746402168
manga-8084-6103,1-38007,3,0.7248542497315213,10.105061315482871,10.186179106054206
manga-8084-6104,1-38354,3,1.0871541209516202,10.419682515802714,10.3915948745463
manga-8084-9101,1-38210,3,0.4657045281420267,9.01276565696958,9.23844757714112
manga-8084-9102,1-38272,4,0.38231239704620634,9.402821593035311,9.668448353682916
manga-8085-12701,1-38368,6,,,9.853496223960253
manga-8085-12702,1-604062,7,0.18490683763201687,9.069738429067737,9.416254296123942
manga-8085-12703,1-38486,-5,0.9285028484315383,10.873151358629864,10.964200211252008
manga-8085-12704,1-604085,4,0.5444213773433866,10.076213440388823,10.258397804095509
manga-8085-12705,1-38514,5,0.2997772974479176,9.27648208027401,9.554632084178996
manga-8085-1901,1-38298,1,,,9.536379132838107
manga-8085-1902,1-38567,-2,0.9523628390466854,10.424533586764145,10.450652414451746
manga-8085-3701,1-38379,1,0.8860204793800506,9.603558528730073,9.565684927698838
manga-8085-3702,1-109419,-5,0.8977398759032447,11.241259021005433,11.285669805960067
manga-8085-3703,1-38310,3,0.7980622753500484,9.391479823022962,9.53691810153378
manga-8085-3704,1-38348,3,0.2911483681604956,10.121013106227887,10.370489033422064
manga-8085-6101,1-109392,-5,1.036021143690025,11.001487010765036,10.976637884538949
manga-8085-6102,1-38323,3,0.778414387546583,9.547260391686557,9.69690306332573
manga-8085-6103,1-38293,-5,,,10.771963559582579
manga-8085-6104,1-38470,11,0.45504975056744,9.530640528492837,9.765289219516884
manga-8085-9101,1-38353,-5,0.9214872100619544,10.780574092151815,10.86670843006504
manga-8085-9102,1-38461,0,0.7902311246545644,10.344379126217037,10.444297800287515
manga-8086-12701,1-289993,5,0.2695663913023374,9.352746845961747,9.610137204750044
manga-8086-12702,1-289817,7,49.01949180283594,16.831013695963275,9.60718578442969
manga-8086-12703,1-202097,5,0.19573248063193205,9.351159963429804,9.591702217558327
manga-8086-12704,1-38802,3,0.6474079203187593,10.889204991824208,10.990220717727144
manga-8086-12705,1-229010,2,0.7134329622547178,11.055365654417537,11.190760177411963
manga-8086-1901,1-229012,-2,0.9722435647853622,10.806843508130934,10.738713982694708
manga-8086-1902,1-228987,1,0.02791388349180224,8.446452117397959,8.764663225745666
manga-8086-3701,1-229017,-2,0.6585436106137266,10.080571519845146,10.233171316678943
manga-8086-3702,1-229070,4,0.1466223342955466,9.44486100858942,9.759181162276844
manga-8086-3703,1-229064,4,0.3598642863377073,9.178664143053204,9.376264809795195
manga-8086-3704,1-229021,1,0.36883092743171986,9.397079322245814,9.59624181840431
manga-8086-6101,1-229078,-5,0.44914057296520227,10.964681101877018,11.174530789395812
manga-8086-6102,1-229015,3,0.3621250365053861,9.469850478963542,9.640288595239252
manga-8086-6103,1-290015,1,0.5485526486972674,9.471921683228128,9.594623449662654
manga-8086-6104,1-228978,3,0.09859080237938755,8.99687136284459,9.283712708687617
manga-8086-9101,1-228997,2,0.7172525785040591,10.655710568871646,10.735360131776922
manga-8086-9102,1-229060,3,0.8347535193193139,10.394223431591708,10.487474929359772
manga-8087-12701,1-570432,2,,,10.375776972882587
manga-8087-12702,1-570609,4,,,10.594558280002282
manga-8087-12703,1-119819,9,0.20041430868926824,9.006960116102078,9.254965978070206
manga-8087-12704,1-637857,5,0.5384171783793903,9.547821864444593,9.708876203153132
manga-8087-12705,1-119373,4,0.3998040156279714,9.78004746787528,10.043098870280506
manga-8087-1902,1-119362,-5,1.061460359549887,9.98271071088451,10.044512322148655
manga-8087-3701,1-118940,-5,1.03938851259025,10.685507832776247,10.73612787381983
manga-8087-3703,1-119410,-5,1.0575920295319783,11.413106189784369,11.321888277582298
manga-8087-3704,1-637978,3,,,10.809349586478694
manga-8087-6101,1-118970,1,0.8251869465037522,11.307088779799452,11.258134224992771
manga-8087-6102,1-570592,-5,,,10.98443369366604
manga-8087-6104,1-119315,0,1.3014487553629657,11.517759663182131,11.302787498853734
manga-8087-9101,1-119212,0,1.0906831924747244,11.020199392150023,11.016389772788461
manga-8087-9102,1-118977,4,0.5073475728118595,9.21907079851382,9.451597637527145
manga-8088-12701,1-120369,5,0.5708167192676328,9.449321775276703,9.733503812146292
manga-8088-12702,1-120663,7,0.4352294158313832,8.693343812949129,8.877578651839773
manga-8088-12703,1-120817,3,0.8582451336566521,10.746457920611428,10.847079479662662
manga-8088-12704,1-120798,5,0.7828711638350683,9.741385927248604,9.858314579638698
manga-8088-12705,1-120750,4,0.8506276208799441,9.972295575912945,9.957139702014025
manga-8088-1901,1-577296,0,,,10.788814380918337
manga-8088-1902,1-120793,-5,,,9.745887161813675
manga-8088-3701,1-120450,2,0.773516712140335,10.124245813466093,10.229187637634091
manga-8088-3702,1-120619,-5,,,11.328542688112792
manga-8088-3703,1-571888,4,,,10.612650370098253
manga-8088-3704,1-120829,6,,,9.684483598045874
manga-8088-6101,1-569442,-2,,,11.246390239861542
manga-8088-6102,1-120651,-5,0.8963516462711354,11.006005410779993,11.079792447156475
manga-8088-6103,1-120636,-2,,,9.459312558155966
manga-8088-6104,1-120779,-5,,,11.380652550141082
manga-8088-9101,1-120547,5,,,9.015103966164679
manga-8088-9102,1-120803,4,0.8082276980571628,10.745158655796413,10.80077136169998
manga-8089-12701,1-120728,6,0.3895581861403308,9.11459574686609,9.364083619437201
manga-8089-12702,1-39024,5,0.4036763764890594,9.075000206018094,9.296691510341653
manga-8089-12703,1-39090,-5,0.8985523099215342,10.970550576908256,10.99538375744419
manga-8089-12704,1-120892,5,0.5087016282335917,10.23231641687714,10.455545261456377
manga-8089-12705,1-39078,-5,0.9690513066137321,11.37400763344515,11.411725741670095
manga-8089-1901,1-120920,-5,0.36197552875367833,9.074691333320345,9.263373282355966
manga-8089-1902,1-39063,4,0.7204106301553388,11.159319471919652,11.2284516907144
manga-8089-3701,1-120677,1,0.8527232974413472,10.446470442535947,10.51384860029365
manga-8089-3702,1-120918,-5,0.9222083262711323,10.911721198779992,10.970229219497577
manga-8089-3703,1-572184,-5,,,10.964437838269745
manga-8089-3704,1-39056,-2,0.8747238080933712,11.41056395652829,11.480532954677889
manga-8089-6101,1-120697,8,0.17973152154988625,8.72610384508451,8.92384736195403
manga-8089-6102,1-38985,9,0.34443299115937975,9.224350858012103,9.518008284769792
manga-8089-6103,1-120872,2,0.4739862525445844,10.245540241450412,10.329686634944443
manga-8089-6104,1-39085,1,,,11.03108514803948
manga-8089-9101,1-120743,6,0.39584806329253297,8.897840028254507,9.164602651990224
manga-8089-9102,1-39107,8,0.35671324015937955,8.969606343912101,9.247703281934172
manga-8091-12701,1-39376,3,0.5244442980625301,10.356121539080757,10.469447919993708
manga-8091-12702,1-39759,4,49.35651422683593,18.375054074363266,11.05315530296188
manga-8091-12703,1-39802,4,49.247164715835936,17.994679144263277,10.680835706581988
manga-8091-12704,1-39795,3,0.7599791175545185,10.476060956033663,10.550986177622661
manga-8091-12705,1-39383,1,0.8786607918452383,10.5037293165279,10.595759584547682
manga-8091-1901,1-39799,3,0.3499345981171267,8.750599991391775,9.019830522444888
manga-8091-1902,1-40058,4,0.7562199358526946,10.215449362706641,10.301433701837864
manga-8091-3701,1-39811,-5,1.144976353431538,11.261490354129862,11.187709626046994
manga-8091-3702,1-572738,1,,,11.026766078736431
manga-8091-3703,1-39805,2,0.8975632426627769,10.794052545998268,10.83892964803896
manga-8091-3704,1-39830,2,0.9085715292239627,10.906704742687008,10.933488300188975
manga-8091-6101,1-39766,3,49.243870155835936,18.11118024826327,10.866414359029271
manga-8091-6102,1-39396,4,0.9236307324235078,9.690265753685512,9.670240285160459
manga-8091-6103,1-39627,2,0.2946130981338122,9.126345137988347,9.37344718026642
manga-8091-6104,1-39741,-2,0.9207193046756892,10.44429754235743,10.510946948672974
manga-8091-9101,1-39615,2,1.0034946727384018,10.447503914432668,10.495350040967404
manga-8091-9102,1-572748,-5,,,11.330851905581742
manga-8092-12701,1-41092,-5,1.1664577261464615,11.181066574352934,11.095232136456836
manga-8092-12702,1-41093,5,49.26557404883593,17.529066014563274,10.240012288232546
manga-8092-12703,1-40833,-2,0.9257850959727527,10.650559464953,10.757877888991777
manga-8092-12704,1-563982,-5,0.848209730275844,11.171774061357933,11.282558674517855
manga-8092-12705,1-41072,1,1.0029746285012244,10.484301329253842,10.439359540295717
manga-8092-1901,1-601940,-5,0.9420571703242189,10.018494329165097,10.083900182752012
manga-8092-1902,1-40883,-5,1.2277861796726732,9.863468873602748,9.688937462955321
manga-8092-3701,1-40870,1,0.8725293144550221,9.923039537479,10.084057674591934
manga-8092-3702,1-40814,-5,0.79264436702179,9.92375142302588,10.068797896861346
manga-8092-3703,1-40871,9,,,9.148584147544634
manga-8092-3704,1-40700,2,0.8524204801905846,10.416921783593859,10.453558359039656
manga-8092-6101,1-40710,-5,1.0213009125902488,11.117258672776245,11.18497802736099
manga-8092-6102,1-40719,-2,1.0073445096559759,10.452321477025933,10.481744952740506
manga-8092-6103,1-40826,3,1.0121461751048706,10.237166369157626,10.212980865726976
manga-8092-6104,1-40850,-5,0.9853060711157084,11.013853482422409,11.015879256501007
manga-8092-9101,1-40721,-5,0.8758237437384011,10.406838040532667,10.543247072724144
manga-8092-9102,1-40621,-2,1.017867696258488,11.262672184215408,11.294721877601045
manga-8093-12701,1-41030,7,0.35389379057826886,9.133683666197147,9.360591520385526
manga-8093-12702,1-41160,8,0.3334748674550134,9.03528080977899,9.20397609877671
manga-8093-12703,1-41257,1,0.8749854559379493,10.60595669747071,10.701950306693433
manga-8093-12704,1-602324,4,0.7685421833051791,10.585384007779556,10.688543507120082
manga-8093-12705,1-41356,6,0.4429954885078331,9.085547180269518,9.305519034946894
manga-8093-1901,1-41022,9,0.3822121814104129,8.835528650789469,9.023478810083077
manga-8093-1902,1-41408,1,0.9656019872178341,9.586205737000164,9.630617011290218
manga-8093-3701,1-41133,2,0.42201436963552297,9.32305047007103,9.525449096048945
manga-8093-3702,1-563951,-5,1.1647096051338188,10.724023011688352,10.672920389980439
manga-8093-3703,1-41258,0,1.0673902593007405,10.553351603796198,10.565306974239295
manga-8093-3704,1-40992,2,1.0461133894996237,10.12891355338829,10.19285168660252
manga-8093-6101,1-40980,-5,0.9920341381089166,10.973111493450084,11.025621228803258
manga-8093-6102,1-40973,2,0.63658507720492,10.077238783840999,10.225156734851884
manga-8093-6103,1-40936,-5,0.9613071746874766,10.583239662480617,10.702179710665966
manga-8093-6104,1-41014,4,0.4927331795448886,10.064053726943532,10.241372130158435
manga-8093-9101,1-41141,-5,1.0154001811420237,11.162389639269577,11.18388169650166
manga-8093-9102,1-41158,1,1.0305442897663184,10.721245519984924,10.727376128673844
manga-8095-12701,1-41561,6,0.5863464665782736,9.750895497797151,9.913518219686422
manga-8095-12702,1-41531,4,0.2960080897601962,9.653319086498087,9.763550028140864
manga-8095-12703,1-42455,6,48.98309547683593,16.853014849363266,9.63749673420573
manga-8095-12704,1-42340,4,0.5952412913650456,9.729565113276514,9.96009149618962
manga-8095-12705,1-42474,3,0.6602404019154022,10.50638096062141,10.639227429070264
manga-8095-1901,1-41678,-5,0.6151748243749466,9.472969547461231,9.840705659483577
manga-8095-1902,1-41541,1,0.18185663365118643,10.043476002310065,10.209536460654183
manga-8095-3701,1-42381,0,1.0661289899161588,10.143724947584365,10.188484123640617
manga-8095-3702,1-41700,-5,0.8994351648677785,9.928294476277195,10.049609486747915
manga-8095-3703,1-42434,-2,1.0007588974550146,10.55941568277899,10.627850070730885
manga-8095-3704,1-42390,-5,0.6858674237226481,10.64140575579523,10.882356024051454
manga-8095-6101,1-41597,-5,0.9857343938313896,11.223858352749135,11.2643974869567
manga-8095-6102,1-558603,1,0.7470550470271604,9.773390422389301,9.871663987746622
manga-8095-6103,1-41704,3,0.6912087820513939,8.933975968281619,9.162307457586722
manga-8095-6104,1-42468,-2,1.027198436176068,10.904578504108677,10.945583790835101
manga-8095-9101,1-602630,6,0.6186595663582644,9.351895863064662,9.523404357703797
manga-8095-9102,1-41506,-5,1.0517199645524364,11.290874625278812,11.258213315521767
manga-8096-12701,1-42313,6,0.48528767426150665,8.96372555228986,9.203818586300152
manga-8096-12702,1-558599,2,0.710969418316008,9.182984919983866,9.377612189730653
manga-8096-12703,1-580927,5,,,9.973060394111371
manga-8096-12704,1-580933,4,,,9.263224062647861
manga-8096-12705,1-42669,6,0.45246365542350375,8.772743892985508,9.028993955399867
manga-8096-1902,1-42285,-5,0.7843722841239149,9.281918266703634,9.426278599388063
manga-8096-3701,1-42373,4,,,8.84733694107633
manga-8096-3703,1-42308,1,0.6290271970933752,8.652790016428293,8.894162038096871
manga-8096-3704,1-42705,1,0.6933471084997969,8.632598049944932,8.792427412252543
manga-8096-6101,1-42718,1,0.6390764797259401,8.789783964264268,8.944414561538512
manga-8096-6102,1-42717,-5,0.6357271386103527,8.959756200759108,9.168273501890344
manga-8096-6104,1-42689,-5,0.9095842600619584,9.503507847151818,9.633277526041812
manga-8096-9101,1-602760,-5,0.8675075639555736,11.453103146686885,11.523633327465154
manga-8096-9102,1-42311,-2,0.9909164784784998,11.052998105147898,11.113244578551782
manga-8097-12701,1-558624,3,0.7771479751059829,10.866542030515266,10.81074449534828
manga-8097-12702,1-42351,-5,0.9065036493357184,10.731768326954898,10.814579184837452
manga-8097-12703,1-42548,1,1.0091286476041041,10.729109663255018,10.750932454119067
manga-8097-12704,1-42480,4,0.5017568637536733,9.55560338182034,9.789098913957202
manga-8097-12705,1-580957,11,0.7529301531464618,8.640741320052935,8.79235736486829
manga-8097-1901,1-42688,1,0.793639906714926,9.876952602603307,9.96937676816883
manga-8097-1902,1-42708,-2,0.7223037591048715,8.871761903557626,9.032832229784649
manga-8097-3701,1-42274,0,0.8069554631708762,9.487872738062366,9.62080416684057
manga-8097-3702,1-42463,1,0.6412695674315358,9.73574872152986,10.034339632973419
manga-8097-3703,1-42801,8,0.39691115035005,8.511714885522965,8.76155950874984
manga-8097-3704,1-42273,-2,0.52462719340447,9.062001043139508,9.286521586581546
manga-8097-6101,1-42280,1,1.1230930364427643,10.795010546665775,10.697613758653933
manga-8097-6102,1-42255,-2,0.4841316294444553,8.927301914908798,9.135259898515658
manga-8097-6103,1-558606,-5,0.84662611998424,10.743685525223022,10.905964170587465
manga-8097-6104,1-42763,-2,0.981549108991036,10.663314203795352,10.704983973965897
manga-8097-9101,1-42421,-5,1.170805829269053,10.905467723585605,10.805304395722981
manga-8097-9102,1-42329,2,0.9474123834005148,10.662343108084986,10.721163223689592
manga-8131-12701,1-584473,5,,,9.343566132386124
manga-8131-12702,1-338305,-5,1.0561550878548687,11.249285043418036,11.233303309508848
manga-8131-12703,1-377167,4,49.34243342883594,17.146912772563276,9.874999299625427
manga-8131-12704,1-338113,2,,-0.6801017830103815,8.721780947023966
manga-8131-12705,1-338117,-5,0.832487757429849,11.07165301560661,11.183568763218048
manga-8131-1901,1-338389,-5,0.8869059128064904,11.143972287110866,11.254685811445354
manga-8131-1902,1-338279,-5,0.8057457394733056,10.987287382541119,11.09827675635728
manga-8131-3701,1-338090,-2,0.7949838070626178,11.964849035997764,12.060916820614972
manga-8131-3702,1-377176,-2,0.8881034938313839,10.20600556274913,10.331753148193503
manga-8131-3703,1-377439,-5,0.9318953821157088,11.300836592522408,11.3109650595496
manga-8131-3704,1-338044,-5,0.9302476148971195,11.280206255398825,11.334327063450855
manga-8131-6101,1-338034,4,0.5791309702084178,10.021732101865215,10.1899757110253
manga-8131-6102,1-338060,-5,1.182610073484355,11.209134948500623,11.093400670404685
manga-8131-6103,1-338283,-5,0.9931956623937239,11.333839708312661,11.379349035685276
manga-8131-6104,1-338359,2,0.9066057518024451,11.119844526978875,11.117450280921052
manga-8131-9101,1-604748,11,-0.04109318732544409,9.79877993910168,9.783539848230365
manga-8131-9102,1-377125,0,0.7964379377874486,10.498860334925324,10.655091351662772
manga-8132-12701,1-547999,-5,0.9165657877566886,11.14873523849479,11.150550753490522
manga-8132-12702,1-377221,5,0.6375462875695206,10.61061896768722,10.817062698542914
manga-8132-12703,1-338629,4,0.7349572470285857,11.017342089698209,11.197247467761635
manga-8132-12704,1-548004,3,0.8890065425448874,10.64180787024353,10.676097989358697
manga-8132-12705,1-548025,2,0.7436011945094343,10.532374065835072,10.61826571266888
manga-8132-1901,1-377617,-5,1.0080865247287747,11.120948368382072,11.097524539012628
manga-8132-1902,1-377626,0,0.8702132800462046,10.61066496833531,10.710623323879615
manga-8132-3701,1-377471,-5,0.925283626968973,11.195978549635354,11.267080164779513
manga-8132-3702,1-377321,2,0.13442308072473708,9.297823786989623,9.432825036279619
manga-8132-3703,1-377576,2,0.4793477660135821,8.926177867944652,9.130748562851956
manga-8132-3704,1-338633,1,0.9915760931171249,10.328925495891774,10.399850171834805
manga-8132-6101,1-548024,3,49.387633876835935,18.60714748936328,11.204299092190908
manga-8132-6102,1-377378,3,1.735590087991696,12.340348177880834,11.710603874822668
manga-8132-6103,1-548001,-5,0.9228643638020522,11.351506595627509,11.427323786357247
manga-8132-6104,1-377508,-2,0.9267843298473188,10.858597244822286,10.895355683854197
manga-8132-9101,1-377560,5,0.6270884878324452,9.842905045806912,9.95926993333874
manga-8132-9102,1-548033,-5,0.8568314730931625,11.08258337517311,11.141409007384237
manga-8133-12701,1-377718,7,0.5175581726566456,9.457870395511423,9.530629936190904
manga-8133-12702,1-377875,2,49.643090270835934,18.490085194763278,10.95032492860875
manga-8133-12703,1-338934,-5,1.0004504426055227,10.477535145063921,10.56097966869052
manga-8133-12704,1-338922,-2,0.9750770911354643,11.138603720542266,11.136780793601794
manga-8133-12705,1-377841,2,0.8489629699593237,11.489292027100214,11.501156522330087
manga-8133-1901,1-377986,0,0.4259182249215314,10.676939503408253,10.490167846030804
manga-8133-1902,1-338937,1,0.7717303385545193,9.673189647133666,9.851679593511554
manga-8133-3701,1-377686,1,0.6291170722710433,9.765313910442057,9.880579238617104
manga-8133-3702,1-377990,-2,0.938576411585057,11.025514750009005,11.058904092568495
manga-8133-3703,1-548036,1,1.0054597080173515,10.550216430542523,10.614858212107373
manga-8133-3704,1-377702,7,-0.056809866505567186,8.510016266081516,8.527781941758507
manga-8133-6101,1-377781,-2,0.9809723402479236,10.489454575545206,10.562233367986499
manga-8133-6102,1-377780,5,0.28273398173688946,9.350294036125362,9.603451843884752
manga-8133-6103,1-567948,-5,0.921490286889572,11.253200069803079,11.250244297092538
manga-8133-6104,1-377787,-2,1.055106456480381,10.682980313127063,10.709197006947404
manga-8133-9101,1-377679,2,0.7713332772302088,10.489065178891096,10.541323334170379
manga-8133-9102,1-377720,2,0.6291001042314157,10.796474579044816,10.950816441572378
manga-8134-12701,1-377978,5,0.2999690010156577,9.090565898939033,9.352907666712237
manga-8134-12702,1-378164,5,0.7191035002744215,10.537994321049025,10.628830153410485
manga-8134-12703,1-378271,4,0.3650051499816236,9.095696036460406,9.347164073366642
manga-8134-12704,1-548076,4,0.667420850766316,10.657582405084923,10.827678081038925
manga-8134-12705,1-378182,4,0.6340661701171229,9.171161856591773,9.389391150114577
manga-8134-1901,1-378039,2,0.37325028880781375,10.482256685042294,10.635334935250082
manga-8134-1902,1-378276,-5,0.8311873501171299,10.575816594591778,10.67353972193998
manga-8134-3701,1-378237,-5,0.9635494426559816,11.231266307325939,11.231189145482668
manga-8134-3702,1-378168,-5,0.9590233564444617,11.326010690608804,11.25081751696085
manga-8134-3703,1-378123,1,0.9908193821042097,10.453662973632609,10.49838086244279
manga-8134-3704,1-338911,1,0.8959335550189493,9.91987997920807,9.987839144056526
manga-8134-6101,1-339218,-5,0.8651384565545222,10.728465560933667,10.788426466235965
manga-8134-6102,1-378148,1,1.059136484638632,10.58720190178342,10.617774876184878
manga-8134-6103,1-548075,9,0.17135910050734893,9.533530397940684,9.810630998639551
manga-8134-6104,1-378373,7,0.34447970376281845,8.458558167581636,8.712222772273241
manga-8134-9101,1-548074,-5,0.924042905392298,11.195375312303751,11.204646245732677
manga-8134-9102,1-339163,2,,,10.71613444737044
manga-8135-12701,1-604761,4,0.8788285498379089,11.120046526387343,11.146413335463823
manga-8135-12702,1-43012,4,0.5761230276199782,10.136263563949237,10.317329843967315
manga-8135-12703,1-43009,4,0.7134919971062921,10.089040968587458,10.24198951382204
manga-8135-12704,1-43506,3,0.8868565857226542,11.033996689995236,11.058710652199736
manga-8135-12705,1-43497,5,0.6475650671020361,9.448989163660752,9.589811140912449
manga-8135-1901,1-337898,-5,0.394459940081358,9.157888882150651,9.351075104124364
manga-8135-1902,1-43214,0,49.04770213683594,18.099490655363272,10.792085474007061
manga-8135-3701,1-43241,-2,0.8926415183180936,10.917433128438722,11.013010064809745
manga-8135-3702,1-43229,5,0.39729473956536054,9.187116649937987,9.41503013661312
manga-8135-3703,1-43512,-5,1.062393632406632,10.89204350747182,10.87950645794805
manga-8135-3704,1-43505,5,0.200155515709735,9.288978280836066,9.513784743239986
manga-8135-6101,1-43148,10,0.3411904991368324,8.451346795362802,8.647890328678123
manga-8135-6102,1-43099,-2,0.9348918368548667,11.133226279318032,11.200746561282573
manga-8135-6103,1-338220,3,0.8983526916055204,10.613838430963918,10.739563642651984
manga-8135-6104,1-338237,1,0.9786107742178309,10.287957758700161,10.295520919359822
manga-8135-9101,1-338152,0,0.9862499379161598,11.051839014384367,11.114520913825077
manga-8135-9102,1-43022,1,0.5786480820571605,9.94903847019641,10.122681061626098
manga-8137-12701,1-338709,5,,,9.503846497883446
manga-8137-12702,1-338697,4,,,10.08826369934928
manga-8137-12703,1-338796,5,0.6731622616906918,10.369613275710988,10.508509518758165
manga-8137-12704,1-338770,5,0.5265272735885596,9.701813705933226,9.874124493972294
manga-8137-12705,1-338737,4,0.5558642686014785,9.532073932592393,9.736261810259201
manga-8137-1901,1-338677,1,1.0175622435524367,9.962154784178814,9.9717386638975
manga-8137-1902,1-43717,-5,0.9665867636372099,9.761198013374512,9.862018615145791
manga-8137-3701,1-43723,-2,0.9365677928064855,10.67190499511086,10.769614350718479
manga-8137-3702,1-574402,0,49.60616493683594,18.528109335363276,11.076673205639413
manga-8137-3703,1-338746,-5,0.9826751008064889,10.177914937910867,10.252569069706556
manga-8137-3704,1-338828,5,0.5881304997791439,9.620618346206154,9.67558222351934
manga-8137-6101,1-338851,-5,0.8709972385448879,11.11470008384353,11.186258305772368
manga-8137-6102,1-338721,-5,,,11.001123368572989
manga-8137-6103,1-43718,-5,1.0661969571760679,10.942172425208677,10.962482512177294
manga-8137-6104,1-43721,2,1.052199064787441,11.407715050625317,11.354484920689845
manga-8137-9101,1-338822,-5,1.004053650228883,11.400665216859666,11.37976223872212
manga-8137-9102,1-43724,3,0.7538388216904721,10.236269938855797,10.347536865891653
manga-8138-12701,1-338829,6,0.34907152612391457,9.565690128903633,9.696594879362243
manga-8138-12702,1-338963,4,0.504960401285615,10.045373535206167,10.160615572081808
manga-8138-12703,1-339166,1,,,
manga-8138-12704,1-339041,2,0.8814649851905791,10.973255679093853,11.009608097244673
manga-8138-12705,1-339042,3,0.8921575081973678,10.432013237066178,10.448429581531501
manga-8138-1901,1-339233,5,0.42578873564834296,9.037184395892254,9.22472983603363
manga-8138-3701,1-44216,5,0.6547335853582652,10.328754455964663,10.554361942152038
manga-8138-3702,1-339028,3,0.9529855569699102,10.864722942454957,10.94724447335699
manga-8138-3703,1-339132,-5,0.9532949090466865,10.844464023764147,10.917890794644439
manga-8138-3704,1-44183,-2,0.9408305028895754,9.581060915403082,9.613412598746384
manga-8138-6101,1-339010,3,0.7022452801851209,9.866527295292501,9.947182680072569
manga-8138-6102,1-339061,0,1.0481672588745745,10.153136910349525,10.144888529267991
manga-8138-6103,1-339138,4,,,9.669010813674326
manga-8138-6104,1-339258,5,,,9.410505608990302
manga-8138-9101,1-548136,3,0.7593574983840945,10.56428534262253,10.697111596367554
manga-8138-9102,1-44219,2,0.8596144002615063,10.644471038889861,10.720923815620434
manga-8139-12701,1-121151,4,0.5211525168889075,8.734950517617595,8.985568820298225
manga-8139-12702,1-71137,3,,,9.36933647801414
manga-8139-12703,1-71124,9,,,8.791069985497304
manga-8139-12704,1-604797,5,,,8.830480241905402
manga-8139-12705,1-604821,4,0.5796107277097313,9.810725270036064,10.06039561731991
manga-8139-1901,1-71180,4,,,9.817827057239958
manga-8139-1902,1-121202,0,0.689956930993116,9.499705036489736,9.544920905251486
manga-8139-3701,1-71113,-2,,,10.800012840597873
manga-8139-3702,1-604791,8,,,8.734618235740356
manga-8139-3703,1-121218,7,0.31610263723425547,9.356246075883554,9.494061322047255
manga-8139-3704,1-71090,1,,,10.822595622752681
manga-8139-6101,1-121209,2,,,10.238502750805386
manga-8139-6102,1-71225,-5,,,10.611582059695325
manga-8139-6103,1-71167,7,,,9.12325693625892
manga-8139-6104,1-121236,3,1.0145940009781214,10.881594008836187,10.88040996806284
manga-8139-9101,1-121206,6,,,9.158775478615581
manga-8139-9102,1-71108,0,,,10.785679977243031
manga-8140-12701,1-43654,2,1.032425656480381,10.19990543312706,10.27992461589423
manga-8140-12702,1-43632,3,0.4450597510240115,9.642104264378366,9.766021508353784
manga-8140-12703,1-43783,5,1.0372082484784997,10.764197012147896,10.7450529200862
manga-8140-12704,1-43651,6,0.4881906378909946,9.289584491211984,9.540488394987948
manga-8140-12705,1-43849,5,0.4822659303629635,9.466643455682128,9.642837319233287
manga-8140-1901,1-43679,-2,0.8490603126660581,9.459386601867298,9.58946591431198
manga-8140-1902,1-43663,-2,0.4564843447803497,9.385684050159874,9.567321680135358
manga-8140-3701,1-43702,5,0.4944058922288832,9.946037379059666,10.140187388967817
manga-8140-3702,1-43773,-5,0.957475553969914,10.47672617515496,10.543951389595081
manga-8140-3703,1-43680,-2,0.8735301807384026,9.388656077232667,9.555453591017939
manga-8140-3704,1-43933,-5,0.9693395692732913,10.70975880289328,10.807530969222952
manga-8140-6101,1-548082,2,1.0031872160966664,10.08861492819733,10.078427815783964
manga-8140-6102,1-43957,2,0.44341524927584075,9.311196104257927,9.505405051407639
manga-8140-6103,1-43672,3,1.042139660207006,10.32565973355632,10.2850191706555
manga-8140-6104,1-43956,4,0.5656439067873578,9.450481927808317,9.598392129667072
manga-8140-9101,1-43381,3,0.4924342685231018,9.260554833517654,9.463924328694008
manga-8140-9102,1-43687,2,0.9335878025169784,10.871273099430814,10.90348338813319
manga-8141-12701,1-338771,1,0.5086391686753835,10.133666634964309,10.312016476837307
manga-8141-12702,1-43733,3,0.6496178831771218,10.359808649466451,10.494666536936231
manga-8141-12703,1-604937,1,0.9411880827819807,10.752696586123962,10.738784521007185
manga-8141-12704,1-44172,4,0.6286825735510142,9.969677945830373,10.173666932452848
manga-8141-12705,1-44117,4,0.9311202238759009,10.129613094141423,10.100935449743714
manga-8141-1901,1-339094,0,0.9082475788099877,10.157124673474618,10.261624432004867
manga-8141-1902,1-44526,1,,,10.374108343976479
manga-8141-3701,1-44180,2,1.016954731302338,10.223363939961747,10.168441498943514
manga-8141-3702,1-339116,4,0.9718021487355664,9.4152007254544,9.401603853298854
manga-8141-3703,1-339057,-2,1.0264376385902523,10.674505959376248,10.733014999790576
manga-8141-3704,1-44141,0,0.9637474486900217,10.104671686265034,10.177894176626506
manga-8141-6101,1-44100,-2,,,10.79415819222837
manga-8141-6102,1-44163,-5,0.993938606897121,10.515463242598825,10.586223740315562
manga-8141-6103,1-43741,-5,1.0959170155465827,10.263496146486556,10.248698937532538
manga-8141-6104,1-44549,-5,0.9723848458102573,11.110284847808735,11.170859925333486
manga-8141-9101,1-339092,-5,0.9337424685782665,10.896649075997145,10.999743256085893
manga-8141-9102,1-44083,5,,,10.022197345921787
manga-8143-12701,1-44015,-5,1.024682808558559,11.166250642145885,11.213937239530589
manga-8143-12702,1-43823,2,0.7106095693964711,9.901051271613461,9.986899765105743
manga-8143-12703,1-44565,6,,,9.153619768973574
manga-8143-12704,1-44487,2,0.9649343928405294,10.42244669944996,10.46691653131277
manga-8143-12705,1-72339,5,0.701010386636181,9.560499341877435,9.697338338740188
manga-8143-1901,1-43629,-5,0.5683238323636317,9.600883169067616,9.804566698762496
manga-8143-1902,1-44047,-2,0.8945543132403806,9.811815809049465,9.917768527274609
manga-8143-3701,1-44044,-5,0.8348344087149258,9.725417730803308,9.899059547328756
manga-8143-3702,1-44483,0,1.03531714548906,9.989024423918092,9.949962507473678
manga-8143-3703,1-44447,1,0.7231978986320193,9.706345664167737,9.878857152731
manga-8143-3704,1-44418,-5,1.049499764277261,10.681001938066833,10.720863530032844
manga-8143-6101,1-72322,1,0.9280737539221953,11.440109282493736,11.36186565543949
manga-8143-6102,1-44009,5,0.4088150549555749,9.295256494786885,9.55222883339533
manga-8143-6103,1-44436,-5,1.287283235552433,11.415215571378809,11.250517585610485
manga-8143-6104,1-44479,0,1.0332648147001038,10.825808768445931,10.779732096932788
manga-8143-9101,1-44013,3,1.0484271004747256,10.066491994950024,10.043668730684841
manga-8143-9102,1-44463,5,0.48586593923983656,9.743956316381228,9.952953155520532
manga-8144-12701,1-152389,5,0.5715607883486307,9.43280178401406,9.663072109380591
manga-8144-12702,1-120955,5,0.5254285176564331,9.961725414077167,10.156331040764593
manga-8144-12703,1-120935,3,0.8302711673826764,10.747718503213626,10.810628311967562
manga-8144-12704,1-120967,-2,0.9644180518548673,10.912467135818034,10.96743985713094
manga-8144-12705,1-556549,5,0.7519277993895912,10.308197137082274,10.322814490553762
manga-8144-1901,1-121035,1,1.038538935182192,9.991437878495518,10.04519775872325
manga-8144-1902,1-152474,-5,0.4430034771879612,8.54977724261031,8.805402977950209
manga-8144-3701,1-152675,2,0.8258831516381449,10.393544419954578,10.475600010486577
manga-8144-3702,1-121075,-5,0.6394627815510177,10.788574478630375,10.964130878873306
manga-8144-3703,1-152563,9,0.28903898987834253,8.488267172847394,8.702407270046496
manga-8144-3704,1-152384,5,0.7325521419505598,9.950950702436755,9.960767024184776
manga-8144-6101,1-152527,5,0.3138539814140948,9.520481007229638,9.809896919405142
manga-8144-6102,1-120943,-5,0.9815623978020511,10.627393625027509,10.719890371191454
manga-8144-6103,1-121023,-2,1.039093571785358,10.63658543183093,10.64975823546135
manga-8144-6104,1-152524,2,0.9469702113831566,10.844962335142458,10.875937653388949
manga-8144-9101,1-120941,3,0.680176547573474,9.48848090966267,9.619121517094287
manga-8144-9102,1-152666,2,0.9956549421913365,10.075059343956811,10.1091092418884
manga-8145-12701,1-201353,7,0.5946446271879573,9.740669507610306,9.928381512107826
manga-8145-12702,1-152618,-5,,,11.128266762837846
manga-8145-12703,1-201318,6,0.5190034396627716,9.635180998698262,9.857861771779085
manga-8145-12704,1-152587,5,,,9.794694339817553
manga-8145-12705,1-201352,7,0.300969236845237,8.728329866027899,8.916762319730934
manga-8145-1901,1-201356,2,0.9692080294301171,9.874878235440725,9.94138470351354
manga-8145-1902,1-556501,1,0.5440156920379025,9.951872014616145,10.087074759856657
manga-8145-3701,1-556583,4,,,9.173489294389451
manga-8145-3702,1-201314,3,,,8.741401384266613
manga-8145-3703,1-556499,1,,,9.541500614552154
manga-8145-3704,1-556498,1,0.9885724213831608,10.213367046142462,10.315012583458143
manga-8145-6101,1-584619,8,,,8.888724688362576
manga-8145-6102,1-201180,-2,,,9.032243929505805
manga-8145-6103,1-201291,3,,,9.683777156174441
manga-8145-6104,1-152567,2,,,9.416961533620992
manga-8145-9101,1-201173,3,,,10.013014279562848
manga-8145-9102,1-145771,4,0.4480592406050512,8.869449131954116,9.011756469545915
manga-8146-12701,1-604839,4,0.6533545164237218,10.090639729019768,10.297394981101581
manga-8146-12702,1-152596,4,0.6319620679304023,10.713963753954035,10.846519576461084
manga-8146-12703,1-152719,2,0.9247841343990935,10.509163174876083,10.555330282651383
manga-8146-12704,1-556516,-5,0.8964188931708748,11.125318151062363,11.214520655096432
manga-8146-12705,1-201561,0,0.9920990276416539,10.742827511357875,10.738800370736918
manga-8146-1901,1-201355,-5,0.4354143240497024,9.699064528538596,9.777707319374574
manga-8146-1902,1-201364,1,0.7604033821048723,9.494908212857627,9.65989814368759
manga-8146-3701,1-201317,1,1.1837201825707204,10.112924138561862,9.993436230497611
manga-8146-3702,1-604816,0,1.0176367507536739,10.62328961352034,10.683438807746258
manga-8146-3703,1-201449,2,0.8935470499161617,10.598597293584369,10.747104041231989
manga-8146-3704,1-556514,-5,0.9550851908630769,10.581515032659727,10.67789061129143
manga-8146-6101,1-201175,-5,0.9352906832206713,9.89069624521797,9.996208611012214
manga-8146-6102,1-201493,-5,,,11.034347658446848
manga-8146-6103,1-152566,5,0.3210227638971155,8.666508931298821,8.910991852469287
manga-8146-6104,1-201464,2,0.9169739553119634,10.921687151651877,10.960909607020712
manga-8146-9101,1-556506,7,,,9.279304120145413
manga-8146-9102,1-201391,3,0.7201853506199747,10.212235243249236,10.3305740674279
manga-8147-12701,1-145783,5,0.4277710146824809,9.211488162029758,9.45353696145828
manga-8147-12702,1-145842,-5,0.8880837155885644,10.982430488133229,11.074366559384666
manga-8147-12703,1-146028,5,,,10.106384705112715
manga-8147-12704,1-145669,9,,,8.490440292989705
manga-8147-12705,1-604856,5,1.0532515704305112,10.149408899092093,10.085319125819762
manga-8147-1901,1-201217,-5,,,9.663102298266473
manga-8147-1902,1-145741,1,0.7022476623180935,8.814728958838721,9.01295526929686
manga-8147-3701,1-145828,2,0.4425746578677803,8.954901402577198,9.20706318953225
manga-8147-3702,1-201183,6,,,9.065658127117224
manga-8147-3703,1-556577,1,0.425310608254712,9.049158113017532,9.308406459574444
manga-8147-3704,1-146046,0,1.1168915000135762,10.440629167344646,10.411013290483874
manga-8147-6101,1-201182,5,,,9.038067505492661
manga-8147-6102,1-163831,2,0.7832070143521328,10.754255260417352,10.822292332603059
manga-8147-6103,1-164053,3,0.5608283366728521,10.539400598939626,10.635467661536223
manga-8147-6104,1-145856,2,0.5859024456050541,8.692385997454119,8.86106222490587
manga-8147-9101,1-201197,4,0.6346870727681875,9.852512656845056,10.013641821120821
manga-8147-9102,1-145894,6,,,8.85028897447965
manga-8148-12701,1-201548,2,0.9216559451678599,10.781471950027449,10.843074484119589
manga-8148-12702,1-145823,-5,0.9067536942274614,11.062629083990295,11.160186313102574
manga-8148-12703,1-145978,2,0.956888136837911,10.890093628087344,10.875423024746981
manga-8148-12704,1-145988,5,,,8.927026281968983
manga-8148-12705,1-164064,-2,1.1315266493725957,11.039298171872263,10.997661990909812
manga-8148-1901,1-201351,-5,0.791940892489059,10.030147781618092,10.273926780100526
manga-8148-1902,1-201354,4,0.5812887920626224,10.610182499497768,10.845695094543096
manga-8148-3701,1-145958,-2,0.989054121295549,10.785089930289423,10.801271274605547
manga-8148-3702,1-145871,-5,,,10.722574696520779
manga-8148-3703,1-201470,2,0.8596753454768056,10.400273628865337,10.517724913272785
manga-8148-3704,1-584701,11,,,10.542693500863138
manga-8148-6101,1-146016,2,,,10.763212290330825
manga-8148-6102,1-145791,4,0.6272366051760692,8.68344106200868,8.89646613960523
manga-8148-6103,1-146026,6,0.32733642972877774,9.021281003882073,9.195971567833787
manga-8148-6104,1-146104,1,0.8158071804918059,9.809666180097963,9.86562564406702
manga-8148-9101,1-145806,6,0.3689451376726751,9.452825431402749,9.615260732776742
manga-8148-9102,1-145802,5,0.5543251772584838,9.502490641315404,9.70973030656553
manga-8149-12701,1-604930,5,,,9.437200213583235
manga-8149-12702,1-164109,3,0.8252911893242221,9.982518922065102,10.069490495567011
manga-8149-12703,1-146001,5,0.5701580041973671,9.746976230666176,9.860287086301868
manga-8149-12704,1-145922,-5,1.1598377323937221,10.67053954531266,10.625019048729758
manga-8149-12705,1-218116,-5,1.0015010003453462,10.887569360305495,10.945663530731018
manga-8149-1901,1-145913,-5,0.8110128188926815,9.392545556215467,9.571415321900233
manga-8149-1902,1-163989,-2,1.113956361605517,9.722938427963916,9.685222961858369
manga-8149-3701,1-164007,1,0.901851348952281,9.751710783238776,9.881171166544325
manga-8149-3702,1-145995,-2,1.0712969197891375,9.844633266048575,9.882665674955499
manga-8149-3703,1-145920,-2,0.6553544971042093,9.19750562013261,9.388403183552635
manga-8149-3704,1-164153,6,0.26325105372189483,9.76491139859274,10.009646326831874
manga-8149-6101,1-163894,4,0.45906369415258297,9.327826536639773,9.547221950877665
manga-8149-6102,1-145963,5,0.3596424702335881,8.935094439077139,9.121451503253242
manga-8149-6103,1-146106,6,0.33773535344445804,8.4467777233088,8.559002399699056
manga-8149-6104,1-163925,4,0.48421242139371756,8.783821235212656,9.030591626932784
manga-8149-9101,1-145884,6,,,9.05624528982875
manga-8149-9102,1-584746,2,0.6040568432049191,9.684166934440999,9.889019179122451
manga-8150-12701,1-389685,1,0.5478726040216948,8.78805408278794,9.06550502309839
manga-8150-12702,1-389244,7,0.12491414961834835,8.712206893985153,8.917761704476069
manga-8150-12703,1-390066,5,0.4549428301621212,9.22450723059197,9.463779550183547
manga-8150-12704,1-390514,3,1.0197161558078136,10.498054254742295,10.45152547352459
manga-8150-12705,1-606079,6,0.41487198232958633,8.874117683768052,9.079333222521958
manga-8150-1901,1-389285,-2,0.9873980999842509,11.042127543223032,11.11539081292736
manga-8150-1902,1-390521,2,0.8025827545584718,9.588904996788186,9.643978446643867
manga-8150-3701,1-389720,9,,,7.5744977389252846
manga-8150-3702,1-585758,7,,,8.837322604019388
manga-8150-3703,1-390130,3,0.8172540310936469,10.48385403046241,10.386047492757532
manga-8150-3704,1-389730,0,0.7390494319032435,9.077086100605431,9.300925752478642
manga-8150-6101,1-390151,2,0.7353959912178318,9.838121253400162,9.900029394866428
manga-8150-6102,1-389238,-2,1.0296846911042117,10.45741002553261,10.519586506151578
manga-8150-6103,1-585731,7,,,9.745575191609916
manga-8150-6104,1-389509,-2,0.9805032472485884,10.496770134430692,10.531740692158538
manga-8150-9101,1-389743,-5,1.042891140324219,10.003495936165097,10.045850853838092
manga-8150-9102,1-390389,2,1.1355287221579538,10.487179502803194,10.388465330256341
manga-8152-12701,1-300931,6,0.49762236097274837,9.307917356452997,9.538791077981237
manga-8152-12702,1-232092,7,48.99470035083595,16.006247282763283,8.732909781021819
manga-8152-12703,1-232137,4,0.5849143618473178,9.053963296022285,9.264952339052792
manga-8152-12704,1-232106,9,0.41608141725848924,8.771913185315407,8.980822528351487
manga-8152-12705,1-301014,4,0.5613783979816205,9.509279993260403,9.72175292520699
manga-8152-1901,1-301273,1,0.7476250317108466,9.504797945872776,9.56600592972726
manga-8152-1902,1-300828,-5,0.9715311063486318,9.929799877814062,9.996961056946134
manga-8152-3701,1-300969,4,0.4368824719182456,8.787375892239218,9.031541762099074
manga-8152-3702,1-232104,2,0.7913929159057709,9.667262964731274,9.806421483125941
manga-8152-3703,1-232087,1,0.9524557315230986,9.944163806817652,10.04325614785075
manga-8152-3704,1-301288,0,0.3898456476372125,9.002708937774514,9.145712154756495
manga-8152-6101,1-300973,2,0.8012499711368299,9.6264158305628,9.790171824428993
manga-8152-6102,1-585622,2,,,10.379773107179052
manga-8152-6103,1-232411,-5,1.1109360867097315,10.724342096936063,10.689860923565497
manga-8152-6104,1-301213,0,1.1032462665169724,10.61607900183081,10.601371088474297
manga-8152-9101,1-232079,2,0.6780409127778206,9.927209594135192,10.115703683637001
manga-8152-9102,1-301193,2,0.9283321345073468,10.889786967340681,10.951575489711558
manga-8153-12701,1-36703,6,0.45504666727442,9.400125200749025,9.584908768509276
manga-8153-12702,1-36663,3,0.6952116766372143,9.432956661674515,9.615407107197516
manga-8153-12703,1-37002,-5,0.8324082222335853,9.401922542277134,9.575235198925052
manga-8153-12704,1-36705,5,0.2188107245298916,9.18777852178998,9.426659254115757
manga-8153-12705,1-36970,4,0.6264785035902527,9.165485130876249,9.390215984192675
manga-8153-1901,1-36843,4,0.6167415643337577,9.315538824956832,9.49282601699607
manga-8153-1902,1-36649,-2,1.017965827423719,9.968089439119767,9.938257968874437
manga-8153-3701,1-603705,-2,,,10.776969085729268
manga-8153-3702,1-36779,1,1.1095859466372104,10.658291518674513,10.635174000502346
manga-8153-3703,1-36847,-2,0.97331231000679,10.022952879672326,10.147886465739566
manga-8153-3704,1-36698,2,0.7907316819039067,10.034820383771148,10.197445972137103
manga-8153-6101,1-36644,-5,0.9722168271089124,10.973248783350078,11.035393712263295
manga-8153-6102,1-547926,4,0.5706839350802504,9.619722267213946,9.749174924781478
manga-8153-6103,1-582516,-2,0.9247784243875969,10.79519258902582,10.872244871443565
manga-8153-6104,1-36968,-5,1.1143799500854392,10.937797887381183,10.925798723736461
manga-8153-9101,1-36381,-2,1.1017331370933796,10.910407270428298,10.86082414420444
manga-8153-9102,1-36827,5,0.5265369038064875,8.852685085210865,9.038198775378966
manga-8154-12701,1-603920,5,0.43881430965343426,10.02576644366129,10.28441494103076
manga-8154-12702,1-109152,-5,0.9742495426386277,11.015160769583416,11.103437665079547
manga-8154-12703,1-37546,7,0.17648664810892,8.925454734450085,9.053573948210747
manga-8154-12704,1-37245,2,0.8371359904944313,11.072628224781514,11.157354000148775
manga-8154-12705,1-37547,3,0.22223054731591674,10.014620062906396,10.311779282427736
manga-8154-1901,1-37122,-5,0.9748551063491213,10.872379535303368,10.942273015897104
manga-8154-1902,1-37478,-2,0.9049965796855872,10.148982382781679,10.260193068841449
manga-8154-3701,1-37126,1,0.7890483904005094,9.853828431784981,9.953798336908722
manga-8154-3702,1-37265,-5,0.9615572621171253,11.105056953791776,11.108368802776551
manga-8154-3703,1-37494,0,0.7650154526137314,9.779802842045147,9.96067527114278
manga-8154-3704,1-37477,0,0.9136229556050601,10.131506838454124,10.23285386200526
manga-8154-6101,1-37202,0,0.2968290233861772,9.509662812616915,9.903837957632973
manga-8154-6102,1-37167,8,0.19683057435542395,9.40155817528639,9.664922954015733
manga-8154-6103,1-37155,1,0.9498679807149237,10.644130596003306,10.734290855047394
manga-8154-6104,1-37491,4,0.4352941533861703,9.533611695616909,9.79683510909579
manga-8154-9101,1-36867,5,0.4518603788313875,9.422247716249133,9.668143538841619
manga-8154-9102,1-603941,5,0.4728817467384019,9.969770407832668,10.188987510067376
manga-8155-12701,1-38550,3,0.3937052890559549,10.21083629944269,10.432388775379343
manga-8155-12702,1-38269,-5,49.23131086683595,18.461942698363288,11.096590254583836
manga-8155-12703,1-38523,7,0.18713749437259253,9.098259761372262,9.380495249800996
manga-8155-12704,1-38713,7,0.2856613874753897,9.155895711835507,9.413767343019066
manga-8155-12705,1-202100,-2,0.8989824852690553,11.373239373185609,11.399640845355608
manga-8155-1901,1-38510,3,0.662423384386841,9.173344134823328,9.32383970213342
manga-8155-1902,1-38528,-2,0.4535093648099888,9.197445206074619,9.388763510705097
manga-8155-3701,1-38612,7,0.19755424564777613,8.711386648644712,8.96802506361274
manga-8155-3702,1-38543,0,0.8443631852772597,9.996254049166833,10.101117853394378
manga-8155-3703,1-38541,-5,0.3144786683513807,9.388783441614864,9.675292466449715
manga-8155-3704,1-109428,0,1.047290532968976,10.240530874235356,10.20441845752325
manga-8155-6101,1-38521,-2,0.8314803093460128,10.735317543351444,10.73694360763047
manga-8155-6102,1-38506,5,0.23276897283244935,9.931225159306916,10.230694100806259
manga-8155-6103,1-38663,2,0.769556348018952,11.319415335508072,11.262296804725603
manga-8155-6104,1-38553,2,0.42813668009316075,9.459342418873108,9.706324264702829
manga-8155-9101,1-38617,-5,0.8702800399372848,11.14911048072476,11.210968271114007
manga-8155-9102,1-202101,4,0.37681833499311423,9.138350132889734,9.427239354550306
manga-8156-12701,1-38770,-5,0.5694348223800461,10.87277039003007,11.134725209808852
manga-8156-12702,1-38856,5,0.4049052914890616,9.611338432518094,9.771980446102024
manga-8156-12703,1-38894,6,0.2363308975381031,9.24992674207121,9.553447300540753
manga-8156-12704,1-205845,3,0.7726671910513971,9.282859110181622,9.460270743861948
manga-8156-12705,1-38822,7,,,9.55914624352761
manga-8156-1901,1-38764,-2,0.7031842156050558,9.62693750445412,9.844417526055391
manga-8156-1902,1-202091,3,0.7130359794603898,10.228698494381954,10.31243971633783
manga-8156-3701,1-38819,6,-0.048298081294309014,9.713761379064541,9.820603373640198
manga-8156-3702,1-38887,3,,,9.27945932721457
manga-8156-3703,1-38787,1,0.19373284996519757,9.135579482577015,9.344203579892257
manga-8156-3704,1-38777,-5,0.5201454724876413,10.71396301230919,11.077124341347403
manga-8156-6101,1-109521,-5,0.6930568393068661,10.759291689322573,10.93171969064956
manga-8156-6102,1-604153,-5,0.9285039541464606,10.768054289152932,10.818148004032668
manga-8156-6103,1-133652,-2,0.7587279135231029,11.051815503017657,11.212885112411126
manga-8156-6104,1-38798,0,0.9595494539215323,9.760135307308254,9.682074644530786
manga-8156-9101,1-109493,-5,0.739747814960765,11.217561394454128,11.34422127341848
manga-8156-9102,1-38775,5,0.32322673568181415,9.161982151983805,9.376175322717833
manga-8157-12701,1-42158,4,0.6290334284958519,9.96254899789042,10.176502196685414
manga-8157-12702,1-41758,5,0.26758805882544223,9.870468018458475,10.183224275969634
manga-8157-12703,1-41919,4,0.6899075251553306,11.135432316419644,11.237088596367702
manga-8157-12704,1-41749,6,0.8467391733007403,11.060605641196197,11.109905747351283
manga-8157-12705,1-42131,2,0.5860415814237214,10.937849320519769,11.008617202584135
manga-8157-1901,1-41760,-2,0.9419533370513946,10.13907571878162,10.21420782965445
manga-8157-1902,1-41772,-5,,,10.119255889277937
manga-8157-3701,1-41762,2,0.3973886377860225,9.111168457616413,9.39847299510908
manga-8157-3702,1-41750,3,0.9015345365979783,11.267955459668178,11.232642943834335
manga-8157-3703,1-42202,3,0.4927825990597796,9.071972908579955,9.311242999880248
manga-8157-3704,1-42106,3,0.7056773107860224,10.457882921916413,10.512113142183324
manga-8157-6101,1-41971,-5,0.9958636511760659,10.828662260608674,10.901082169597347
manga-8157-6102,1-41801,1,,,10.61222951280313
manga-8157-6103,1-41974,2,0.8167543354747231,9.874520533450022,9.962127730652831
manga-8157-6104,1-42065,1,0.8794396675760936,11.110945751504358,11.076622241508437
manga-8157-9101,1-41828,4,0.5974855900189517,9.775684197708074,9.963336304095325
manga-8157-9102,1-41922,5,0.5848858653295856,9.203762759068052,9.432058080025342
manga-8158-12701,1-604231,3,,,10.661966884740004
manga-8158-12702,1-52603,-2,0.869409134638147,10.947555005254578,11.004880007240635
manga-8158-12703,1-52782,-5,0.9326890135902524,10.907648171876248,10.99932632131709
manga-8158-12704,1-52588,-5,0.905108115383161,11.132849181542463,11.180008249766514
manga-8158-12705,1-52578,6,0.6394506676864324,9.543311908384275,9.6212084890232
manga-8158-1901,1-52677,-2,0.1014819513786307,8.93906603662117,9.137312959069282
manga-8158-1902,1-52600,0,0.7214128791239176,9.540553181203638,9.61855012294879
manga-8158-3701,1-583694,-2,,,10.413443946034777
manga-8158-3702,1-312838,5,,,12.533709794033852
manga-8158-3704,1-52660,3,49.535761205835925,17.667788603263265,10.263522450811122
manga-8158-6101,1-52602,-2,0.7675200739391741,10.719006675323701,10.941026182908658
manga-8158-6102,1-52701,2,0.9032328816243016,10.404026855015353,10.514418906133955
manga-8158-6103,1-52720,-5,0.8300375707384013,11.017993526232667,11.133902796842207
manga-8158-6104,1-52590,2,0.3936727804220901,10.294727371255682,10.464212249681502
manga-8158-9101,1-52637,4,0.23977543447680816,9.097373658765338,9.386884041632872
manga-8158-9102,1-52554,7,0.3389783037499008,9.034909355422467,9.301977893904823
manga-8239-12701,1-378360,-5,0.9585945327792338,11.17602094344409,11.18156349198817
manga-8239-12702,1-378479,3,0.7856281789466095,10.835789935082236,10.882693555469498
manga-8239-12703,1-378400,8,0.3749694659372871,8.682230137324762,8.922254587415624
manga-8239-12704,1-378403,7,,,9.418869480571974
manga-8239-12705,1-548080,5,0.43849797417437486,10.301936507965653,10.339944090983794
manga-8239-1901,1-378549,2,0.39230705039909,8.67710419047608,8.94475648744755
manga-8239-1902,1-378375,5,0.6448622642912945,9.690082817741786,9.835313173669293
manga-8239-3701,1-378526,-2,0.8753309026416503,9.867354273857872,9.987042076773568
manga-8239-3702,1-378412,1,0.4362904993357155,8.617019661954895,8.871752686917686
manga-8239-3703,1-378428,-5,0.9787795119607665,10.553477697154127,10.627656654574231
manga-8239-3704,1-378486,5,0.4625835310802451,9.119915470813941,9.38933090772378
manga-8239-6101,1-378327,7,0.33133255872593637,9.529402503164265,9.79409749404121
manga-8239-6102,1-351563,5,0.5932337600243223,9.509796556071494,9.653323485963766
manga-8239-6103,1-378500,-5,0.9162088105902519,11.121476184576249,11.214099083299104
manga-8239-6104,1-548221,-2,0.8948947379992482,10.766026553676586,10.874361195806951
manga-8239-9101,1-339192,5,0.4082347106824855,9.63533507562976,9.892149721184584
manga-8239-9102,1-351575,6,0.515966803578273,9.09760682449715,9.333838064420423
manga-8240-12701,1-72781,0,0.9180474674944286,9.602654525481512,9.67168554453281
manga-8240-12702,1-72814,2,0.6205058498118596,11.060707379213822,11.077022512948664
manga-8240-12703,1-123171,-2,1.0794538483768363,11.52354915106017,11.528939827770342
manga-8240-12704,1-72870,-5,1.0350596848208191,11.21931909177893,11.233407352501596
manga-8240-12705,1-584897,3,0.7409613719999975,9.292913045199999,9.4004067314648
manga-8240-1901,1-72808,0,0.8331751016477753,9.468042918244711,9.604673081434008
manga-8240-1902,1-72852,-2,0.9698991559842476,10.091485832823029,10.148238533818843
manga-8240-3701,1-72795,-2,0.7958367269482416,11.062961242046326,11.124008350548497
manga-8240-3702,1-72817,3,0.3711222867762203,8.825478893589409,9.06156933080437
manga-8240-3703,1-123185,-5,1.0291658368895682,11.220164174803074,11.168977475981452
manga-8240-3704,1-72661,-5,0.8969628604784958,11.261671741347895,11.330831631436999
manga-8240-6101,1-122926,5,0.45627444322396116,9.413438180087006,9.65145053423139
manga-8240-6102,1-122919,6,0.5949255459156966,8.73061717227457,8.918944120645193
manga-8240-6103,1-72797,3,0.4229388444224256,9.595568194349042,9.766303516076427
manga-8240-6104,1-122990,5,0.5443490966484354,9.734084617930192,9.95558096711483
manga-8240-9101,1-72806,5,0.35482327131875735,9.319924665924205,9.58545847342741
manga-8240-9102,1-72950,-5,0.9350815542178381,11.561161856700169,11.560119532668475
manga-8241-12701,1-460305,6,0.46097982682827165,9.177213853797202,9.424376843395835
manga-8241-12702,1-460434,5,0.8376274145694289,9.941938950291142,9.912921042736379
manga-8241-12703,1-460862,3,0.8363319143171282,10.157164177060118,10.19057819539323
manga-8241-12704,1-460461,5,49.101687502835944,16.925479765963278,9.698124043887493
manga-8241-12705,1-605282,5,0.9674100186559862,10.02349482892594,10.063607287213188
manga-8241-1901,1-412631,-2,0.9716432667158585,10.755972608422908,10.816870736400539
manga-8241-1902,1-460436,-2,0.4643436593242214,9.2072661990651,9.327634751512784
manga-8241-3701,1-460293,-5,1.0028661452479248,10.893619101045209,10.950367288755409
manga-8241-3702,1-460404,-5,0.9719378393068681,10.855617589322577,10.956733030472988
manga-8241-3703,1-460882,4,0.2656378172736673,9.492914063625607,9.778366172963235
manga-8241-3704,1-460912,4,0.5587436294944297,10.597672759681515,10.724429074778664
manga-8241-6101,1-461292,5,0.10270949793916984,8.524498753723696,8.628708657442402
manga-8241-6102,1-460288,4,0.26471073098360876,10.116069527195922,10.337195609454366
manga-8241-6103,1-460963,-5,0.8800592469816166,11.2046085791604,11.298031723705304
manga-8241-6104,1-460463,-5,0.9999880987601948,11.150087188398086,11.135336228906956
manga-8241-9101,1-460840,2,0.7807105787289004,10.557311055699325,10.610675065095844
manga-8241-9102,1-460812,1,0.9969889231006128,10.750070274030914,10.678887872882962
manga-8243-12701,1-46562,4,0.7371106741348754,10.847963871285668,10.921541859952292
manga-8243-12702,1-46494,7,,,9.15511427807985
manga-8243-12703,1-46825,-5,0.9801693448874893,10.815115845108691,10.86433602273189
manga-8243-12704,1-47291,4,0.5369396146960668,9.806754499374412,10.033648886855957
manga-8243-12705,1-47765,5,0.49863330268181727,9.581092371683809,9.805160901599434
manga-8243-1901,1-47415,2,0.7762745651551164,9.686978759485386,9.815857227151328
manga-8243-1902,1-47224,-2,1.09061480616786,10.040159405127449,10.075276811911625
manga-8243-3701,1-46757,-2,0.9144143324444549,9.972188252208799,10.114470866637184
manga-8243-3702,1-47302,1,1.0533437519454942,9.980909925905989,10.030733268233448
manga-8243-3703,1-47223,-5,1.0221265048677814,9.888822870277199,9.949016059661332
manga-8243-3704,1-47290,-5,0.9700757168229117,10.15998352143379,10.245559549347046
manga-8243-6101,1-564264,-5,0.9869990644761444,11.057247240619393,11.133612349021247
manga-8243-6102,1-47732,-5,0.915251292965209,10.143877053877025,10.235462792779325
manga-8243-6103,1-47342,1,0.9842670947498995,10.548228133522468,10.613382981508579
manga-8243-6104,1-47248,-5,1.065150463345347,10.964283013605495,10.957357268338264
manga-8243-9101,1-46577,5,0.23692798057006215,9.45712668921592,9.582791502857411
manga-8243-9102,1-605419,-5,1.0360419522955446,11.27264437238942,11.202529183501342
manga-8244-12701,1-73667,-5,1.237387473395799,11.067827660907042,10.912777725412733
manga-8244-12702,1-47170,6,0.3715387998405255,9.55460642314996,9.751516207156852
manga-8244-12703,1-73670,5,49.09205757083594,16.62167458476328,9.39720281991781
manga-8244-12704,1-73638,4,0.6738632453255491,10.817125487996531,10.97197961477376
manga-8244-12705,1-605549,5,0.8748533156459324,9.582284244984818,9.553278475749783
manga-8244-1901,1-47618,-5,0.9741000563923023,11.141284966403756,11.188267403502703
manga-8244-1902,1-46864,3,1.0452879286191035,9.695102225008572,9.634628390436653
manga-8244-3701,1-73651,-2,1.0429002477536748,10.412535576220343,10.4757902761677
manga-8244-3702,1-47608,2,0.5182270908602433,9.59607582208146,9.840146886097822
manga-8244-3703,1-47627,0,0.9210684444996211,10.14243489388829,10.280516909253002
manga-8244-3704,1-73584,-5,0.8817009399684856,11.333043980446048,11.418390793173012
manga-8244-6101,1-47120,3,0.5529144375652599,10.539898390760506,10.6228685989055
manga-8244-6102,1-47136,1,0.774455321547638,10.046522328744334,10.135247175479378
manga-8244-6103,1-47705,-5,1.046376258638631,11.355651325183416,11.38516460572894
manga-8244-6104,1-47862,-2,0.925976511772447,10.382417673671767,10.518486302076917
manga-8244-9101,1-47890,4,0.797561924284711,10.715000709845569,10.821758445962772
manga-8244-9102,1-48410,0,1.047993432364386,11.273239891191034,11.300047379359748
manga-8245-12701,1-464063,5,0.9600904627287754,10.059101444182073,10.109892259421413
manga-8245-12702,1-567244,3,1.124165610905127,10.779347274704365,10.760742054811235
manga-8245-12703,1-464461,4,,,10.459481448697336
manga-8245-12704,1-463478,0,0.884611792174379,10.553577491765658,10.661529686925112
manga-8245-12705,1-464069,3,0.9990387241973728,10.851874382666182,10.79445040152521
manga-8245-1901,1-462994,5,0.5125408020513937,9.428590150281618,9.67119784402318
manga-8245-1902,1-464210,0,0.911631427945494,9.81690465750599,9.899460446704435
manga-8245-3701,1-462984,0,0.6323181093132924,9.334811563422845,9.453940281312162
manga-8245-3702,1-462966,-2,1.0056349742206727,10.587713273317972,10.645793520836932
manga-8245-3703,1-463943,-2,0.9965869879607681,11.144311408754128,11.212813283567137
manga-8245-3704,1-462964,-2,1.1175886525691254,10.316135928635852,10.321368485541354
manga-8245-6101,1-464061,4,0.5750745483241246,10.846775746066692,10.93922612974262
manga-8245-6102,1-463969,4,0.4121801484711263,10.230057275008793,10.470861605301872
manga-8245-6103,1-463460,5,0.33903479247680934,9.42970785656534,9.679717632453121
manga-8245-6104,1-464294,0,0.9479070275298938,10.551759819089982,10.63212207782896
manga-8245-9101,1-464264,7,0.5104631792840486,9.292192773239156,9.474679458741976
manga-8245-9102,1-464310,-2,0.9576080856566449,10.855023743811422,10.876153153617528
manga-8247-12701,1-217256,7,,,8.869403056184002
manga-8247-12702,1-137795,5,0.5130291103357187,9.6399472820549,9.675333741130308
manga-8247-12703,1-137797,4,0.5966606222125819,10.117330291974916,10.246464111611933
manga-8247-12704,1-137870,4,0.551683181713237,9.956899833160286,10.1557519106207
manga-8247-12705,1-217069,5,0.6930431963210779,9.618536607314637,9.668300167683736
manga-8247-1901,1-558242,-5,1.0734056366937992,9.95103492746291,10.015070408856937
manga-8247-1902,1-217044,-2,0.7376499573800466,9.19415129853007,9.391910291294328
manga-8247-3701,1-585433,3,,,10.273734899282866
manga-8247-3702,1-137801,-5,1.013576927960763,10.839014302754123,10.924718528517884
manga-8247-3703,1-137799,0,0.9819987511913375,10.419586985856812,10.511210686068688
manga-8247-3704,1-137714,3,0.9608010062709376,9.62226829948454,9.76475206882944
manga-8247-6101,1-217022,-5,1.2419371031062916,10.508096913187458,10.381903498470491
manga-8247-6102,1-217060,6,0.921207334881359,9.421765180621845,9.445901414261524
manga-8247-6103,1-217050,-2,1.0625694952547171,10.575552644717536,10.605048488771319
manga-8247-6104,1-558247,1,,,10.215365217976187
manga-8247-9101,1-137730,4,0.41963428934338154,10.033583379588816,10.232665819431446
manga-8247-9102,1-217041,-5,1.0557859506937959,11.491086384862909,11.516658307444283
manga-8248-12701,1-481814,5,0.44126236566738797,10.036889314538264,10.16170931339876
manga-8248-12702,1-585474,4,,,10.177475896471583
manga-8248-12703,1-481860,5,0.8583944411171274,10.250501902691777,10.375264794276449
manga-8248-12704,1-481936,4,0.6134341628280602,10.593421558542019,10.739380073190011
manga-8248-12705,1-482554,4,0.9569618328508227,11.046991213846507,11.098089690363953
manga-8248-1901,1-482004,0,0.9793577050466915,10.011994747364149,10.112631809008544
manga-8248-1902,1-481671,-5,0.8909001548323197,11.071019187668732,11.201902141767569
manga-8248-3701,1-481320,1,0.8195934114427601,9.644109859165773,9.798807349837181
manga-8248-3702,1-481249,-2,0.9965848429018287,10.655401436376765,10.708358853633872
manga-8248-3703,1-605726,2,1.0075740358889078,10.334832560517594,10.351550884365883
manga-8248-3704,1-482580,-5,0.8895128343533578,10.226102345411038,10.40080728933609
manga-8248-6101,1-481021,-5,1.0010021181593771,11.062021173712102,11.100546295413173
manga-8248-6102,1-481824,1,0.8365411718280598,10.748897760442018,10.787253550861044
manga-8248-6103,1-481286,-5,0.9516188143725977,11.066983773372264,11.15208032256562
manga-8248-6104,1-481779,-2,,,9.816001211346748
manga-8248-9101,1-481264,-2,1.0992886984066388,11.370058888071828,11.32727513301343
manga-8248-9102,1-481051,-5,1.0252231358452377,10.8427437669279,10.844042042041016
manga-8249-12701,1-155337,4,0.24687817606120177,8.770170434667932,8.9560838693355
manga-8249-12702,1-137898,7,0.6063193465668952,9.058363242824598,9.255974047588214
manga-8249-12703,1-137908,5,0.7289841626129743,10.472078340921728,10.648116933246111
manga-8249-12704,1-567155,5,0.8785695109699105,10.454125803854957,10.56055578674459
manga-8249-12705,1-137853,-5,0.9794479912239602,10.712489386887007,10.744654353547267
manga-8249-1901,1-137890,3,0.5674536261031484,9.487853076155602,9.622290717367372
manga-8249-1902,1-137915,-5,1.1003333849607664,10.097707001454125,10.084075567778674
manga-8249-3702,1-155558,2,0.6359641360721611,9.482787338170892,9.635162934047173
manga-8249-3703,1-137961,-2,0.6208177743880476,9.498591458277048,9.70959301695839
manga-8249-3704,1-137883,3,1.0632987478158071,10.127107595068335,10.011862130619436
manga-8249-6101,1-155463,3,0.5763398484414672,9.792562272553193,9.943288696637012
manga-8249-6102,1-137875,4,0.24395566872473395,9.84520325778962,10.013709154251222
manga-8249-6103,1-155456,-5,1.1920821671382527,11.039542261471707,10.952907174590493
manga-8249-6104,1-137845,-5,0.9936543167724459,10.713920559171768,10.806168437883498
manga-8249-9101,1-155440,0,0.9190664682744192,10.373510489849021,10.45431423956479
manga-8249-9102,1-155541,3,,,10.82569738593567
manga-8250-12701,1-558248,-2,1.0089372951995443,10.912433722238037,10.970436143865133
manga-8250-12702,1-217331,2,0.5459246939652047,9.58914090297702,9.842274029621707
manga-8250-12703,1-137912,7,0.3894023752690501,8.660978292185606,9.109494176922206
manga-8250-12704,1-585513,11,0.6926829549632458,10.651911373420813,10.733535096663978
manga-8250-12705,1-147394,6,0.38140965217606393,8.663322889708674,8.823834035868611
manga-8250-1901,1-558471,-5,,,10.084275921120174
manga-8250-1902,1-217324,-2,1.1349697256055222,10.13208460036392,10.137834987619994
manga-8250-3701,1-217304,0,1.03486615495558,10.29916978478689,10.30289562052618
manga-8250-3703,1-217300,-5,0.20972150984524163,9.045637290327905,9.206510155993074
manga-8250-3704,1-217171,-2,0.3639942260762048,9.262461746242419,9.417893327083084
manga-8250-6101,1-217221,8,0.499297398757264,9.99847816684234,10.09773612349375
manga-8250-6102,1-217210,6,0.501851705532637,9.358142886569848,9.569534252906639
manga-8250-6103,1-217326,2,0.7353201111157048,9.209114606422405,9.404436856924908
manga-8250-6104,1-558926,3,,,10.382557321908786
manga-8250-9102,1-137844,1,1.034319954230213,10.5802919995911,10.520239787811583
manga-8252-12701,1-138087,9,0.5000097234803853,8.643885982827065,8.887294835133867
manga-8252-12702,1-567187,2,,,10.81537582750341
manga-8252-12703,1-185298,4,,,9.919953646866059
manga-8252-12704,1-185287,3,,,9.681630118688533
manga-8252-12705,1-138021,5,0.5464220219482456,9.768228846546329,9.974669631149307
manga-8252-1901,1-567184,-5,,,9.534903966126953
manga-8252-1902,1-138164,1,0.9692628863201733,9.229157589733106,9.192951959828648
manga-8252-3701,1-138034,1,0.9076856056073019,10.492540194907047,10.446507653927956
manga-8252-3702,1-156011,2,1.0091872377445341,10.83472968345905,10.93260869970841
manga-8252-3703,1-138106,5,0.6675034177628199,9.735082004981638,9.925587951075888
manga-8252-3704,1-138140,-5,0.7391092775748902,10.144451668050639,10.240092249932767
manga-8252-6101,1-138105,5,0.7176444612711386,9.348374647279996,9.540325720067306
manga-8252-6102,1-138102,4,0.6441485274575491,10.007452426564146,10.188168858586696
manga-8252-6103,1-585641,3,,,10.259608211800652
manga-8252-6104,1-567185,2,,,9.963313148515255
manga-8252-9101,1-605973,6,0.8405367662302083,9.768062668791096,9.774413306608347
manga-8252-9102,1-138157,8,0.1303284200597865,9.862251859679962,9.875964813462126
manga-8253-12701,1-274706,4,0.8151058100339483,9.808824924361623,9.88114033308013
manga-8253-12702,1-558442,2,1.0175139666728512,11.249049911939624,11.214690228930824
manga-8253-12703,1-275456,2,0.8758421489686121,10.211328718263301,10.20423396999724
manga-8253-12704,1-274583,4,0.9266905701973727,9.837836741266184,9.876051483187675
manga-8253-12705,1-255308,1,,,11.02703141640793
manga-8253-1901,1-274646,-2,0.919247037429848,10.099417063606609,10.18190358501165
manga-8253-1902,1-255220,0,0.9543066561995452,9.44960664733804,9.569232243298096
manga-8253-3701,1-254394,-2,,,10.215938795344393
manga-8253-3702,1-274658,2,1.1225588427149198,10.321107000203302,10.334974190444381
manga-8253-3703,1-274689,2,0.4817988049562345,9.536099504972366,9.744955266042751
manga-8253-3704,1-274637,-2,1.077153883006794,10.045067373972328,10.090325079401024
manga-8253-6101,1-254940,0,,,9.739736854731051
manga-8253-6102,1-274570,-2,,,10.916850686116065
manga-8253-6103,1-254642,-5,,,11.25310771003719
manga-8253-6104,1-255248,2,1.1137422101089172,10.814033588650084,10.807468052260292
manga-8253-9101,1-274663,-2,0.9943624894254128,10.573985581223255,10.678307098473375
manga-8253-9102,1-274593,4,0.48225681403328835,9.540253895576145,9.73986731136566
manga-8254-12701,1-275354,2,0.8365221377566883,9.90015330349479,9.999720658830322
manga-8254-12702,1-255903,4,,,9.41768920116332
manga-8254-12703,1-276761,5,0.34088377768927103,9.772434584002083,9.916267030099645
manga-8254-12704,1-276547,4,0.47008888598206866,9.8455449663907,10.064701275737697
manga-8254-12705,1-256131,2,0.8673681006559875,10.442274495125945,10.651231479953571
manga-8254-1901,1-277339,2,0.5828324756137313,8.765770251345147,8.979204535972348
manga-8254-1902,1-255878,-2,,,9.740707619187754
manga-8254-3701,1-276544,-2,1.0281833942288827,10.164518647259666,10.239647276039431
manga-8254-3702,1-276563,-5,1.345980167863079,10.55459146335973,10.331880588847257
manga-8254-3703,1-276550,0,0.9946482157261514,9.452100194719451,9.502347901816675
manga-8254-3704,1-611836,4,,,10.588549566405169
manga-8254-6101,1-255890,-2,,,11.195838791593395
manga-8254-6102,1-276679,4,0.6454618179684921,9.461115130246053,9.655229703927864
manga-8254-6103,1-276590,2,1.1139197290837473,11.645662624338161,11.470905663013061
manga-8254-6104,1-255928,2,0.67641361696991,9.204422888454957,9.329269707979511
manga-8254-9101,1-275340,1,1.144018530806484,10.69304759091086,10.66651891653336
manga-8254-9102,1-276562,1,0.6171758995953525,9.223879461205554,9.405131123582137
manga-8255-12701,1-276574,5,0.6000474154736644,9.806020729533483,9.904342205287069
manga-8255-12702,1-255939,5,0.688179038552434,9.725983078678812,9.939381454579376
manga-8255-12703,1-255916,4,,,10.413242748708019
manga-8255-12704,1-256150,4,0.6621336382284824,9.731941098809997,9.755183243699925
manga-8255-12705,1-255958,2,0.888006548638149,10.468335392654582,10.580981965962678
manga-8255-1901,1-256155,1,0.9665260067587766,10.409677103889184,10.4541997967436
manga-8255-1902,1-256210,-2,0.9467254122709399,9.299732394084543,9.454028839300735
manga-8255-3701,1-277328,1,0.444455332104873,9.085413557857628,9.197749067622613
manga-8255-3702,1-277277,8,0.546984819254714,8.716637733117533,8.959649932541883
manga-8255-3703,1-277246,1,0.7097090678909908,9.18006712421198,9.345871462380922
manga-8255-3704,1-277289,0,0.8821889730067873,9.444262652972322,9.595907174138343
manga-8255-6101,1-256446,-5,1.0489948907451954,10.64120935094453,10.65558211087094
manga-8255-6102,1-256203,2,0.8779215530081181,9.762059981343292,9.841301268591362
manga-8255-6103,1-255963,-5,1.1704332765465786,11.087209301586553,11.005347846713136
manga-8255-6104,1-256234,-5,1.1789262065782715,11.288332091797148,11.218430463619232
manga-8255-9101,1-255938,-2,1.0385409150067915,10.748325965172327,10.842118509213806
manga-8255-9102,1-277249,2,,,9.174225581745183
manga-8256-12701,1-277691,4,0.6130781285545233,9.154372576133667,9.335622359835419
manga-8256-12702,1-277162,10,0.4561486507536685,8.721090343520336,8.852113860849762
manga-8256-12703,1-256456,2,0.9966316476041008,10.474752923255014,10.513027054865821
manga-8256-12704,1-558912,-5,0.9069365004577641,11.43520131371933,11.452027302405408
manga-8256-12705,1-587938,-5,,,10.915973590184725
manga-8256-1901,1-277154,-2,0.8510651607001023,9.077868357045931,9.18601783341442
manga-8256-1902,1-256457,-5,0.8086166108064923,9.272726878910868,9.477496033865975
manga-8256-3701,1-277161,-2,1.0289003405524362,10.153125206878814,10.237287308071261
manga-8256-3702,1-277159,2,0.991311182228884,9.503290038059667,9.560194862615596
manga-8256-3703,1-277858,-2,0.9582856784671776,10.463490313954276,10.523013789865864
manga-8256-3704,1-278485,-2,1.0353520915313048,10.931386268798878,10.98294160987303
manga-8256-6101,1-277103,2,0.9317516193160138,10.073979889083871,10.208027289368989
manga-8256-6102,1-255691,4,0.5736899222711322,9.098618042379991,9.311098747712505
manga-8256-6103,1-256048,-2,0.7572177639607673,10.798614270354129,11.095692282839792
manga-8256-6104,1-558910,-2,0.812791055371175,10.754536699163358,10.993071005060516
manga-8256-9101,1-256104,3,1.005815424384096,10.776120229222528,10.853880650124543
manga-8256-9102,1-255959,10,0.5759685205700578,10.253580723215917,9.575612691231825
manga-8257-12701,1-277290,3,0.45686567185969196,10.092716359913217,10.342298296864744
manga-8257-12702,1-277521,7,0.5691690989156974,9.294177484574572,9.467328350569096
manga-8257-12703,1-278153,4,0.6942108855476405,9.933240681144335,10.064098424297946
manga-8257-12704,1-277539,-5,0.9684660650347041,10.578418466985044,10.69822063450666
manga-8257-12705,1-277552,5,0.9034057909418856,10.351614957977066,10.445189947227005
manga-8257-1901,1-277462,-2,1.0189447570156602,9.220878758539037,9.241250043191855
manga-8257-1902,1-278081,1,1.0262716536900207,10.412418531765033,10.465232607166069
manga-8257-3701,1-256185,-5,1.0007303323160102,10.66602167738387,10.754073756466
manga-8257-3702,1-277516,-5,1.0524335426961535,11.098907075151882,11.149763948934586
manga-8257-3703,1-278062,2,1.0098497519068914,10.21675564176799,10.066303557688261
manga-8257-3704,1-277293,10,,,8.694027510305718
manga-8257-6101,1-277272,2,0.7228036474202213,9.998866221316478,10.120198696642312
manga-8257-6102,1-277254,3,0.6646866926372113,9.256777747274512,9.476696886508778
manga-8257-6103,1-277453,3,0.8916851622417994,10.841536168218832,10.932448903650618
manga-8257-6104,1-278075,-5,1.0548017489018235,11.56189904097676,11.56717581306927
manga-8257-9101,1-277271,4,0.6943450912929237,9.53798748360587,9.675175041461392
manga-8257-9102,1-278057,3,0.89994127878035,10.551162629559876,10.538421653848276
manga-8258-12701,1-256190,5,0.6259207622485903,9.626197020930695,9.817215545630134
manga-8258-12702,1-256546,5,49.303245668835935,16.621717916563277,9.38486394319737
manga-8258-12703,1-256574,5,0.6962150003690049,10.41908440923104,10.546431608077343
manga-8258-12704,1-256293,2,1.0966284901089196,10.722030896650086,10.734633438137555
manga-8258-12705,1-256002,3,0.8159772833201728,10.114523902433106,10.16454021640721
manga-8258-1901,1-277213,1,0.6091564838909918,9.057039289811982,9.293945642715663
manga-8258-1902,1-256381,0,0.8631716583958067,9.531959844407048,9.666678003561946
manga-8258-3701,1-256182,4,0.46845990981327645,9.207327944443652,9.469499487799371
manga-8258-3702,1-277253,7,0.648586485730192,8.699832800790974,8.89745278878467
manga-8258-3703,1-256506,-5,0.9816926876947321,10.922277147342975,11.01593368435272
manga-8258-3704,1-256496,8,0.2577689317681866,9.842463873745054,9.952903786329385
manga-8258-6101,1-278537,7,0.391132276269051,8.622082051285602,8.852135837523605
manga-8258-6102,1-256009,0,1.1364066093793888,10.93090542654459,10.888822313140265
manga-8258-6103,1-256287,-5,1.0527169422033182,11.102300780335913,11.172976357270617
manga-8258-6104,1-256283,-2,1.1560147784066395,10.696409536071826,10.64689068642738
manga-8258-9101,1-587908,2,,,10.591076856185296
manga-8258-9102,1-256301,3,1.3735371503964693,13.33477951871346,12.852284761229926
manga-8259-12701,1-257984,6,0.44733469234911993,8.799817807903366,8.986345737723191
manga-8259-12702,1-257825,4,0.784953998269053,9.611567761485606,9.79585639108162
manga-8259-12703,1-257940,6,0.5452270323711801,9.036409589863364,9.27019886773117
manga-8259-12704,1-257957,7,0.42820323343992683,9.22057366474797,9.459922968009623
manga-8259-12705,1-281234,-5,1.068467391869202,11.231380892266333,11.265537117329515
manga-8259-1901,1-280965,-2,0.8667736444359768,9.336705334832988,9.432978906143948
manga-8259-1902,1-257652,-2,0.7767949198022315,9.37417824292369,9.504266920494004
manga-8259-3701,1-257999,0,1.0124444913500525,10.423929748622966,10.47894723809403
manga-8259-3702,1-257813,2,0.8385333370264973,10.225429296203817,10.364522854411044
manga-8259-3703,1-257854,-5,1.0491776421760655,11.037227318708675,11.106911289508494
manga-8259-3704,1-258007,-5,0.734155196467178,10.503343447754276,10.570567455813901
manga-8259-6101,1-281050,5,0.40876348011570585,9.424047404322407,9.682850570160655
manga-8259-6102,1-257627,3,0.9594491173650503,9.860167889876518,9.93576716014793
manga-8259-6103,1-281037,2,0.9206743443582646,10.883555262864663,11.004136436761355
manga-8259-6104,1-257953,2,0.6150210437778156,9.611963326235186,9.75724187245103
manga-8259-9101,1-257822,6,0.22812787418219216,8.624153563395517,8.753636672186216
manga-8259-9102,1-257623,4,0.828681477227466,10.716004129290301,10.817397436337107
manga-8260-12701,1-281312,5,0.6315237534768094,9.66516166166534,9.876765560837251
manga-8260-12702,1-281907,7,,,9.088844562727004
manga-8260-12703,1-281931,7,0.5588382260173503,9.27596998434252,9.52716055776379
manga-8260-12704,1-281404,6,0.37107775658855857,9.249530961233226,9.510628107990343
manga-8260-12705,1-281883,6,0.5317176931593757,9.003301086212101,9.236527184933701
manga-8260-1901,1-281125,-2,0.7238468092732901,9.051662886893276,9.248495577715683
manga-8260-1902,1-281105,-2,0.7348430842955445,8.937315233589418,9.120712093834475
manga-8260-3701,1-281900,-5,1.0077657457149236,10.714262597503305,10.811599802841412
manga-8260-3702,1-281351,-5,1.07360977302179,10.476288137625879,10.454581155594092
manga-8260-3703,1-281935,4,0.5236737032232064,9.144160655884516,9.350366269927404
manga-8260-3704,1-281927,0,0.7574082375796891,9.765527561206053,10.015384906870969
manga-8260-6101,1-281126,5,0.17431943323995824,9.370503947698477,9.671025583588463
manga-8260-6102,1-281886,2,1.1340364388909911,10.925744020311981,10.866802278293843
manga-8260-6103,1-257903,7,0.522110000217836,9.136979035300167,9.320019511803874
manga-8260-6104,1-281828,3,0.6036868725700621,9.37151784641592,9.590998901096228
manga-8260-9101,1-258373,3,0.6140256781973719,10.558366624066183,10.656191186682035
manga-8260-9102,1-257910,-2,0.8436373031042095,9.322856274732608,9.521029496509595
manga-8261-12701,1-281439,-5,1.122532304093646,10.84462713476241,10.819425475437873
manga-8261-12702,1-258425,-5,0.9351198362417996,10.788451301618833,10.925256382696341
manga-8261-12703,1-282147,6,0.11823859629252809,9.189070578554503,9.2402496315188
manga-8261-12704,1-282144,5,0.6338419143868457,9.878031517823333,10.021267878581112
manga-8261-12705,1-575847,4,,,10.340497654695087
manga-8261-1901,1-258311,-2,0.5960877483457949,9.061169505396256,9.232520920295707
manga-8261-1902,1-282151,-2,0.963427366968979,9.949286743635358,10.068894260142644
manga-8261-3701,1-575838,1,,,10.752976768277534
manga-8261-3702,1-575845,-5,,,11.1936921508965
manga-8261-3703,1-258477,-5,1.0843797531525894,11.079893613539777,11.11485441443806
manga-8261-3704,1-258685,-5,0.9897243248405303,11.047716280649961,11.10750166327304
manga-8261-6101,1-258118,-2,0.9758135689569905,11.055145459495789,11.125015817038152
manga-8261-6102,1-258315,3,0.7605561957874478,9.867764162725322,9.949527104946167
manga-8261-6103,1-258380,2,0.7332760218596945,10.650672824913219,10.745176323386621
manga-8261-6104,1-258401,2,0.6907087336982372,9.204476031706733,9.399476427387206
manga-8261-9101,1-258455,0,1.021115602728777,10.717726898182075,10.77322383753026
manga-8261-9102,1-282186,2,0.53599891327584,9.099116486657929,9.348016536044211
manga-8262-12701,1-282509,6,0.88394351714145,9.885120840323735,9.865336168271428
manga-8262-12702,1-258671,4,0.7565878581157044,9.406316924122406,9.537384583299257
manga-8262-12703,1-258589,5,0.5153369439555746,9.448356824686888,9.678127611398677
manga-8262-12704,1-258726,5,0.6223910012676335,9.8592693014767,10.041617670375892
manga-8262-12705,1-258631,4,0.9319431387122634,10.844706838802608,10.803149039719681
manga-8262-1902,1-282035,1,0.34557252409977224,8.87784130726902,9.119410966759286
manga-8262-3701,1-258306,3,0.4538452533295896,9.248979109868054,9.458196532741107
manga-8262-3702,1-258249,-2,0.6739596389522831,9.945272622238779,10.135654127878727
manga-8262-3703,1-258667,0,0.9733766403958022,10.661128660607046,10.700779841776537
manga-8262-3704,1-282021,3,0.5783705945700568,8.667839996615916,8.866044420776129
manga-8262-6101,1-282020,7,0.47566835655856465,8.94722480894589,9.11517766552625
manga-8262-6102,1-282527,-2,1.1213939636874741,10.291883622380617,10.321521795684154
manga-8262-6103,1-282043,0,1.0867408471995468,10.393450205438041,10.428125070909159
manga-8262-6104,1-258653,-2,0.9564052260701672,10.900735423733048,11.015829009352116
manga-8262-9101,1-258213,0,1.0561753160347038,10.962831431085045,10.970081289525705
manga-8262-9102,1-589908,3,0.36697513559797557,9.990986010568175,10.128431581093247
manga-8263-12701,1-258777,6,0.7759881954114647,9.70015476094608,9.79992197681093
manga-8263-12702,1-258760,7,0.8348377989751867,9.817229651001368,9.802380972899002
manga-8263-12703,1-590053,8,,,9.952532853948096
manga-8263-12704,1-258737,4,0.5357069940213535,9.02286260099529,9.208288143862555
manga-8263-12705,1-258607,5,0.7634882501048743,10.643571951657627,10.79589321969565
manga-8263-1901,1-620115,2,0.4592703873007409,9.196916048596199,9.435325067364044
manga-8263-1902,1-258747,-5,0.8516312173521321,9.608268487717352,9.779685216780814
manga-8263-3701,1-282106,1,0.7639741469686143,9.625750540063303,9.693821885518092
manga-8263-3702,1-282114,-2,1.0164256936621072,11.066715621932545,11.123818986018996
manga-8263-3703,1-258748,3,0.5914675686205229,9.258472476317475,9.47456152207813
manga-8263-3704,1-258782,0,0.8601400058452349,9.405747803927898,9.56540031208193
manga-8263-6101,1-258823,5,0.683392992552438,9.472137460078816,9.691301679322569
manga-8263-6102,1-258804,6,0.3719409357618808,8.995754903001568,9.225598714913453
manga-8263-6103,1-258750,2,1.122116270093649,10.216560465362413,10.218777004517596
manga-8263-6104,1-282762,2,0.8980996676115609,10.379974009112829,10.415665996138891
manga-8263-9101,1-282150,3,0.5553727898569498,9.038919464112421,9.233833414884433
manga-8263-9102,1-575826,-5,,,11.005652315355073
manga-8309-12701,1-196597,3,0.9555468479111475,10.686287465373772,10.613806950116228
manga-8309-12702,1-196737,-5,,,11.40831629942989
manga-8309-12703,1-576558,1,,,10.908565436336875
manga-8309-12704,1-196929,-2,1.0172123176750247,11.222523009511482,11.304242719659696
manga-8309-12705,1-196861,5,,,9.537587888169632
manga-8309-1902,1-196863,-5,0.8929816311284995,10.483118446062898,10.661840719807795
manga-8309-3701,1-196753,-5,,,10.762896031550492
manga-8309-3702,1-244763,4,0.7848882431708759,11.401607716062365,11.439522162813956
manga-8309-3704,1-197017,-2,1.13381623990513,10.857834138604368,10.8796961333469
manga-8309-6101,1-576467,1,,,10.720052991650274
manga-8309-6102,1-196580,-5,0.7464678067536745,10.672007103120341,10.97400433581374
manga-8309-6103,1-197013,1,0.4512990968783477,9.1939374865474,9.345779405398568
manga-8309-6104,1-197044,2,0.48060562164164367,9.617102476757864,9.805592600822946
manga-8309-9101,1-244805,-5,,,11.135368029277618
manga-8309-9102,1-245472,2,0.9548235137138938,10.828802527624836,10.772681757753832
manga-8310-12701,1-495026,5,0.3440426085040649,8.836856441871653,9.08601083098211
manga-8310-12702,1-494684,3,0.7557478946319272,9.7307239508298,9.771433135621676
manga-8310-12703,1-495795,2,0.783139235510852,10.668235266243974,10.822344639121274
manga-8310-12704,1-495018,-2,1.150638894565354,10.601493960437981,10.55721356289851
manga-8310-12705,1-495360,5,0.8516528902398406,9.102309950481231,9.104688506231746
manga-8310-1901,1-519907,3,1.1543828938313858,9.779864302749132,9.760624504000454
manga-8310-1902,1-516580,3,0.6178357805516796,9.190908234715856,9.338336946561073
manga-8310-3701,1-495383,1,49.548825466835936,17.795715558363273,10.249902444431394
manga-8310-3702,1-495856,2,0.8309493682758387,9.195261207157927,9.365910841691958
manga-8310-3703,1-516559,-5,0.6647122000933727,10.01722356372829,10.351856192131628
manga-8310-3704,1-495351,4,0.43018029332798946,8.656338418862967,8.880408824118456
manga-8310-6101,1-495366,-5,0.945650494476137,10.934112253619386,11.061833073926083
manga-8310-6102,1-495379,-5,1.0002615320173476,10.562532548942519,10.637530755394401
manga-8310-6103,1-495023,3,0.5287274469161609,8.746053966284368,8.94967878963704
manga-8310-6104,1-495356,-2,0.9788401946900258,10.623890354865036,10.714473941698756
manga-8310-9101,1-495825,6,0.49786018876818616,9.975336492445054,10.081656893333548
manga-8310-9102,1-516581,-2,0.9380748587628176,11.118076618081634,11.179537429337712
manga-8311-12701,1-568570,3,0.7658414608003632,10.500292566384488,10.615768093579302
manga-8311-12702,1-519381,1,0.9891459514876395,10.233599831209188,10.31636879040899
manga-8311-12703,1-523105,5,0.6224912255734729,10.157975159462667,10.304708051377888
manga-8311-12704,1-523117,5,0.5972232717792352,9.025927008344091,9.18783363851598
manga-8311-12705,1-522742,5,0.5567951868874914,9.603971007308694,9.86010911800045
manga-8311-1901,1-523154,0,0.9972532444784932,9.878542515747892,9.99371082941505
manga-8311-1902,1-519393,0,1.074644118269056,9.986194173485607,10.032276185782852
manga-8311-3701,1-519412,0,0.9702894225653544,9.692973045237983,9.786737938937641
manga-8311-3702,1-522735,7,0.5300771569607612,8.63513208665412,8.868992204846998
manga-8311-3703,1-626924,2,0.6531846172205853,10.532017739600967,10.619407454110318
manga-8311-3704,1-519429,2,1.101059148937285,10.502334632624763,10.527722677912415
manga-8311-6101,1-519444,1,1.0486755184202181,11.069261187416476,11.042351023011646
manga-8311-6102,1-519407,0,0.9547007524005124,10.509616965984986,10.624753271451036
manga-8311-6103,1-522789,-2,1.0357630742239614,10.768510382187007,10.798752130071676
manga-8311-6104,1-568584,2,49.52277956083594,17.726303053763278,10.356536379154969
manga-8311-9101,1-519271,2,0.5087860054958497,9.253391508590418,9.456560359205065
manga-8311-9102,1-522749,-5,0.9979556313486384,11.222927715314068,11.246693034218326
manga-8312-12701,1-210866,7,0.9344724953725958,10.749686250472266,10.694892878561475
manga-8312-12702,1-210923,3,0.6157846965748917,10.195270120950642,10.32216552161204
manga-8312-12703,1-211017,3,0.5628731791621249,10.272231226491972,10.408085559750434
manga-8312-12704,1-633990,2,0.74773582121259,10.077653622874926,10.204027685271576
manga-8312-12705,1-211023,2,0.9201007974768061,10.113976602065337,10.220466363976762
manga-8312-1901,1-210846,1,0.8337968058323248,9.485105171768737,9.648624410940563
manga-8312-1902,1-211084,-2,1.0317439260701704,10.225540593733047,10.309538615312363
manga-8312-3701,1-211006,-2,1.2325006319391711,10.396191153123699,10.315489628120467
manga-8312-3702,1-135095,1,0.9341256101239139,9.811598573303634,9.878351720978301
manga-8312-3703,1-211044,2,0.9903956133749503,9.498714147361234,9.597225543097396
manga-8312-3704,1-210754,2,0.9908018014301234,10.21526796064073,10.319164377914339
manga-8312-6102,1-210972,2,0.9698938676947328,10.287136805342975,10.347029320906369
manga-8312-6103,1-135152,2,0.6978582761382519,9.119632113371706,9.297878640633995
manga-8312-6104,1-135077,3,0.7402553871565374,9.231311206994292,9.356341419126194
manga-8312-9101,1-210785,-5,0.9529286396041066,10.64707683045502,10.765492715568355
manga-8312-9102,1-210774,-5,1.0229504402925258,10.6715875989545,10.766725813046413
manga-8313-12701,1-247977,4,0.49757998232958656,10.07050340376805,10.307857443001623
manga-8313-12702,1-248388,5,0.282992640779149,10.09273252930616,10.278824453746253
manga-8313-12703,1-248348,4,0.6423811563337587,10.329221072156832,10.479937910533463
manga-8313-12704,1-569216,2,1.0214156222403794,10.708074180949465,10.752925374795616
manga-8313-12705,1-248233,2,1.0465425317499033,10.732451310222471,10.747983239903979
manga-8313-1901,1-248352,1,0.4630683363725936,9.160305583572264,8.876042816993406
manga-8313-1902,1-248419,1,0.5282615807587732,9.02342382728918,9.222404291082455
manga-8313-3701,1-633587,-5,0.9953544611103347,10.690239140058985,10.821129502609093
manga-8313-3702,1-248328,-5,,,11.069401667651535
manga-8313-3703,1-248415,-5,0.5629982011805055,9.397321807152498,9.488267204529938
manga-8313-3704,1-633591,-5,0.9760907064603899,10.701191810081953,10.78963499558202
manga-8313-6101,1-248389,3,0.9865589494301155,10.467880487440723,10.536519303805253
manga-8313-6102,1-248289,3,1.016487007715856,10.528743991522905,10.600357481456534
manga-8313-6103,1-247976,-2,0.4017249358813615,9.404127369721849,9.647200997821288
manga-8313-6104,1-210112,9,0.23594476013145993,8.89891921909938,8.963521504303634
manga-8313-9101,1-247980,4,,,10.593626057388397
manga-8313-9102,1-248357,3,0.9849846137322764,10.470402458085363,10.524974795716311
manga-8314-12701,1-569214,6,0.2663609130243252,10.058141708371497,10.306495795700119
manga-8314-12702,1-594165,3,,,10.864393592070208
manga-8314-12703,1-248638,4,0.9452987027165207,11.269751893129317,11.329786231417012
manga-8314-12704,1-594358,5,0.8238672184733034,10.169602821441117,10.287237228115396
manga-8314-12705,1-248848,4,1.029115229109042,10.489321317467333,10.415525886616027
manga-8314-1901,1-248544,-2,0.9864119411525856,9.455997324339775,9.574136643736889
manga-8314-1902,1-564487,-5,0.9098678912518778,10.243249313699726,10.32174337820423
manga-8314-3701,1-200241,0,0.9526518119689769,10.125628053135358,10.247280787778053
manga-8314-3702,1-199775,-2,0.7180594747001017,9.80125365444593,9.95631445185644
manga-8314-3703,1-248249,-5,1.0995971862772578,10.54556379826683,10.568141857728607
manga-8314-3704,1-248618,0,0.9429802868874937,10.346987537308696,10.453062887544034
manga-8314-6101,1-248634,4,0.3319021729632432,9.60298697722081,9.839193871778672
manga-8314-6102,1-200287,9,0.619650309430515,9.381677483992096,9.576920407298369
manga-8314-6103,1-248276,-2,0.9678817047423571,11.456739903726726,11.459556825060305
manga-8314-6104,1-248661,-5,1.0114187687149254,11.080696646803306,11.136086097384098
manga-8314-9101,1-248577,5,0.4638497815169771,9.003698288330815,9.237030726500526
manga-8314-9102,1-200281,-5,1.0661949070701695,11.018891340833047,11.068983191890142
manga-8315-12701,1-560834,-5,0.9885680799032457,10.649774237405433,10.717549848887886
manga-8315-12702,1-236745,-5,1.1263658719842482,11.21247406842303,11.201296050321886
manga-8315-12703,1-322802,2,0.9403646425319785,10.833373508084371,10.868807194864548
manga-8315-12704,1-322806,3,0.8494613828024455,10.083952749078875,10.172091867626747
manga-8315-12705,1-322787,3,0.3826415260774034,10.276418670696131,10.468821250406599
manga-8315-1901,1-322680,-5,0.9040458334843464,9.558503364500613,9.722494893147351
manga-8315-1902,1-323026,0,1.0965856382479267,9.990564867345212,10.029054888201664
manga-8315-3701,1-322679,1,0.8860264043875965,9.725424927025818,9.848227924551598
manga-8315-3702,1-322671,-5,0.9824431326961509,10.562994384151878,10.687315774645734
manga-8315-3703,1-560826,1,0.7199389906855842,10.966644662881677,11.18219773637594
manga-8315-3704,1-323055,-2,1.0409516973007413,10.255035929596199,10.32589109598627
manga-8315-6101,1-322974,3,0.4318618562840477,9.452873833939156,9.6725051644665
manga-8315-6102,1-560832,-5,,,10.701820890098084
manga-8315-6103,1-322768,-2,1.083381570847319,11.214775517922286,11.155733705533914
manga-8315-6104,1-633211,-5,1.0076428231420245,10.981530841469578,11.064072194373361
manga-8315-9101,1-322784,-2,0.8472982932847124,10.51177416774557,10.589985325880555
manga-8315-9102,1-236776,1,0.7340721067587701,9.831831813889178,9.95941491580005
manga-8317-12701,1-259185,-5,1.0945871938020524,11.26850490862751,11.285732791527106
manga-8317-12702,1-259136,-5,1.0716126362955478,10.85239543678942,10.825721389550406
manga-8317-12703,1-259108,3,0.7745739877749784,10.685042342017379,10.762349905751186
manga-8317-12704,1-259142,3,1.0111936891042106,11.04482278733261,11.083592192787561
manga-8317-12705,1-259104,5,0.5551555502288856,9.260937466859668,9.490814979383861
manga-8317-1901,1-283711,-2,0.3906192568719469,11.847628698465973,12.411587721858545
manga-8317-3701,1-284174,-2,0.918045765903905,9.444688108171146,9.559548752971896
manga-8317-3702,1-259117,-2,49.65128025483594,18.11899416916328,10.732675155803872
manga-8317-3703,1-259538,0,0.9602411841103375,9.962568139358988,10.098079295445824
manga-8317-3704,1-284230,-5,0.9462656412584884,9.939795343715407,10.087341223263559
manga-8317-6101,1-259195,5,0.5665118970802503,9.380067201413947,9.572109176187029
manga-8317-6102,1-259537,4,0.569317855536589,10.707590175624368,10.805536877959698
manga-8317-6103,1-259368,-5,1.0020530556242946,11.205028158415347,11.254700307255831
manga-8317-6104,1-284197,6,0.6118776790936487,9.072821227262414,9.31761419263232
manga-8317-9101,1-259175,3,0.6427156924276751,10.153557274674288,10.255882501533511
manga-8317-9102,1-259160,6,0.4592017900347045,9.044922184485044,9.261155769277295
manga-8318-12701,1-259650,-2,1.0741392959992417,11.298500511476579,11.287259642967399
manga-8318-12702,1-284329,4,,,10.235864137869875
manga-8318-12703,1-284485,4,49.45191912283593,18.06647766796327,10.74269999961296
manga-8318-12704,1-284317,6,0.5712727300529927,9.359370862007633,9.57872972629736
manga-8318-12705,1-259908,5,0.32618643816049087,9.692464343227883,9.971886493841842
manga-8318-1901,1-284321,-2,1.3057393199699092,10.061956525754956,9.87725440468955
manga-8318-1902,1-284349,-2,1.0194109438692003,10.235055335466333,10.322731873230497
manga-8318-3701,1-259893,1,1.004245106374949,10.418650593661232,10.526162162874398
manga-8318-3702,1-284284,4,0.583406829211043,8.950992260527839,9.18326414798012
manga-8318-3703,1-260010,2,1.0088955904996162,10.118609442488285,10.181480571800442
manga-8318-3704,1-575704,2,,,10.00027785956284
manga-8318-6101,1-284291,3,0.5592666483610103,10.376092172904997,10.52997288345928
manga-8318-6102,1-284293,1,49.507164606835936,18.575476372363276,11.195229713886794
manga-8318-6103,1-284335,0,0.8430933793007398,9.338371435796198,9.388724474912744
manga-8318-6104,1-284525,2,0.6505694213091289,9.510439317634074,9.702431398140071
manga-8318-9101,1-259618,6,0.3656275283923023,9.605364521603756,9.78998309412361
manga-8318-9102,1-284522,4,0.5614248470156653,9.528908017539042,9.76740152560473
manga-8319-12701,1-285095,-5,1.076383321349116,11.080110591803363,11.123292903081836
manga-8319-12702,1-285052,2,1.0462498914406808,10.485663768710925,10.515995640937058
manga-8319-12703,1-285066,-5,1.0550742794843515,10.57780966310062,10.648769713584034
manga-8319-12704,1-285136,4,0.5285462837272661,10.187495111035235,10.399315410532685
manga-8319-12705,1-234618,5,0.9838194049139872,10.627599688691578,10.597767562307965
manga-8319-1901,1-234388,-5,0.9592910261368282,9.9894758910628,10.068389969301602
manga-8319-1902,1-285062,-2,0.702722512984252,9.703640561523033,10.092829380092908
manga-8319-3701,1-285065,6,0.2860852108596994,9.506059984813223,9.748882342872555
manga-8319-3702,1-234004,-2,0.9924158391171325,10.086847664491781,10.185921607176434
manga-8319-3703,1-234362,0,0.696994221130705,10.47410153207596,10.618923129009223
manga-8319-3704,1-234431,3,0.7468337000332852,9.460629718176142,9.643350012929748
manga-8319-6101,1-285144,-5,0.9689632448003564,10.873523200784483,10.900690953342862
manga-8319-6102,1-234408,4,0.8140759571805063,10.2967471467525,10.420241331171031
manga-8319-6103,1-234632,-5,1.2372479523725985,10.865900049172266,10.726670983399785
manga-8319-6104,1-234629,-5,1.144731117970938,10.616049465954543,10.640508408105992
manga-8319-9101,1-234341,4,,,10.632759876844247
manga-8319-9102,1-575733,-5,,,11.258601369347105
manga-8320-12701,1-519706,4,0.6005757199687061,9.41246707130124,9.626590810170551
manga-8320-12702,1-523065,5,0.9562104614330451,10.145771355858635,10.034684594481185
manga-8320-12703,1-523033,6,0.3608202449343523,9.43481238870855,9.675346581342055
manga-8320-12704,1-523027,4,0.6486508142342515,9.49197842658355,9.705119302618629
manga-8320-12705,1-519746,5,0.5240194988500626,10.176186652323082,10.383661002495032
manga-8320-1901,1-523238,-5,1.0696297471462657,10.140870535177253,10.177498984500502
manga-8320-1902,1-519705,-5,0.8575315070931673,9.104286524573112,9.244027112999692
manga-8320-3701,1-519738,-2,0.9950130119182425,10.425276206239218,10.49706240571086
manga-8320-3702,1-523108,2,0.8859200938268579,9.732896776188305,9.701048766288626
manga-8320-3703,1-592049,-2,,,10.569332936504784
manga-8320-3704,1-519742,2,0.7962295713725958,9.312637882072263,9.48194256761632
manga-8320-6101,1-523004,2,0.8854209804202213,9.974911011616479,10.072308731153335
manga-8320-6102,1-519707,2,0.8415489995902519,9.941683964476251,10.179752806897499
manga-8320-6103,1-519720,0,1.094696963571014,10.388737463934792,10.432414449919934
manga-8320-6104,1-627332,6,0.39189050964777294,9.21452477104471,9.439675256519017
manga-8320-9101,1-523050,5,0.2677268700163289,9.658982703945453,9.907893224727864
manga-8320-9102,1-532459,4,0.9997734063629693,10.816239207282134,10.880376792452267
manga-8321-12701,1-403623,7,0.5831906521565386,9.578994378494292,9.816897218982488
manga-8321-12702,1-403615,6,0.4681056487566906,9.200038153594793,9.444283748355293
manga-8321-12703,1-401670,4,0.6705196061743806,9.42554555916566,9.651151972757688
manga-8321-12704,1-624479,2,0.9183489433768344,9.465499455560169,9.636404640239654
manga-8321-12705,1-624536,3,0.46980895154657887,9.081592924086552,9.244751986680525
manga-8321-1901,1-404397,-5,1.0473685609842462,9.233022638323028,9.257752950428028
manga-8321-1902,1-457237,-2,0.7172024720265,8.83305244470382,9.090258052931317
manga-8321-3701,1-457252,1,0.8531653292101105,9.120826940708241,9.288220152362703
manga-8321-3702,1-404141,3,0.5136016447846039,8.73929139400751,9.007329493536542
manga-8321-3703,1-403620,-5,0.822778740138915,9.39220970095719,9.531832595259027
manga-8321-3704,1-403585,-5,,,10.475817865033177
manga-8321-6101,1-404179,-2,0.9328634132676292,9.364747250676698,9.4933144242574
manga-8321-6102,1-457251,0,1.02773598865598,9.963050995925938,10.035401718281838
manga-8321-6103,1-403707,3,0.8168483793768395,9.177982123160174,9.364019761992314
manga-8321-6104,1-403672,3,0.6379133883241295,9.6969949500667,9.894549211795898
manga-8321-9101,1-403634,2,0.7890393575298909,9.513095382089979,9.695495685763658
manga-8321-9102,1-403797,3,0.9003872480475295,9.892099607506276,9.912404347531893
manga-8322-12701,1-624909,6,0.49682515510165715,9.365666634567955,9.556996816633642
manga-8322-12702,1-401725,-5,0.982244142349117,10.582190682903363,10.68618565610791
manga-8322-12703,1-419251,5,0.46645579650406077,8.921844772671648,9.142855425557114
manga-8322-12704,1-625154,5,,,10.513972296622335
manga-8322-12705,1-575232,2,1.0525414414761443,11.028498211319391,11.093652780406904
manga-8322-1901,1-625070,2,0.6956843847547312,9.928706874617657,10.07551776414341
manga-8322-1902,1-575202,1,,,10.006359059989324
manga-8322-3701,1-419028,3,0.44247728955026133,10.416942727386024,10.638996137125414
manga-8322-3702,1-575209,-5,,,10.955826240755615
manga-8322-3703,1-421145,-2,0.9584013205418707,9.750416541769079,9.879100469113675
manga-8322-3704,1-401759,3,0.7710430723809445,9.476586861611594,9.482885012260533
manga-8322-6101,1-401783,3,0.8156664372178319,10.439020872000164,10.549798739610761
manga-8322-6102,1-401757,2,0.5546442280313215,10.22454205447807,10.370914446062606
manga-8322-6103,1-419067,9,0.40053102174377386,9.287175715735625,9.462273682032222
manga-8322-6104,1-418974,3,1.0779987905381034,10.144775108371212,10.142477067121145
manga-8322-9101,1-591611,7,,,9.535101620356746
manga-8322-9102,1-419231,4,0.6239083636014797,9.804690857092396,10.007615507084804
manga-8323-12701,1-591379,6,0.32977796539909576,9.303448576976084,9.52553198062993
manga-8323-12702,1-405707,7,,,8.679114328216064
manga-8323-12703,1-591308,4,,,9.525386922230714
manga-8323-12704,1-405813,4,,,9.364357724140833
manga-8323-12705,1-624367,3,1.0754173823840922,10.582134687022528,10.605947929397658
manga-8323-1901,1-410131,-2,1.0546968875796878,10.18794831620605,10.246665963642275
manga-8323-1902,1-624448,-2,0.9823291138569488,10.61659885251242,10.692636327900194
manga-8323-3701,1-402850,-2,0.7174819323521362,9.037125574217354,9.206998480527899
manga-8323-3702,1-402833,-2,1.0622101082033204,9.866900790935915,9.938958801021302
manga-8323-3703,1-402898,-2,0.7823633270332877,10.524832383876143,10.641284685076046
manga-8323-3704,1-415513,0,0.6561805831307055,9.089386506275961,9.28430663197715
manga-8323-6101,1-415476,2,0.9524164294733026,10.639017541541117,10.685442554424016
manga-8323-6102,1-402872,-2,0.9688495215902506,10.230169554676246,10.342590444010776
manga-8323-6103,1-405760,3,0.9076750358022281,9.934069618523687,9.974084096007056
manga-8323-6104,1-405673,4,,,8.857310781164287
manga-8323-9101,1-405698,-5,,,10.71738920208297
manga-8323-9102,1-405588,4,0.41905986952989593,9.135659561289984,9.360720237810593
manga-8324-12701,1-285021,2,0.88051104919737,10.190522040166181,10.235939821784239
manga-8324-12702,1-284982,2,0.9874580526381465,10.632951799054581,10.663860106121733
manga-8324-12703,1-284971,5,0.3959418826714334,9.947351088309793,10.177775945152018
manga-8324-12704,1-284973,4,0.5091494865979769,9.408061104668175,9.616535376233017
manga-8324-12705,1-284929,7,0.6515546514168378,9.310626173830435,9.387078232887827
manga-8324-1902,1-284505,0,1.2607788404301132,10.066470955540721,9.937894351388984
manga-8324-3701,1-259952,-5,1.0618213681027946,10.614744992963244,10.628964882297744
manga-8324-3702,1-285081,6,0.7015040719632388,9.082471678120806,9.254613325134489
manga-8324-3703,1-285155,-5,,,11.16466805107041
manga-8324-3704,1-285048,-2,0.8265356794747234,9.451818043850022,9.62122095570386
manga-8324-6101,1-284271,0,0.9793912085258469,11.245854325197524,11.212589740049427
manga-8324-6102,1-284990,5,0.7650917430462023,9.128721001635308,9.29993854617155
manga-8324-6103,1-576535,6,,,9.677845931398902
manga-8324-6104,1-575726,2,,,10.444719146975807
manga-8324-9101,1-284292,5,0.4252416965748864,9.886374820950639,10.077549580451793
manga-8325-12701,1-286558,4,0.6592206806855891,9.600816401881682,9.7258773445351
manga-8325-12702,1-234997,7,0.1217658679781195,9.246624538536185,9.275817927877538
manga-8325-12703,1-235398,3,0.8593827169507762,10.330102135871014,10.324549947702556
manga-8325-12704,1-320324,-2,0.9343401626479277,11.188801559385212,11.291590492780141
manga-8325-12705,1-235385,4,0.5865859929781223,9.436287176036188,9.684493476487987
manga-8325-1901,1-235239,0,,,9.79943429179531
manga-8325-1902,1-235257,-2,,,9.60195792013088
manga-8325-3701,1-235018,2,0.3871127723242189,9.141945387365098,9.174879335700874
manga-8325-3702,1-235136,7,0.5786287187536736,8.669183642320341,8.896295230454033
manga-8325-3703,1-235270,7,0.4870858939536191,9.481092825030682,9.62867189566209
manga-8325-3704,1-235307,-2,0.9094945997536783,9.603108379420345,9.711247767404583
manga-8325-6101,1-234980,-5,1.0670862954066322,10.45434252077182,10.5055420235176
manga-8325-6102,1-235301,-5,1.0325410080619548,10.720087093951815,10.790891485880067
manga-8325-6103,1-320328,-5,0.9754650220353618,10.467182046105933,10.550801488096814
manga-8325-6104,1-320337,-5,0.9562773939687084,10.93729250470124,11.007615507084804
manga-8325-9101,1-235186,2,1.046593615013581,10.64510491384465,10.66919968894272
manga-8325-9102,1-235306,2,0.8517409807247276,10.760090076989615,10.840146886097822
manga-8326-12702,1-235575,4,,,9.723798703054827
manga-8326-12703,1-320606,5,0.3728980144467151,9.952224490520292,10.196405573475467
manga-8326-12704,1-320642,6,0.6565434195350868,9.143054121016528,9.338219359870257
manga-8326-12705,1-320922,6,0.4738302599727504,8.966187617352999,9.135269440548269
manga-8326-1901,1-320681,-2,1.0983608179901942,10.279686212356975,10.306148921530312
manga-8326-1902,1-235587,-2,,,10.239487173928591
manga-8326-3701,1-235530,-2,1.1945202326726694,10.321961815902743,10.253524576155593
manga-8326-3702,1-321069,-2,1.0422917620619572,11.123966355351817,11.164403421376171
manga-8326-3703,1-320655,-5,0.9929593179032459,10.628170703205434,10.736957137165152
manga-8326-3704,1-235582,1,,,9.929926498068046
manga-8326-6101,1-321074,1,0.9423275998926819,10.638368163315468,10.726007950088892
manga-8326-6102,1-235576,1,,,10.757420324308228
manga-8326-6103,1-320664,-2,0.9945399241171273,10.302532817991775,10.383044797101757
manga-8326-6104,1-320584,-5,1.0935002416372086,11.208926063174513,11.213793917652486
manga-8326-9101,1-320677,-5,1.105889643027993,11.00156779113297,10.99040856722255
manga-8326-9102,1-235611,4,49.45531918783593,18.228909799463274,10.951624524654882
manga-8327-12701,1-250806,4,0.7872402092968755,10.278770661460388,10.304673599454846
manga-8327-12702,1-250894,3,0.6113792285668964,10.218760489024598,10.404520706643396
manga-8327-12703,1-285989,2,0.47046848547680753,9.18557064286534,9.418302948929108
manga-8327-12704,1-250870,4,0.5660276456728468,10.255244010839618,10.447390626803587
manga-8327-12705,1-575741,-5,,,11.3965654651849
manga-8327-1901,1-250809,7,0.45060585401357756,8.850286828744647,8.986591710999337
manga-8327-1902,1-250784,-5,0.8077187794254108,10.443888220223254,10.679970879419962
manga-8327-3701,1-250810,1,1.0592524662084166,10.874868195465215,10.844048883229151
manga-8327-3702,1-286081,2,1.0121490279727468,10.598743486152994,10.69705663712436
manga-8327-3703,1-250769,5,0.4987156046137322,9.796820585245149,9.888478846040806
manga-8327-3704,1-575742,-2,,,10.949861618758186
manga-8327-6101,1-250811,-5,0.8754519117301918,11.092273897390974,11.269538627540733
manga-8327-6102,1-285994,-5,0.9851535633486321,10.693074896514062,10.766134631070985
manga-8327-6103,1-285506,3,0.9564733598323194,10.844541813168732,10.915078876976159
manga-8327-6104,1-286139,-2,0.8481451986199815,10.53661370004924,10.615721803061449
manga-8327-9101,1-575744,-5,,,10.93079371639156
manga-8327-9102,1-286110,4,0.36489905331809425,9.34876775693872,9.604804726696939
manga-8328-12701,1-286729,1,0.8567075792778311,10.60015220281438,10.560727777466125
manga-8328-12702,1-286309,2,0.7463798281524952,10.647341039101839,10.683599916069571
manga-8328-12703,1-592344,5,,,9.598763157382967
manga-8328-12704,1-286265,5,0.3953297085033931,9.380527566686162,9.45532308246525
manga-8328-12705,1-286316,4,0.458091111613097,9.661003180818048,9.853277703658534
manga-8328-1902,1-592574,1,0.825376217732277,10.038349854485364,10.234919502924779
manga-8328-3701,1-286772,1,0.6263056258376913,9.648427565132156,9.76625144400299
manga-8328-3702,1-286536,-5,1.0430909945585647,11.208574694745888,11.249658099106613
manga-8328-3703,1-575756,-5,,,11.537650379811739
manga-8328-6101,1-286287,-5,,,11.28584524303856
manga-8328-6102,1-286746,-5,1.2699129864444565,11.204422123608799,11.101894791406623
manga-8328-6103,1-235033,-5,1.0759765906621084,10.909396884632548,10.96440295673112
manga-8328-6104,1-286771,-5,0.9927987398208238,9.657747832278936,9.790460395007642
manga-8328-9101,1-286277,3,1.0597151737226511,10.634193680795235,10.542705948433406
manga-8328-9102,1-286261,5,0.5020357419379522,9.436892180070712,9.64126583718984
manga-8329-12701,1-266039,5,0.7451761475422671,10.579197982059984,10.671918558951276
manga-8329-12702,1-286805,6,0.46206049548905526,8.542700668918089,8.77301294635705
manga-8329-12703,1-266020,5,0.53765919488891,9.301232247417596,9.509421631138174
manga-8329-12704,1-235203,5,0.38139028555452015,9.286923664833665,9.553489800039237
manga-8329-12705,1-266106,-5,0.9826678035073435,11.168649135240678,11.190947679100187
manga-8329-1902,1-629695,-5,0.83894626422396,9.604035531187007,9.778740043922722
manga-8329-3701,1-569225,-5,0.9124140186279774,11.179517275175284,11.196073888487517
manga-8329-3702,1-266045,1,0.5437924406372119,9.293409094074514,9.409158476173134
manga-8329-3703,1-266074,-5,1.035413013151171,11.356414352230875,11.367436062398273
manga-8329-3704,1-592881,2,,,9.233374365958555
manga-8329-6101,1-265980,-2,1.0208183880513957,10.63112682288162,10.708376703535516
manga-8329-6102,1-286804,3,0.646084148420222,11.08642504041648,11.200921598420111
manga-8329-6103,1-265988,2,0.7932783991389165,10.133796817857192,10.253931361790675
manga-8329-6104,1-592743,3,,,10.02598954551152
manga-8329-9101,1-286795,-5,0.971385250228888,10.968216216859672,11.058809279624251
manga-8329-9102,1-266101,3,0.7578681562084206,9.085530094465218,9.259885221882959
manga-8330-12701,1-418626,4,,,10.22073291775047
manga-8330-12702,1-402422,-5,,,10.429303223141332
manga-8330-12703,1-285737,3,0.597602447231413,9.865322520344815,10.083054477718576
manga-8330-12704,1-402467,5,0.5564833156906914,9.508531107110986,9.665280726909957
manga-8330-12705,1-402409,-5,1.1219135526726731,11.25512070790275,11.170980054420593
manga-8330-1901,1-402576,0,1.0256497532629254,10.142084738498763,10.14747845107908
manga-8330-1902,1-402656,-2,0.5329197172765063,9.198145448243416,9.414779542580629
manga-8330-3701,1-402454,-5,,,9.407878468321943
manga-8330-3702,1-285729,-2,1.0837902453160098,10.935509745683868,10.949222600218688
manga-8330-3703,1-402609,-5,,,10.623133463091733
manga-8330-3704,1-402436,2,,,9.65474239294508
manga-8330-6101,1-402487,-5,,,10.4979298622972
manga-8330-6102,1-285748,2,0.5872019296906856,9.853760534510982,10.032711411199909
manga-8330-6103,1-559041,-5,0.95750126918729,10.295772944624819,10.36174294164991
manga-8330-6104,1-418197,-5,,,10.709404808832808
manga-8330-9101,1-285728,5,0.6314776202485852,10.11102638873069,10.316112988815183
manga-8330-9102,1-260481,3,1.045358819991037,10.143491033895353,10.159404753564871
manga-8331-12701,1-250638,-5,1.167794309478495,11.109993187247893,11.060641189552578
manga-8331-12702,1-285916,2,1.03307541531197,11.426584237651882,11.345265878809425
manga-8331-12703,1-250607,5,0.21531554696520416,8.97459748527702,9.105166019081071
manga-8331-12704,1-250997,2,0.8525461336566451,10.43735646061142,10.536501627077163
manga-8331-12705,1-260534,2,1.0653420080121592,11.069684302835746,11.059165668942178
manga-8331-1901,1-250628,4,0.4853325805258457,9.549699330397525,9.77411021728562
manga-8331-1902,1-250603,4,0.938860656292924,10.220479385105872,10.235896935852136
manga-8331-3701,1-575738,-5,,,11.267483838744859
manga-8331-3702,1-250651,-5,1.1270320792732846,10.975058163893273,10.986846498117663
manga-8331-3703,1-250652,2,0.7756461114018407,10.260698483255952,10.302400202438488
manga-8331-3704,1-251043,4,1.0657998443990948,10.048887535876082,10.03528161250426
manga-8331-6101,1-250642,-5,0.8138941257566898,10.486619314294792,10.559041961501546
manga-8331-6102,1-260514,3,0.8266566237247304,11.018086168289617,11.091213084979909
manga-8331-6103,1-250644,-5,1.0381134801103364,10.630235472958988,10.71709688891877
manga-8331-6104,1-250969,2,0.8757374216381457,9.735845876954578,9.87251580133362
manga-8331-9101,1-285879,-5,0.9354403218376923,11.101175938732155,11.163995754641745
manga-8331-9102,1-575737,-5,,,11.203011117322138
manga-8332-12701,1-250959,6,0.3416025166129799,9.568841362321734,9.820798942369382
manga-8332-12702,1-251115,2,0.9647014147287756,10.892047267382072,10.955547291291536
manga-8332-12703,1-286307,4,0.7797175979752815,10.81466298691838,10.89165284536917
manga-8332-12704,1-251269,1,0.8573304508158088,10.965506072368338,10.890735028161059
manga-8332-12705,1-251279,0,1.0650890238229032,10.684851795133785,10.675930409739662
manga-8332-1901,1-251303,4,0.4436074532424641,9.071877275543853,9.293939021111212
manga-8332-1902,1-575771,4,,,10.398863205396225
manga-8332-3701,1-575778,1,,,10.644228777514511
manga-8332-3702,1-251129,3,0.37140427406120224,9.856226486467934,10.048006514084793
manga-8332-3703,1-251067,2,0.9590852355524397,9.938075091378817,10.052282147912347
manga-8332-3704,1-251198,2,0.8704556190994133,9.778343553177201,9.799383976730445
manga-8332-6101,1-250940,3,1.0923621750121626,10.97252680253575,10.94019064186471
manga-8332-6102,1-251278,-5,1.405554409207003,11.412859089456317,11.059900272485384
manga-8332-6103,1-251119,1,0.9403890483500525,10.194603997322968,10.30987066590406
manga-8332-6104,1-286274,-2,1.0531782645231083,10.76298455711766,10.7908584483781
manga-8332-9101,1-250922,4,0.5897316336199836,9.876932878549244,10.083663837854232
manga-8332-9102,1-251307,3,0.3694843593269006,10.07297007050959,10.124931136388364
manga-8333-12702,1-265907,2,0.8685905293460081,11.79852726535144,11.852096156609266
manga-8333-12703,1-266112,4,0.8027129008694445,10.293719993020598,10.326857929525334
manga-8333-12705,1-265863,5,49.33233849883594,17.205913469563274,9.939776258923887
manga-8333-1901,1-266298,-5,0.8881498384298503,9.107992292706612,9.247376621909817
manga-8333-1902,1-266244,0,0.45858982252310554,8.702845574917658,8.974527351004769
manga-8333-3701,1-251662,3,0.6982722735502627,10.544137201786025,10.663398415439161
manga-8333-3703,1-266288,-5,1.0992456808630742,11.089112331659726,11.06078469056526
manga-8333-3704,1-569263,-2,1.0897891808677826,11.306276221877198,11.303172289410409
manga-8333-6101,1-251657,-2,,,11.239144256821094
manga-8333-6102,1-251871,2,0.8831608577860273,10.98337369961642,11.055236856786511
manga-8333-6103,1-265883,-5,0.950232088685592,10.836695094681684,10.989724279790346
manga-8333-6104,1-265849,-5,1.136430594605521,11.202665128263918,11.155402846861687
manga-8333-9101,1-265919,-5,1.2177419165710148,11.223312396234792,11.16164646044114
manga-8333-9102,1-266328,-2,1.033303682393722,11.164932690312659,11.196847426442142
manga-8334-12701,1-260943,5,0.7169595117097316,10.058942884436064,10.229878855226827
manga-8334-12702,1-261216,2,0.7823338925053847,9.49993146856354,9.606129745429637
manga-8334-12703,1-261370,4,,,9.987394522474302
manga-8334-12704,1-251833,4,0.9035085137140157,9.884571463542084,9.811294098085959
manga-8334-12705,1-261390,3,,,9.959458782532849
manga-8334-1901,1-261376,-2,1.003248952440682,10.390922003810925,10.475399487739917
manga-8334-1902,1-261386,1,0.44966362121258285,9.21135584287492,9.456608927140913
manga-8334-3701,1-261362,2,0.5220158479984889,9.224671132553159,9.443305241082466
manga-8334-3702,1-251458,4,0.7663064727575737,10.940531810035466,10.99293639409189
manga-8334-3703,1-261224,3,1.0382536012744268,9.86990090014903,9.896404950832231
manga-8334-3704,1-261360,2,0.7262620268569471,9.788478020812416,9.965978313369892
manga-8334-6101,1-261147,-5,0.8245044383831619,9.883363580842465,10.172705071797738
manga-8334-6102,1-261199,6,0.6862176733491197,9.000494195003366,9.180773678132171
manga-8334-6103,1-261217,2,0.7196252784018391,9.51891048295595,9.658980080799974
manga-8334-6104,1-251374,0,,,9.595239316884813
manga-8334-9101,1-251450,-5,1.2454982119161642,11.42889342778437,11.319636886294104
manga-8334-9102,1-261200,3,0.7651890137384001,9.335390557532666,9.508689940710013
manga-8335-12701,1-251762,3,0.8596245675885648,10.47878216133323,10.567021658334282
manga-8335-12702,1-251764,5,0.6254364447853611,9.051441916130933,9.274910282188939
manga-8335-12703,1-252072,7,0.6684948121986984,9.450391833837148,9.540598478821599
manga-8335-12704,1-592984,4,,,9.03441185689585
manga-8335-12705,1-251686,3,0.5780373942826316,10.035141662430256,10.261816984264048
manga-8335-1901,1-251783,-5,,,10.04384150606871
manga-8335-1902,1-252147,-2,0.907034398146461,9.333138689552936,9.475947073759949
manga-8335-3701,1-252049,3,0.5880820283711756,9.191508613463359,9.419764154295153
manga-8335-3702,1-252073,1,0.9706627365237637,8.936701577503136,8.992176052228162
manga-8335-3703,1-252126,-5,1.0224029394114709,9.451958731346087,9.42186705591872
manga-8335-3704,1-252046,2,0.5882206367247313,9.081209706589618,9.301993060806591
manga-8335-6101,1-251788,-5,0.8098486609454945,9.770744777805989,9.963859102438647
manga-8335-6102,1-252094,4,0.5574034860427197,9.129900473790592,9.335640406437298
manga-8335-6103,1-251739,-5,1.1206576749114525,11.324743640866892,11.33768084469598
manga-8335-6104,1-252070,2,0.9838639009931178,10.939098823489738,10.941183351812482
manga-8335-9101,1-251775,-2,1.0174743094301206,11.195214023440728,11.261564985050267
manga-8335-9102,1-252151,6,0.4385515565078322,8.861379679069518,9.115793509102874
manga-8336-12701,1-313054,1,1.0473707156538126,10.51452730219362,10.450955417231546
manga-8336-12702,1-313036,2,1.2066867368323173,10.54263276386873,10.456321994043194
manga-8336-12703,1-261013,3,0.6504676856728544,9.716698974839625,9.92722865519771
manga-8336-12704,1-592449,2,,,10.234233735363517
manga-8336-12705,1-261029,5,0.440670629523769,9.247910663803141,9.497504638305362
manga-8336-1901,1-261032,-2,0.8569287122518787,8.909378764799728,9.04920251187599
manga-8336-1902,1-261030,-5,0.9616378550936489,9.345903628862413,9.456362996094075
manga-8336-3701,1-261050,-2,0.7086498197628153,8.745783983181633,8.846515247686815
manga-8336-3702,1-261059,3,0.9159878388889062,8.797913227817594,8.950124757550002
manga-8336-3703,1-260946,-2,1.1908338683643862,9.958436898791035,9.925213048686114
manga-8336-3704,1-313053,-2,1.0940201977421786,10.305705219350312,10.36338443270549
manga-8336-6101,1-405025,5,0.5211381300081186,10.389200092043293,10.544085415782126
manga-8336-6102,1-313033,1,0.7115364783826763,8.970066213313626,9.174234304941022
manga-8336-6103,1-260663,-2,1.1058620988677816,11.114575295677199,11.09239076433161
manga-8336-6104,1-261008,-5,1.04937400950406,11.032115290971648,11.067963089501266
manga-8336-9101,1-313108,5,0.5121121454104092,8.767563643189465,8.980292956256525
manga-8336-9102,1-260937,5,0.29644807433571785,9.871446974454898,10.027243569886698
manga-8337-12701,1-592693,4,,,9.830511682042362
manga-8337-12702,1-629221,6,0.42249513550735074,8.985817536440685,9.191641011667826
manga-8337-12703,1-313351,5,0.5124849463840953,9.60337007942253,9.825552687400156
manga-8337-12704,1-261311,7,,,9.371642229460932
manga-8337-12705,1-313323,7,0.597836193613734,9.803076525145151,9.962463572557336
manga-8337-1901,1-261280,2,49.43438941683594,18.464568303363276,11.013578686828613
manga-8337-1902,1-261274,7,,,9.327168825080237
manga-8337-3701,1-313354,1,0.9378198626947309,10.302113099842973,10.432825036279619
manga-8337-3702,1-261251,-5,1.1656675421314588,11.540324215299378,11.474574627733572
manga-8337-3703,1-261243,5,0.6538432658064863,9.677490819410863,9.916061590289953
manga-8337-3704,1-261574,-5,1.2442681171338137,10.71186171088835,10.614077397071215
manga-8337-6101,1-313335,4,,,10.099072617680301
manga-8337-6102,1-313385,1,1.1031826987724465,10.50024619537177,10.509098978486822
manga-8337-6103,1-260939,2,0.8093633938692015,10.408646990466336,10.601045816206845
manga-8337-6104,1-313322,4,0.6855002461578721,10.045551906186194,10.150879191269238
manga-8337-9101,1-260942,7,0.7281394759032445,8.770611301005433,8.977858444219846
manga-8337-9102,1-261318,7,0.5046561838971222,8.986433573298827,9.220340870275027
manga-8338-12701,1-614850,7,48.99068562383593,16.972960647063267,9.721954806708325
manga-8338-12702,1-492564,7,0.7885292947451035,9.537216722327525,9.57279611665322
manga-8338-12703,1-489927,7,,,8.875668272204447
manga-8338-12704,1-491218,6,0.3726658259057771,9.00709328573128,9.255653551935767
manga-8338-12705,1-491045,-5,1.1483797838313876,11.386550721749133,11.283450491778583
manga-8338-1901,1-491441,1,0.23415965004272365,8.459062806190596,8.539581644539894
manga-8338-1902,1-588894,-2,,,10.859851923856327
manga-8338-3701,1-491200,-2,1.0338331630701667,10.310625230433045,10.382069298932848
manga-8338-3702,1-491140,5,0.7054054993629677,9.134267873582132,9.287490448643533
manga-8338-3703,1-492536,-2,1.0793959074747264,10.346679838650026,10.358844388482087
manga-8338-3704,1-491233,3,0.682307123449462,9.827563448179234,9.91770239409626
manga-8338-6101,1-574691,2,,,10.086559133223453
manga-8338-6102,1-491225,7,,,9.249518760733597
manga-8338-6103,1-489932,5,0.7260287005175527,9.698564239478365,9.730043831947293
manga-8338-6104,1-492617,2,0.4778170534066355,8.785495538571825,8.885918997960095
manga-8338-9101,1-491095,4,0.7349287448692046,8.854056144566337,9.017892725603355
manga-8338-9102,1-489884,0,0.8211273140523971,9.985113117451736,10.189217916948442
manga-8341-12701,1-282653,6,0.6054760529781156,9.279873522036182,9.49767588245107
manga-8341-12702,1-575668,-5,,,11.182063536680266
manga-8341-12703,1-283278,8,0.36504269554658464,9.051210754486558,9.273392539851887
manga-8341-12704,1-620993,4,49.30535025683593,17.673163267363268,10.435681952785234
manga-8341-12705,1-575796,7,,,9.631929541760712
manga-8341-1901,1-259091,0,1.017860040258487,10.136849714615407,10.20655064574998
manga-8341-1902,1-258879,3,0.45924645899103567,9.378627008795352,9.609733105215117
manga-8341-3701,1-259079,-5,1.1963137602711313,10.577721328179988,10.459806980810601
manga-8341-3702,1-259058,2,0.512330709623722,9.393929469427647,9.603524349395615
manga-8341-3703,1-283246,0,0.9104921248405375,10.230397780649968,10.359924607869456
manga-8341-3704,1-259250,1,1.2112345856982358,10.515281164906732,10.413847735977075
manga-8341-6101,1-258876,-2,1.093916993624294,10.610629714215346,10.637021159275914
manga-8341-6102,1-259068,0,0.6213725844875491,9.626625814571252,9.779989486967887
manga-8341-6103,1-282665,1,0.912569749888906,9.522071157917592,9.6694591421792
manga-8341-6104,1-283286,2,0.9936251619156948,10.172637437874567,10.28073539815696
manga-8341-9101,1-259050,4,0.6243104853894614,10.135783155685946,10.333725295179452
manga-8341-9102,1-259245,4,0.7126999987322762,9.454402321585363,9.664440762243107
manga-8438-12701,1-504694,-5,1.106843785809989,10.828467817174618,10.72397421699731
manga-8438-12702,1-505218,5,0.5414149570163254,10.206838635645449,10.425131365778745
manga-8438-12703,1-474943,-5,1.0144427461401193,10.919849821931836,10.904816129861032
manga-8438-12704,1-474826,5,0.536675760784604,10.069641769607511,10.297729879677627
manga-8438-12705,1-474825,4,0.7762870889555735,10.049811324186885,10.160558562107559
manga-8438-1901,1-474828,-5,1.020275492099774,9.90301167606902,10.007555758625102
manga-8438-1902,1-505239,5,49.44765948783593,17.54645892946327,10.18301631258693
manga-8438-3701,1-474573,1,0.8579152102744203,9.673912282049026,9.809272109745045
manga-8438-3702,1-474803,1,0.7832208353629646,10.915865591182131,11.131313845616745
manga-8438-3703,1-474807,0,0.9795863677762178,9.879733370689408,10.005262042352069
manga-8438-3704,1-504663,1,1.0262278745653504,10.397804478437978,10.443181598524506
manga-8438-6101,1-567299,-5,,,10.972076883976394
manga-8438-6102,1-474575,2,1.1040955256014797,10.282442631292394,10.223220688093148
manga-8438-6103,1-474677,1,0.9077965023486314,10.939290901414063,11.026112248366465
manga-8438-6104,1-505301,2,0.44970215650876355,9.414250334849582,9.617835606713731
manga-8438-9101,1-474540,5,0.635954595766318,9.702777984584923,9.876556712154153
manga-8438-9102,1-505223,3,0.574830393052995,10.488954095307633,10.60822427594998
manga-8439-12701,1-155978,6,,,9.062329982728993
manga-8439-12702,1-155926,2,1.0670875643643853,10.642134732391035,10.69768171518109
manga-8439-12703,1-605884,3,0.5582536212710423,10.004085326342055,10.220753817011525
manga-8439-12704,1-156137,4,0.7127661192802393,10.465850609563672,10.54760489134693
manga-8439-12705,1-156062,1,1.0573127865231022,10.909999187317654,10.941371780035254
manga-8439-1901,1-155903,-5,0.5152605296477759,8.475458633044713,8.646320388586672
manga-8439-1902,1-156061,-2,1.0318998498121452,9.839207709407672,9.802775777072084
manga-8439-3701,1-605863,2,,,10.420226478898295
manga-8439-3702,1-585593,-2,,,10.565729787831128
manga-8439-3703,1-156158,2,0.4265868303990956,10.704739548476084,11.082602281988702
manga-8439-3704,1-156039,-5,0.9217194119454923,10.923968111905989,11.050549882839048
manga-8439-6101,1-156074,5,,,9.585247478051379
manga-8439-6102,1-155975,2,0.6634969392614138,10.421576966851925,10.53521054513354
manga-8439-6103,1-124604,3,0.9150716014971785,10.105352402561385,10.046577098960345
manga-8439-6104,1-585632,1,,,10.5551936354335
manga-8439-9101,1-156154,5,0.5586147162424595,9.199694348843849,9.39319601714372
manga-8439-9102,1-156037,7,0.20227938578913296,8.845818506648573,9.015560926330084
manga-8440-12701,1-216540,5,0.8163995397042711,10.54438649093471,10.616871292429687
manga-8440-12702,1-216984,-5,1.0083637609569962,11.053069286695793,11.069190628508524
manga-8440-12703,1-605638,6,0.38126097702649986,9.081229420203819,9.168370771262735
manga-8440-12704,1-217018,2,0.8945180276982363,10.16777728710673,10.320601121975661
manga-8440-12705,1-216973,4,1.0687565284957614,10.746707022873414,10.611466265538326
manga-8440-1901,1-217015,3,0.5103692328745772,8.919685993749528,9.137439569077513
manga-8440-1902,1-216951,9,0.2430189782615031,9.004190538689858,9.238437544812681
manga-8440-3701,1-216520,-2,0.9856511648889068,9.983493734417593,10.070030474298342
manga-8440-3702,1-216805,-2,1.3114972735313124,10.965050144998886,10.776038343018739
manga-8440-3703,1-216958,2,0.7627377762110505,10.034146738227847,10.228731343586883
manga-8440-3704,1-605571,3,0.7208907673180924,9.22883927433872,9.431502072968174
manga-8440-6101,1-137548,-5,0.9386867830121624,10.938214615335747,10.981751578449522
manga-8440-6102,1-216980,6,0.25196322991145337,9.042054811366892,9.186538217591492
manga-8440-6103,1-137528,1,1.0404750402847114,11.360921705445568,11.282536015714722
manga-8440-6104,1-216976,-5,0.5554365748874908,10.312009358108693,10.537785105479427
manga-8440-9101,1-216779,-2,1.2139037681382518,11.344119090571706,11.230847267689535
manga-8440-9102,1-217017,4,0.6560943119555773,9.21524315348689,9.38857539687786
manga-8441-12701,1-252202,4,0.776707167147034,10.329409395700484,10.341200991418432
manga-8441-12702,1-252484,8,0.3754005419727484,9.069373463552996,9.248978095892653
manga-8441-12703,1-252432,0,1.270434599017353,10.884543798642524,10.749801995710744
manga-8441-12704,1-252522,1,1.0120087828350677,10.758181680148605,10.738104022333555
manga-8441-12705,1-252619,6,0.44630416361998115,9.69895538154924,9.955421224313254
manga-8441-1901,1-252463,0,0.8948746112656671,9.86153525589956,9.907456507854208
manga-8441-1902,1-252510,-5,0.8176525531171244,10.125698681891775,10.25221689406068
manga-8441-3701,1-252574,11,0.5127232824843517,9.18840017040062,9.388712053697517
manga-8441-3702,1-252582,1,1.0257289606372098,10.166944066074512,10.280127453408324
manga-8441-3703,1-252632,-5,1.0223551589114521,10.467580985266892,10.549883227102697
manga-8441-3704,1-252863,1,0.7873442402762905,10.140321646609157,10.245117675079415
manga-8441-6101,1-262174,-2,1.0262121481821929,10.183860496795518,10.309140245453067
manga-8441-6102,1-252443,-5,1.2358680616372126,10.729838265174516,10.64725970689239
manga-8441-6103,1-252189,3,0.44083829301632704,8.58795487324545,8.837618736793614
manga-8441-6104,1-252508,4,0.763256148256044,10.174670509309431,10.258833556709131
manga-8441-9101,1-262177,3,0.5515962677618838,9.16067142420157,9.333586307085534
manga-8441-9102,1-252477,1,1.1107566059931209,10.64827061898974,10.590537566102578
manga-8442-12701,1-409576,5,0.5314911178964863,10.045054866492654,10.079662322551057
manga-8442-12702,1-419013,6,0.6779508712274627,10.915502494690298,11.00396433159176
manga-8442-12703,1-625180,7,,,9.249987932826947
manga-8442-12704,1-419126,5,,,10.271009379580756
manga-8442-12705,1-591588,7,,,10.195088396554572
manga-8442-1901,1-415354,1,0.3914720123566582,9.313478086440346,9.489376219002999
manga-8442-1902,1-419236,3,0.6157349965237664,8.81383574350314,9.048888299045279
manga-8442-3701,1-591580,5,0.7379227554843517,9.943923794700618,10.153272038103276
manga-8442-3702,1-419116,-2,1.1468577014315358,10.196185660929862,10.20392722170758
manga-8442-3703,1-421884,1,0.9925427827322792,9.723808335985366,9.749627341894838
manga-8442-3704,1-419195,2,0.8194203681090393,9.98950086236733,10.064675082199148
manga-8442-6101,1-419240,3,0.5973307033321227,10.350001713534597,10.39180106673011
manga-8442-6102,1-419153,6,0.26982919016475293,9.396187300275527,9.582565580692503
manga-8442-6103,1-409567,2,0.812042202745193,10.34214229014453,10.465119517781702
manga-8442-6104,1-415304,-2,0.8504400558508216,9.466965343146505,9.61969216045354
manga-8442-9101,1-419151,8,,,9.251954398227403
manga-8442-9102,1-625513,3,0.6344625352656692,9.75449080429956,9.947073294212457
manga-8443-12701,1-592100,11,48.595054654835934,16.203799729163276,8.768547089631458
manga-8443-12702,1-568615,3,0.8720743284944312,10.267487220581513,10.357376381579767
manga-8443-12703,1-422823,4,1.096120670374951,11.045041506061235,11.014449130506675
manga-8443-12704,1-422933,1,0.9476019812288818,10.470471368959664,10.580301013008285
manga-8443-12705,1-424415,3,0.8029464516810592,10.279505439499923,10.35756706484697
manga-8443-1901,1-422898,-5,0.9272668268783484,9.8787782695474,10.072275638267891
manga-8443-1902,1-424438,-2,1.1073447078313912,9.923596810149137,9.929218593120043
manga-8443-3701,1-422976,2,1.3092191309032408,10.60538650150543,10.462131349099128
manga-8443-3702,1-423101,-2,1.0981683419931194,10.759283336589741,10.678800533254417
manga-8443-3703,1-422430,2,0.9937803906137326,11.02429985784515,11.10955492496149
manga-8443-3704,1-422911,1,0.5634085803212869,9.524840902648886,9.673524986200329
manga-8443-6101,1-592128,-5,,,10.668523825227833
manga-8443-6102,1-422969,1,1.045625119776215,10.325132333889403,10.405370268769449
manga-8443-6103,1-627397,5,0.7452787252239581,9.988802106287004,10.189779372825045
manga-8443-6104,1-627945,1,1.0413206456961532,10.52688825245188,10.62131132843788
manga-8443-9101,1-592031,3,0.7915292906103488,10.697702023959106,10.783665652165903
manga-8443-9102,1-422974,5,0.8405603577288971,9.550022504599323,9.53996887322142
manga-8444-12701,1-421728,6,0.6090125988889064,8.811898143817592,9.040543006213865
manga-8444-12702,1-421777,5,0.5825786172101104,9.113924701508239,9.335530109934734
manga-8444-12703,1-422040,5,0.5604038770243207,10.476426720771492,10.63750774135253
manga-8444-12704,1-421775,6,0.989442253304869,9.605339214986431,9.520882926161061
manga-8444-12705,1-626390,8,,,9.157927980321231
manga-8444-1901,1-420787,0,0.5904744653923011,9.180972268303755,9.369327200695436
manga-8444-1902,1-420770,2,0.7295130262744216,8.996438007649026,9.189046528352542
manga-8444-3701,1-419257,0,0.8348483432990506,9.887396730292712,9.987726132672703
manga-8444-3702,1-421756,5,0.6421781292929261,8.952275009405874,9.133995316336822
manga-8444-3703,1-420704,-2,0.9509332920931612,9.558977748073106,9.586789778209424
manga-8444-3704,1-421226,0,0.7469836662049154,9.230973763740996,9.382654500849064
manga-8444-6101,1-420755,1,0.8310986593831551,9.23203969194246,9.39213217919256
manga-8444-6102,1-421767,4,0.996535373282633,10.155037411330255,10.157066725338877
manga-8444-6103,1-625602,0,1.0034907455078326,10.30296143896952,10.395432987485446
manga-8444-6104,1-420732,-2,0.9063214956906869,10.371193425110983,10.465712908788344
manga-8444-9101,1-421972,4,1.3666107583861802,10.797995661116918,10.55279106636157
manga-8444-9102,1-421814,1,1.108348829176066,10.961046780408676,10.96058635203312
manga-8445-12701,1-591917,4,,,10.712226984671624
manga-8445-12702,1-399563,3,1.061245930772447,10.461671006571768,10.50631422562976
manga-8445-12703,1-409272,7,0.2624733004733031,8.683942007641118,8.852173683632975
manga-8445-12704,1-409200,4,1.0045728267819847,10.026260836523964,9.997821334834752
manga-8445-12705,1-409242,5,0.9216013578580657,10.373184902349134,10.366682522365776
manga-8445-1901,1-409249,0,1.2044331085585682,9.799923332145893,9.735087664227839
manga-8445-1902,1-409109,-5,1.091098984051392,10.172575766481618,10.201309710345035
manga-8445-3701,1-409209,5,,,11.342695016500864
manga-8445-3702,1-399581,-2,1.1373916224803793,10.680156083727061,10.661816470222137
manga-8445-3703,1-410705,10,0.337182116270931,8.689280320484537,8.876214375462272
manga-8445-3704,1-409240,1,1.0991344595585595,9.948519886245885,10.002282722215869
manga-8445-6101,1-399541,-2,0.995123173012157,10.320487404335742,10.394052226444545
manga-8445-6102,1-409214,-2,0.9204007316386296,10.366942409483416,10.529975446999536
manga-8445-6103,1-418104,1,,,10.599318558994822
manga-8445-6104,1-410676,9,0.3198073662547145,8.762054090817534,8.827230948916034
manga-8445-9101,1-409168,0,0.7518989318200688,9.744142783315981,9.919368919955465
manga-8445-9102,1-418006,5,0.7206404365476438,9.649381735244338,9.739211469086293
manga-8446-12701,1-418128,5,,,9.176473270139521
manga-8446-12702,1-418111,4,,,10.266741916378821
manga-8446-12703,1-418202,7,,,9.902441861967384
manga-8446-12704,1-418252,3,0.6690130555734726,10.231093492462668,10.36702961162696
manga-8446-12705,1-418224,6,,,9.244014732636288
manga-8446-1901,1-418023,-2,49.39543604383593,16.77426506906327,9.494697123110736
manga-8446-1902,1-418253,-2,0.889884978637209,10.097507709874511,10.281960085390919
manga-8446-3701,1-418048,-5,,,10.660818063354343
manga-8446-3702,1-418071,1,,,9.796418208891794
manga-8446-3703,1-418242,2,0.4168210385380995,9.205828725171207,9.460890328946189
manga-8446-3704,1-418014,-2,0.8428351206906868,10.344952752610983,10.42837618170076
manga-8446-6101,1-409184,4,0.7465377912758413,8.72909583645793,8.93159769710285
manga-8446-6102,1-418134,-2,,,10.523572193944386
manga-8446-6103,1-418090,-5,,,10.700276999251066
manga-8446-6104,1-410704,3,0.4058071712084157,9.950054870965214,10.026373898647297
manga-8446-9101,1-418228,2,,,10.645564718156562
manga-8446-9102,1-410718,4,0.5873262673533546,8.934951445711036,9.156067344265068
manga-8447-12701,1-260733,4,0.462675715479552,9.977746453545208,10.177948955909779
manga-8447-12702,1-627377,5,0.11240343302969436,10.017125319813987,10.213331780706593
manga-8447-12703,1-260783,5,0.5789033213725929,8.991983167072263,9.204149839375242
manga-8447-12704,1-260809,-2,1.130166905093649,11.187581383862412,11.175549500835409
manga-8447-12705,1-405261,8,,,9.21901050111696
manga-8447-1901,1-402649,6,0.15400956077621686,8.555177086989406,8.590884170302255
manga-8447-1902,1-260744,-2,1.1105908176621107,10.70075329033255,10.717896743103978
manga-8447-3701,1-405229,3,0.879876191305172,10.10061364057955,10.22722833964696
manga-8447-3702,1-405213,-5,0.7369078941239131,10.967548597703633,11.21518003130574
manga-8447-3703,1-260823,-2,0.9584199074603887,10.224289279181953,10.226416870154443
manga-8447-3704,1-260715,2,0.9764938093901101,10.170318442438674,10.264876826403677
manga-8447-6101,1-260446,3,0.9834849158719514,11.028715655365975,11.047002130518505
manga-8447-6102,1-260377,-5,1.080757920863082,11.258413395659732,11.251151343175355
manga-8447-6103,1-260541,-5,1.1071213280513987,11.287702256881625,11.296254829438828
manga-8447-6104,1-260743,-5,1.1742416221314613,11.32984990329938,11.242427125236295
manga-8447-9101,1-260458,0,1.250908384247925,10.78024045594521,10.684632648832972
manga-8447-9102,1-559049,1,0.9594857551403386,11.157374964766097,11.160741567580654
manga-8448-12701,1-487185,-2,0.7802588051934229,10.760036935711668,10.9780905433563
manga-8448-12702,1-486243,7,,,9.666113449070941
manga-8448-12703,1-487432,3,0.840311841538103,10.62304049247121,10.71965440119839
manga-8448-12704,1-487449,7,,,9.652536418593025
manga-8448-12705,1-487293,7,,,9.22336352975358
manga-8448-1901,1-487267,2,0.4381305685448922,8.821280866843535,8.92126549997706
manga-8448-1902,1-488464,-2,,,9.852210916102807
manga-8448-3701,1-487046,3,,,8.965960934704905
manga-8448-3702,1-487488,4,,,9.051256740617358
manga-8448-3703,1-487379,3,49.546612046835946,18.702696676363278,11.269893368951577
manga-8448-3704,1-487272,4,,,8.961132892722954
manga-8448-6101,1-486227,-2,0.5091447286477759,9.267339663944712,9.218015300754981
manga-8448-6102,1-487164,5,0.425219666888907,8.749148862617595,8.96159098151634
manga-8448-6103,1-487452,3,,,9.923323303821922
manga-8448-6104,1-487383,7,0.9061863391338143,9.64400685108835,9.621375720521138
manga-8448-9101,1-487130,4,0.6029091352615055,10.27952858738986,10.454147906061838
manga-8448-9102,1-487099,-2,0.9699044693990935,10.81061228337608,10.855398602533224
manga-8449-12701,1-488469,7,0.5251147196938,8.758522482762912,8.971529113324225
manga-8449-12702,1-488790,7,0.46503553074519743,9.424962494944534,9.672406374618207
manga-8449-12703,1-613340,6,,,9.709266568036938
manga-8449-12704,1-574686,6,,,9.673546168668858
manga-8449-12705,1-613769,5,0.9445216331973754,10.518371074566186,10.546295835121443
manga-8449-1901,1-488532,-5,,,10.410637224628964
manga-8449-1902,1-488575,0,0.9899068433726015,9.13909213727227,9.244687712313354
manga-8449-3701,1-488526,2,,,10.525029249940946
manga-8449-3702,1-489766,1,0.9822055989816221,10.454023662360406,10.534167038413353
manga-8449-3703,1-488712,6,,,9.18851788846935
manga-8449-3704,1-574775,-5,,,10.103974669386389
manga-8449-6101,1-488700,10,0.26994038443154267,8.617100176229867,8.711337262175563
manga-8449-6102,1-487329,4,,,8.995834748733081
manga-8449-6103,1-613211,1,1.1441436895313117,10.765719530598885,10.754745747364748
manga-8449-6104,1-488783,5,,,9.197547946047912
manga-8449-9101,1-488706,2,0.6377473216564304,8.865260970477163,9.01060945079981
manga-8449-9102,1-488620,5,0.4610727035653497,9.271300322337977,9.51561557356593
manga-8450-12701,1-489846,4,0.55002637424246,9.53867879664385,9.7546372595026
manga-8450-12702,1-491193,6,0.42096743090390376,9.450251079671144,9.70383455139705
manga-8450-12703,1-492524,2,0.8564689252547169,9.804787017717537,9.931581937103761
manga-8450-12704,1-491075,-5,0.992202665901825,11.053081885676761,11.132765431288393
manga-8450-12705,1-489642,2,1.0684607206041008,10.917037507555015,10.937567537163213
manga-8450-1901,1-489877,1,0.7460985622762912,8.87243037680916,9.038103310305898
manga-8450-1902,1-491220,1,1.0881954338036515,10.049599059553524,9.956356712042162
manga-8450-3701,1-489644,-5,1.052220631080246,11.317156480813942,11.275550899215233
manga-8450-3702,1-490074,0,1.053664326006789,10.565979065272325,10.632252751052741
manga-8450-3703,1-489814,5,,,10.057532980997074
manga-8450-3704,1-491063,-2,1.1101391759372845,10.31973965832476,10.321032671588789
manga-8450-6101,1-491047,1,1.1061892318926816,10.398925774515467,10.39977060506011
manga-8450-6102,1-489648,5,0.3773241339522855,9.78725146673878,9.965027101195766
manga-8450-6103,1-489649,2,1.0251944665169752,10.617785541830813,10.650882315597814
manga-8450-6104,1-491229,2,1.1027090347322819,10.836441389185367,10.811739845636858
manga-8450-9101,1-490045,5,0.6257464324066433,9.56731314747183,9.793360765340173
manga-8450-9102,1-491058,3,0.9686796425313133,10.058609642898885,10.131101950794651
manga-8451-12703,1-255897,6,,,9.399825957403023
manga-8451-12705,1-278490,3,0.5979152704399304,9.824441701447974,10.007905597021912
manga-8451-1901,1-256125,-5,0.7528199599931149,9.359547460389734,9.542865245831182
manga-8451-3701,1-255676,0,0.776651289174378,9.368863614465656,9.560758824088436
manga-8451-6104,1-256465,-5,0.9741027753643827,10.478557332491032,10.59205456017292
manga-8451-9102,1-255695,5,0.4567545438102627,8.94798201960874,9.138451122550828
manga-8452-12701,1-167678,6,0.5172774386416457,9.351924751457869,9.576507202897465
manga-8452-12702,1-147685,7,0.7706120842070021,9.791414151956314,9.887283012487966
manga-8452-12703,1-148068,4,0.9677753598003598,10.919716787284486,10.959117745078306
manga-8452-12704,1-172986,3,0.5349622358390214,10.014834950344982,10.192090526885453
manga-8452-12705,1-609412,5,0.3445644099820697,9.811740834790701,10.08423299604162
manga-8452-1901,1-167688,-2,0.7767715188692002,9.513963667966332,9.692403589376953
manga-8452-1902,1-148046,4,0.4759757713875956,10.113844266725819,10.380270953097805
manga-8452-3701,1-608874,-5,1.1759451513768369,10.82226946836017,10.765452471166439
manga-8452-3702,1-148127,-2,1.0853981914761448,10.929757316319392,10.977106468853902
manga-8452-3703,1-148086,0,0.9548472521743783,11.399108257765658,11.384181311241313
manga-8452-3704,1-173030,3,0.8062373419569937,9.65365001379579,9.822569485390943
manga-8452-6101,1-167610,4,,,9.382271057577508
manga-8452-6102,1-172948,2,1.0401890636055207,10.632917456163918,10.711991027418755
manga-8452-6103,1-172962,-5,1.1304577244784966,11.143228963747895,11.138668930322071
manga-8452-6104,1-172987,2,0.7973834953711787,9.638426503163362,9.772218989800733
manga-8452-9101,1-172936,-5,1.0739003085465768,11.081135172786551,11.11216579358628
manga-8452-9102,1-586863,5,,,10.247253753814396
manga-8453-12701,1-147514,4,0.6444495709984857,9.913255551853156,10.088759606842167
manga-8453-12702,1-147537,5,0.6106531913500497,9.343347078622964,9.56062268011902
manga-8453-12703,1-147863,3,0.698390160885527,10.452922614131552,10.616469212109129
manga-8453-12704,1-147475,5,0.4846582432690525,9.213419770985606,9.42613210483856
manga-8453-12705,1-167564,5,0.6314818783417557,10.029337859324734,10.183190097046868
manga-8453-1901,1-147815,1,0.6037234051524969,9.462381529801842,9.678283414072514
manga-8453-1902,1-147488,3,0.7391097744753878,9.274156093535506,9.444862623633563
manga-8453-3701,1-167380,-2,1.048429163233589,10.58693828537714,10.618279310046296
manga-8453-3702,1-147521,3,1.055485810123919,10.129842953303639,10.158048721649793
manga-8453-3703,1-167555,-2,0.91176890087457,9.481731132549521,9.609434320331632
manga-8453-3704,1-167582,2,0.5963227570339491,9.616189842061626,9.789618076803048
manga-8453-6101,1-147507,1,0.7544954580626211,9.062903120097765,9.239044083947729
manga-8453-6102,1-147496,8,0.30665352256912826,9.149474725635857,9.255916231272497
manga-8453-6103,1-147602,-5,1.0706647577891353,10.810365231848575,10.86546287467428
manga-8453-6104,1-147787,5,0.8735603235516827,9.69487099601586,9.773829579833004
manga-8453-9101,1-147649,5,0.4088541652205855,9.255765946400969,9.526889551989703
manga-8453-9102,1-147522,2,0.7571114440529954,10.503197319407635,10.670129840122478
manga-8454-12701,1-254520,7,,,9.62091333974287
manga-8454-12702,1-167242,3,0.5949417526415566,10.687517931919933,10.72424145244794
manga-8454-12703,1-608252,4,49.11499933383594,17.669117568063275,10.434998196259714
manga-8454-12704,1-167519,0,1.0865615364444565,10.9598504486088,10.978966193944668
manga-8454-12705,1-586585,-5,,,10.712473759894905
manga-8454-1901,1-254552,-5,0.906115480579686,9.03145225250605,9.178545314511007
manga-8454-1902,1-254532,-5,,,12.132048255801806
manga-8454-3701,1-254546,-5,1.0599782013711767,10.85506964776336,10.874926900849486
manga-8454-3702,1-167392,2,0.6650583110966615,9.329670232697326,9.472784231577238
manga-8454-3703,1-167423,-5,1.0341128510173512,10.91117089184252,10.979077406120181
manga-8454-3704,1-254560,4,,,10.073065501942375
manga-8454-6101,1-221753,2,,,10.536115084473469
manga-8454-6102,1-221789,1,0.9349464570619581,10.995622739851818,11.067227129281864
manga-8454-6103,1-167356,-5,0.9969207945585659,11.03083155474589,11.153455089056548
manga-8454-6104,1-167488,5,0.583725786663436,10.566513581583749,10.619026510950958
manga-8454-9101,1-167403,-5,1.0117450976627715,11.272992326498262,11.280974244603009
manga-8454-9102,1-167627,3,0.7770510857860273,10.097316014416418,10.329589048901978
manga-8455-12701,1-254342,4,,,9.81857952139954
manga-8455-12702,1-254146,4,,,10.562365439113819
manga-8455-12703,1-255090,-2,,,11.304718817043382
manga-8455-12704,1-254691,-5,1.026017998638629,10.943277239183416,11.011790283886409
manga-8455-12705,1-274526,5,,,9.765422658093822
manga-8455-1901,1-254747,-2,0.8891621129992444,9.42210040617658,9.536640496276943
manga-8455-1902,1-274440,-2,0.7236390748268633,9.07157140328831,9.222451132400229
manga-8455-3701,1-274519,6,0.45542970126141213,9.756815381051922,9.961673528518157
manga-8455-3702,1-254694,2,0.9889024694134285,11.114240682844152,11.127046456381494
manga-8455-3703,1-254708,1,0.9544312998677889,9.907152844777205,10.04453976039241
manga-8455-3704,1-274545,0,,,9.425726545582807
manga-8455-6101,1-274506,4,0.587867562993118,9.38045350768974,9.616329499181008
manga-8455-6102,1-254645,3,1.187046163651182,10.177616605310064,9.949704146538727
manga-8455-6103,1-254717,-2,1.0354324082373587,11.050888485275008,11.09530537418267
manga-8455-6104,1-275185,-2,,,10.808065057888767
manga-8455-9101,1-275176,6,0.17881001105716265,9.39189696409641,9.656318648771343
manga-8455-9102,1-255236,6,,,9.736731059037194
manga-8456-12701,1-167167,6,0.4764432614876455,9.537689512209193,9.754691506821242
manga-8456-12702,1-167148,6,0.3076980397618776,9.126577349401565,9.353013637545091
manga-8456-12703,1-147485,4,0.38654149000243976,9.755725518807676,10.020095983627911
manga-8456-12704,1-167337,7,0.4900019341403308,9.313439693666089,9.524027237135407
manga-8456-12705,1-167169,5,0.6191322225503839,9.785398873603274,9.85149255990099
manga-8456-1901,1-147547,-2,0.9102247354359747,9.983582002932986,10.150298885290665
manga-8456-1902,1-167334,-2,0.9617099805040574,10.138669887071645,10.229730464198978
manga-8456-3701,1-585869,-2,,,10.39512186824028
manga-8456-3702,1-545611,-5,1.0205846464890556,10.70698426301809,10.76890658535679
manga-8456-3703,1-147548,2,0.8257651843793887,9.152228159044592,9.308730843434644
manga-8456-3704,1-167141,-2,0.9642540658926819,9.482692523915468,9.606737039906065
manga-8456-6101,1-167166,1,1.0327155195465814,10.211304172886553,10.274790349564391
manga-8456-6102,1-167336,1,0.9333472990135832,10.659806078244653,10.777679785054561
manga-8456-6103,1-167342,-5,1.1183154654843506,11.261587295700616,11.246877561368098
manga-8456-9101,1-167360,4,0.6170892636191034,9.61956223350857,9.83423435582632
manga-8456-9102,1-147546,4,0.6659482450529914,9.265660788507633,9.472847100656553
manga-8458-12701,1-217480,4,0.7378845556087192,9.923227755295017,9.958572960789535
manga-8458-12702,1-167089,4,0.562280274267632,8.757644225776701,8.981846683695705
manga-8458-12703,1-167083,3,0.764999887675387,10.659447037864311,10.660052074022653
manga-8458-12704,1-166908,8,0.6051418047067152,8.753260288422076,8.936928235530264
manga-8458-12705,1-166892,6,0.8152187848102628,10.395420192708738,10.547487951776617
manga-8458-1901,1-217367,0,0.023605413659179675,8.771283973436107,8.953632621478175
manga-8458-1902,1-217358,-5,0.889862692921529,9.84454068220825,9.994541062407384
manga-8458-3701,1-217500,3,0.5636791853357188,9.013974864554898,9.203986959600647
manga-8458-3702,1-585744,5,0.005178853713236009,9.171224448360286,9.440515521112228
manga-8458-3703,1-545674,5,0.5471044104671776,9.612345495154276,9.85779188170943
manga-8458-3704,1-545621,6,49.54087119783594,16.975693170463284,9.649802982215098
manga-8458-6101,1-217479,2,0.5650134782341603,9.739479312045614,9.872068822102246
manga-8458-6102,1-606105,7,0.6521779479607694,9.16949574475413,9.370344668373564
manga-8458-6103,1-217499,-5,0.9852075854843569,11.031858227700623,11.09857797107728
manga-8458-6104,1-545654,0,0.9944686193279964,10.024654545462974,10.156985044123713
manga-8458-9101,1-217376,-5,0.9330313654843501,11.076221225700618,11.112061793856622
manga-8458-9102,1-217520,4,0.45387426357827465,8.596329310497152,8.828534229358596
manga-8459-12701,1-166739,-5,0.8518878494066406,10.484225382171829,10.71994913675506
manga-8459-12702,1-166736,5,,,9.12421720873438
manga-8459-12703,1-167113,3,0.6182882327663215,9.440408861284928,9.587780536339904
manga-8459-12704,1-167075,4,0.5667424365078304,8.764220127069517,8.989777639640014
manga-8459-12705,1-166738,5,0.5055289391171236,8.969157234491773,9.217873318601315
manga-8459-1901,1-167079,2,0.8813720396864326,9.205373713584276,9.217881207716607
manga-8459-1902,1-167067,-2,0.5585393562373611,8.57314735207501,8.828755250433527
manga-8459-3701,1-166932,-5,1.1014766611338196,10.866518941288353,10.856967415022726
manga-8459-3702,1-166919,2,0.9605794213357193,10.861601092154899,10.86394114071163
manga-8459-3703,1-166947,4,1.1078313780135787,11.128919977144648,11.011583129716232
manga-8459-3704,1-166754,6,0.49313155007740406,9.088726969096133,9.335716594934388
manga-8459-6101,1-167080,1,0.7453957413199603,9.932029557377922,10.095057711192869
manga-8459-6102,1-166969,5,0.49048977111033665,8.661370381058987,8.898379582597423
manga-8459-6103,1-166930,-5,1.0646292486621078,11.227719032432548,11.282925582520614
manga-8459-6104,1-167044,-5,0.9237707545953491,10.80494090170555,10.860009615720628
manga-8459-9101,1-166889,9,48.820243672835936,16.094669872963276,8.789338116333026
manga-8459-9102,1-167013,8,0.25446159544445734,8.6091844055088,8.594693026810528
manga-8461-12701,1-558175,-5,1.1359839635691245,11.380094198735852,11.363053242006895
manga-8461-12702,1-166672,3,0.48350957567569,8.655175948457432,8.897046728140879
manga-8461-12704,1-166826,3,0.654939044269053,8.884452160085607,9.091044080987963
manga-8461-12705,1-166488,5,0.7332314045910948,9.337029554778843,9.453423842439877
manga-8461-1901,1-217412,0,0.6164061063007367,8.506491911496195,8.72833511101599
manga-8461-1902,1-166646,3,0.9253280770997776,9.467520859569024,9.604616958206947
manga-8461-3701,1-166613,0,0.9586821287853624,10.755486480530934,10.883370672776874
manga-8461-3702,1-166670,-5,0.9386941941579572,11.171416178003195,11.252544790897423
manga-8461-3703,1-166959,-5,1.0644001396961507,11.108378567851878,11.164558056061145
manga-8461-6101,1-166600,3,,,11.091638824248399
manga-8461-6102,1-166862,2,0.7776207313199635,9.225059206377924,9.382337689395298
manga-8461-6103,1-217400,1,0.8553149819569903,9.845830017795787,9.983772831147956
manga-8461-9101,1-166691,-5,1.0178842626726698,10.852631528902744,10.928004401147088
manga-8461-9102,1-166703,2,0.662625788507345,8.737254658740678,8.949747542416098
manga-8462-12701,1-301244,5,0.5576982662335901,9.24047338267714,9.474058840232475
manga-8462-12702,1-232333,7,0.4932298256961509,8.790576550451878,9.024928766761217
manga-8462-12703,1-232526,6,0.5446232155510202,9.735502668030378,9.955311487384495
manga-8462-12704,1-232722,7,0.4465657744843483,8.625059167600615,8.81771737907388
manga-8462-12705,1-606005,3,0.964811058722649,10.33008733429523,10.397037476174395
manga-8462-1901,1-301331,-2,0.9896024635231022,9.532499668017655,9.502696080748692
manga-8462-1902,1-301579,3,0.15440276114420115,10.129018910324538,10.426218379832578
manga-8462-3701,1-232397,0,1.2187371617724416,10.629150548671763,10.475852711621494
manga-8462-3702,1-232720,-5,1.0295263804784973,11.260575533347895,11.31654692381702
manga-8462-3703,1-232643,6,0.3458698044890589,8.736474880818092,8.818309048425709
manga-8462-3704,1-232512,-2,0.7342214469182444,9.49993770473922,9.719783579603318
manga-8462-6101,1-301537,2,0.7452362345082229,9.634450675381348,9.805254076167627
manga-8462-6102,1-232516,-5,0.9649245129522832,10.957523495638778,11.029245755639566
manga-8462-6103,1-232536,-2,0.9260506595691247,9.931753332335852,10.125504037098903
manga-8462-6104,1-232621,5,0.4091752864005116,9.010973905384985,9.262804551743848
manga-8462-9101,1-301241,5,0.6188291241307056,9.461666809375961,9.683419002598498
manga-8462-9102,1-301260,5,0.6032306223201793,9.252304467333111,9.469223897315073
manga-8464-12701,1-258820,4,0.665693242726153,9.744549800419453,9.95762356681272
manga-8464-12702,1-258988,4,0.8589524314574604,10.35612666410528,10.298608580555307
manga-8464-12703,1-282708,6,0.6416092819699131,9.162378979954958,9.374612722339227
manga-8464-12704,1-282712,4,0.4869995576756878,9.842748504657429,9.988287326427308
manga-8464-12705,1-259001,5,0.35028908040730045,8.874736689457308,9.027854971054657
manga-8464-1901,1-258746,-5,1.1267899444254112,9.164411521723252,9.096499845387548
manga-8464-1902,1-258774,-2,0.9972823301042091,10.511399520432608,10.592921416821737
manga-8464-3701,1-258617,2,0.6780857761934236,9.894078471811666,10.085151381851523
manga-8464-3702,1-590159,3,,,9.929795321421798
manga-8464-3703,1-258536,0,0.9612425738569499,9.80670565851242,9.881816453767577
manga-8464-3704,1-258947,4,0.5653849495693066,10.068946839032035,10.206380563397783
manga-8464-6101,1-258599,3,0.7904012398430638,11.180850475816506,11.040993740681381
manga-8464-6102,1-258752,4,0.5457962416041013,9.159407008655014,9.383879966966214
manga-8464-6103,1-258795,3,0.5882872979057794,9.197564040931281,9.415514208781863
manga-8464-6104,1-258778,3,0.6321969002847148,9.45949995144557,9.676947711833723
manga-8464-9101,1-282600,-5,1.020711403306862,11.169682461722573,11.234221072646205
manga-8464-9102,1-258758,4,0.6817176288379088,9.691120925287342,9.85544282942873
manga-8465-12701,1-284428,6,,,9.982372104313269
manga-8465-12702,1-284515,5,0.5938231077566911,9.015695570494794,9.154971441544472
manga-8465-12703,1-234270,5,1.0643900893880485,10.500987624777048,10.380285427349088
manga-8465-12704,1-576537,3,,,10.393016841880781
manga-8465-12705,1-285004,3,0.8111146951020345,10.509944498460749,10.604277906046374
manga-8465-1901,1-234115,-5,1.0477774579727424,10.08471543915299,10.177288260722245
manga-8465-1902,1-285020,-5,1.158890748761884,9.57668178130157,9.530098479140019
manga-8465-3701,1-284048,3,,,9.906203009146422
manga-8465-3702,1-284552,1,0.3387058914843557,8.859853372300623,8.939275080541242
manga-8465-3703,1-285031,3,0.986572742369006,10.10484710143104,10.054283570473547
manga-8465-3704,1-284523,-2,1.1430447635231005,10.410079878017655,10.416047731960589
manga-8465-6101,1-284031,-5,,,11.397171496462876
manga-8465-6102,1-234092,5,,,9.293757991485187
manga-8465-6103,1-233721,2,1.0749948401338152,10.367564350188351,10.427161402925966
manga-8465-6104,1-234272,1,1.0161042653749526,10.403434440561236,10.49557069967015
manga-8465-9101,1-591474,4,0.8622907849150998,9.74136171612829,9.707981283878121
manga-8465-9102,1-284526,2,0.7247169499888635,10.05512156746303,10.15904054763018
manga-8466-12701,1-277987,5,0.526006469961608,9.322552979756718,9.513196284478257
manga-8466-12702,1-278011,5,0.5564996185680968,9.918008692478312,10.11974732751927
manga-8466-12703,1-279002,5,0.5682149846137321,8.932489583245149,9.135228090226056
manga-8466-12704,1-277997,5,0.5172065768268617,10.072578951488307,10.308299701376576
manga-8466-12705,1-257100,5,0.6147332366915919,9.811983484792513,9.857502561801052
manga-8466-1901,1-277944,1,0.8508616869689725,9.531277175635353,9.705625982139285
manga-8466-1902,1-256819,-2,0.9233119395078297,10.495378184369518,10.66441442836947
manga-8466-3701,1-575898,-5,,,10.730899309523828
manga-8466-3702,1-277965,5,0.5630811349379528,9.055329916370711,9.300754131071692
manga-8466-3703,1-279120,-5,1.0336889772479232,11.251576752245207,11.29618017670358
manga-8466-3704,1-256832,0,49.60508692683593,18.78789440436327,11.295615474375102
manga-8466-6101,1-277992,-5,0.8687720963357144,11.021433974654895,11.159037536390883
manga-8466-6102,1-256647,1,1.0762719582629252,10.205563623998763,10.221484658264929
manga-8466-6103,1-278015,-2,0.9473917103160083,10.52846265718387,10.647556066522913
manga-8466-6104,1-279123,-2,1.0849966623937242,11.345265688312661,11.339505103670671
manga-8466-9101,1-256860,6,0.6089515172335922,9.232953986777142,9.464945362066857
manga-8466-9102,1-279083,6,0.3205338875313153,8.826344612398888,9.052478472264774
manga-8479-12701,50-1,-5,,,
manga-8479-12705,50-2,-5,2099.7527600051453,-2888.566699997024,
manga-8479-3701,50-12,-2,2099.619480037092,-2888.5870999724284,
manga-8479-3702,50-13,-5,2099.5577400410166,-2888.596549965502,
manga-8479-3703,1-456757,0,0.8901513039391737,9.136107508323699,9.304953442253364
manga-8479-6103,50-8,-5,2099.73904000312,-2888.568799995692,
manga-8479-9101,50-6,-2,2099.7135600084057,-2888.5726999909293,
manga-8479-9102,50-7,-5,2099.7532500074794,-2888.566624992774,
manga-8481-12701,1-90807,2,1.0889801403007375,10.783796300896196,10.796553519877108
manga-8481-12702,1-91678,4,0.6807759646811853,10.047874463717175,10.083986094471964
manga-8481-12703,1-90849,2,0.8612352579686977,10.587609747101233,10.697768823381432
manga-8481-12704,1-91760,4,,,10.52698635918061
manga-8481-12705,1-91762,5,0.3071232376399209,9.617001585255842,9.862744208718482
manga-8481-1901,1-91577,-5,,,11.056645721195505
manga-8481-1902,1-91339,2,0.9925846009182457,10.59823524613922,10.660325593311246
manga-8481-3701,1-91417,4,0.728239220732636,9.827982697177728,9.875180533230422
manga-8481-3702,1-91582,-5,,,11.235934776600262
manga-8481-3703,1-91747,1,0.9993840096750262,9.813370086711483,9.918200244863169
manga-8481-3704,1-91550,-2,1.070101786706715,11.127722644622077,11.155927853793623
manga-8481-6101,1-91652,-5,1.0877286831338218,10.698757501488357,10.732182190800144
manga-8481-6102,1-91580,2,,,10.12678057701201
manga-8481-6103,1-633356,2,0.8114305704298488,10.520268433906612,10.676011002545627
manga-8481-6104,1-576269,-5,,,11.364631655952557
manga-8481-9101,1-90779,0,0.8878022903009182,10.595306127631913,10.665975710026842
manga-8481-9102,1-90785,6,0.4626888132925302,9.259863373254504,9.459948571399112
manga-8482-12701,1-542375,3,1.0580856644254126,11.194111853723253,11.22171670402191
manga-8482-12702,1-542351,-5,1.0009389081913334,10.85270759455681,10.938964299156899
manga-8482-12703,1-93640,4,0.8221884405381026,10.71881524337121,10.830673979605532
manga-8482-12704,1-92866,-5,1.1015084613629682,11.206122747782132,11.185210570676126
manga-8482-12705,1-542392,4,0.9248906175108473,10.711763882443972,10.741813177023316
manga-8482-1901,1-594386,-5,,,10.96423793850838
manga-8482-1902,1-92547,3,0.9317043769820721,10.499137794490705,10.497620649781288
manga-8482-3701,1-92774,-5,1.0438931900264983,10.433644578503818,10.454123484771971
manga-8482-3702,1-542358,4,0.9180925553521355,10.632683263517354,10.649217018438668
manga-8482-3703,1-542327,2,1.0045192445087636,10.968536715649583,11.008284981025362
manga-8482-3704,1-93612,2,1.0111865934876434,10.67293891340919,10.655385297561363
manga-8482-6101,1-92771,1,0.926157796655982,10.83101584872594,10.955736804062632
manga-8482-6102,1-92832,-2,1.0458765122772569,10.92093350486683,10.97639721226533
manga-8482-6103,1-542414,-5,1.0443897654784955,10.967205076847893,11.046085259177422
manga-8482-6104,1-542370,-2,1.05661682609977,10.543464975469018,10.609858960160174
manga-8482-9101,1-92626,2,0.9782442150497026,10.834673596638597,10.881009552021219
manga-8482-9102,1-92744,2,0.8174254302772574,10.274278418666832,10.487326481854783
manga-8483-12701,1-92487,7,0.38977963371652535,9.53286202522932,9.494353600053914
manga-8483-12702,1-93520,3,0.5341586577259356,9.052547144064263,9.223895526060295
manga-8483-12703,1-542318,1,1.0446076028102667,10.504961356508742,10.560634624280302
manga-8483-12704,1-574361,7,,,8.791402895007732
manga-8483-12705,1-93466,7,0.4853748622547158,9.009461984417534,9.219833296783055
manga-8483-1901,1-93551,-2,0.7762978186726706,8.750114048502745,8.947653754425698
manga-8483-1902,1-94228,1,0.9762716324761413,10.286462809419389,10.397448108850666
manga-8483-3701,1-93375,1,,,10.210412165347666
manga-8483-3702,1-93706,-2,,,10.42102118666272
manga-8483-3703,1-542312,-5,1.1213166899161635,10.830460537584369,10.839969257588178
manga-8483-3704,1-93503,3,1.1649611801593807,9.714690117912104,9.599635300786987
manga-8483-6101,1-93557,2,0.8843240320515768,10.036680450977803,10.067394502515402
manga-8483-6102,1-633943,-5,,,11.070414707637891
manga-8483-6103,1-93705,5,,,9.082153209386924
manga-8483-6104,1-93471,-5,1.0791135196750261,11.407726227711482,11.430458846125273
manga-8483-9101,1-93378,3,,,10.401605575879632
manga-8483-9102,1-93455,4,0.4292595503486325,9.168672198214063,9.431030677356599
manga-8484-12701,1-569042,-5,,,11.125608119717533
manga-8484-12702,1-93215,3,,,10.541887383849605
manga-8484-12703,1-574355,4,,,10.910557708354952
manga-8484-12704,1-94139,3,,,10.43487535669791
manga-8484-12705,1-94169,7,0.4477886070173547,8.978851191442525,9.177155423342858
manga-8484-1901,1-94029,-2,1.0475956496050571,10.096939753854121,10.187670160106771
manga-8484-1902,1-94066,4,,,10.161933714020645
manga-8484-3701,1-93861,3,0.33335609545634526,9.518613080910429,9.752045373157355
manga-8484-3702,1-94027,2,,,10.365162141823042
manga-8484-3703,1-94009,5,0.6481866654235056,10.04661728398551,10.227601364225407
manga-8484-3704,1-94063,6,0.7665806709098497,10.399309291361186,10.358756942174345
manga-8484-6101,1-93835,3,0.9986828537860255,10.171967943216417,10.188090006551066
manga-8484-6102,1-94168,-5,1.2713769687628194,10.880250339081638,10.732536088578321
manga-8484-6103,1-93252,3,,,9.760333504258604
manga-8484-6104,1-94136,6,0.3616372607675409,8.655195214608261,8.819053432305706
manga-8484-9101,1-93876,-5,0.8765141686855955,10.920002862681686,11.107114957337602
manga-8484-9102,1-634055,-5,,,10.894383638966001
manga-8485-12701,1-209191,6,0.34764350186778614,8.983488482977203,9.187097500583477
manga-8485-12702,1-209151,6,0.5352948503650516,8.76458220017652,8.97752378386472
manga-8485-12703,1-633196,-5,,,10.925375013220147
manga-8485-12704,1-209287,6,0.3034128283749489,9.104695703861234,9.27568673603447
manga-8485-12705,1-209111,5,0.6342549736982335,9.25889553570673,9.467540033652243
manga-8485-1901,1-209232,0,0.6261379537981888,9.505781303252165,9.629350465781462
manga-8485-1902,1-209113,-5,0.9154262902479253,9.203075240545209,9.336511766015004
manga-8485-3701,1-247348,2,0.41915203294549386,9.120315503005989,9.315378294529166
manga-8485-3702,1-209198,5,0.2210132788799477,9.116725743712948,9.337005760929088
manga-8485-3703,1-209109,-5,1.0181971655510225,10.70656053303038,10.734234799380491
manga-8485-3704,1-209108,5,0.6196663513460123,9.228905925551445,9.402515864646675
manga-8485-6101,1-247331,1,0.5485675115979767,9.219559832168175,9.465460184676003
manga-8485-6102,1-209175,4,0.4121953981042097,8.98210871923261,9.155557683673317
manga-8485-6103,1-209221,4,1.022280837531337,10.06627122829912,9.846511537274532
manga-8485-6104,1-209296,-5,1.0765662876621072,10.726735827332547,10.746508873667407
manga-8485-9101,1-209266,-5,1.0355700074996186,11.217721177188286,11.279032374234099
manga-8485-9102,1-209199,5,0.8480640497778182,10.21356460083519,10.316396039075192
manga-8486-12701,1-209537,3,1.0315196923453414,11.15730533750549,11.175798735610584
manga-8486-12702,1-209533,7,0.5147054581678603,9.16317213832745,9.276215864127753
manga-8486-12703,1-633225,7,0.5514893230461979,8.957184859635303,9.154280909324646
manga-8486-12704,1-209407,4,0.7179153563749487,8.903577428661233,9.075977392968971
manga-8486-12705,1-569072,3,0.6276042361798666,10.453305487525395,10.51298706973663
manga-8486-1901,1-134004,1,0.6814439984263458,9.03009044890332,9.237375315846583
manga-8486-1902,1-133987,-5,1.109484978802051,9.90252137212751,9.935432189872135
manga-8486-3701,1-209049,-5,1.043701329133814,11.13168734008835,11.193255423780142
manga-8486-3702,1-209078,-2,0.6033300646115585,9.235968521812827,9.422084017431981
manga-8486-3703,1-133945,0,0.8241503105298946,8.804088034389983,8.960185752595672
manga-8486-3704,1-209607,1,0.9756113793500525,10.990786989422968,11.051869963069839
manga-8486-6101,1-209428,2,0.5385014872968732,10.298012531260385,10.45933518123437
manga-8486-6102,1-134020,7,0.7528065928569454,9.127010371412416,9.318261645331777
manga-8486-6103,1-133948,0,0.9331258280217902,9.38299165812588,9.52584524503819
manga-8486-6104,1-133922,4,0.7960939105082225,9.415494286981348,9.577876519996815
manga-8486-9101,1-133976,4,0.6498724136205247,9.066222305817476,9.293225503786864
manga-8486-9102,1-133941,2,0.5427556621382479,9.146772045971703,9.388230901911564
manga-8487-12701,1-209661,6,0.5324062568020551,8.869231681927511,9.102512598776444
manga-8487-12702,1-209904,-5,1.201549503916162,11.128969824984367,11.080518260527118
manga-8487-12703,1-134400,5,0.6862275098020554,9.694919264227511,9.896689873783581
manga-8487-12704,1-134393,4,0.5294761025230095,9.580567965979718,9.704495412228983
manga-8487-12705,1-594123,8,,,9.16582576665843
manga-8487-1901,1-133953,-5,0.7899781885319754,9.010898856684367,9.194375567482211
manga-8487-1902,1-134361,1,0.9620684767618783,10.003938706101565,10.114360742518592
manga-8487-3701,1-134312,-2,0.9044648225298921,9.471600693589979,9.615717594587883
manga-8487-3702,1-133949,-2,0.8183458387762172,9.710178616789406,9.946948177952383
manga-8487-3703,1-133946,8,0.4648062250619631,8.579296188651822,8.803391556816392
manga-8487-3704,1-134308,5,0.7044741673840917,8.805156290522525,9.010736576263769
manga-8487-6101,1-209926,0,,,11.122304367000782
manga-8487-6102,1-134270,3,0.7297548195073489,9.677857140840683,9.842077902348773
manga-8487-6103,1-594091,5,0.7944299057384043,8.840557354732669,8.998878072326853
manga-8487-6104,1-134382,-2,1.16673365178913,11.06366416724857,11.0448845505156
manga-8487-9101,1-134316,-5,0.4651707679182415,8.257772145839217,8.444779974390356
manga-8487-9102,1-134271,-2,,,10.077880034354825
manga-8488-12701,1-247591,6,0.6401284031593804,9.090142067212104,9.290130368306226
manga-8488-12702,1-247614,3,0.9710928921743758,10.616775701765654,10.639553222054817
manga-8488-12703,1-209474,-5,1.0951568273749466,11.16098879476123,11.184205771418755
manga-8488-12704,1-247634,7,0.8087928198971177,9.038941880898822,9.159903911572837
manga-8488-12705,1-247377,4,0.8776158044929225,10.647545196013747,10.614541834648834
manga-8488-1901,1-209591,-5,0.8736369200837437,9.538291562438157,9.67257993436313
manga-8488-1902,1-247629,0,0.4127948225073439,9.110584668140678,9.197616833786725
manga-8488-3701,1-247885,2,0.4978794817536709,9.052983925620339,9.298014231227931
manga-8488-3702,1-247632,3,0.45968178136439164,8.97187280709104,9.209252213692219
manga-8488-3703,1-247627,0,0.6267063573880449,9.199129263577046,9.37371727704871
manga-8488-3704,1-209481,1,0.8079893905078315,9.370301448469519,9.624350174670022
manga-8488-6101,1-247630,1,0.8294931729031525,10.451082649747729,10.511229422733715
manga-8488-6102,1-247600,-5,1.371200911590254,11.431936763676251,11.181963573791174
manga-8488-6103,1-569063,1,1.0906630420264989,10.74213167170382,10.71668098223015
manga-8488-6104,1-209552,4,0.5147646511743815,9.08577660866566,9.257832110416112
manga-8488-9101,1-247601,6,0.45593777162429205,9.061788114015345,9.316871567348347
manga-8488-9102,1-209543,4,0.6544125246726793,9.291696553102753,9.392791889854111
manga-8546-12701,1-91241,1,,,10.723527911611658
manga-8546-12702,1-131989,6,0.388443769051392,8.154760569981617,8.365766817248726
manga-8546-12703,1-91179,5,0.2729244690966617,9.316238630497326,9.596627879967011
manga-8546-12704,1-91131,4,0.6212632713894628,9.919702988285948,10.071922490498048
manga-8546-12705,1-131877,5,0.2503094964603001,9.887259934064947,10.153729520903543
manga-8546-1901,1-91925,1,1.0739460461314678,10.191262481699386,10.245184355304913
manga-8546-1902,1-633381,5,0.33232397682818515,10.20453678185927,10.378070694006443
manga-8546-3701,1-132011,-5,1.0247892001525827,11.362777481239773,11.407708647573504
manga-8546-3702,1-91171,-5,1.1011463734803826,10.620233457827062,10.658358693342477
manga-8546-3703,1-92007,-5,1.0226128927301943,10.728846564490976,10.795712521096501
manga-8546-3704,1-91923,0,0.7033756410339542,9.97802356646163,10.049210267342332
manga-8546-6101,1-91944,3,0.6371502692485898,9.647363914630695,9.855524001325364
manga-8546-6102,1-91928,1,0.5660519643937221,9.751726056512661,9.889694351318107
manga-8546-6103,1-91158,1,0.6604904660761974,10.006925610242412,10.127169613599897
manga-8546-6104,1-91135,1,0.9172611271678548,10.515226506227446,10.670291321697311
manga-8546-9101,1-91170,2,0.8342417853623338,9.34544050997596,9.298693733125463
manga-8546-9102,1-134108,5,0.575881003732281,9.392584927085366,9.554421315120436
manga-8547-12701,1-593159,1,1.003252194777815,10.779328980335187,10.764740871122418
manga-8547-12702,1-245695,5,0.9226679295476394,10.151511941544333,10.149680882482938
manga-8547-12703,1-245654,0,0.9180505474386322,11.596974382677246,11.466201586957895
manga-8547-12704,1-245686,4,0.8013906332029599,9.930397658784791,9.936083255956694
manga-8547-12705,1-246196,5,0.7663770474315328,9.21313658952986,9.369750045032108
manga-8547-1901,1-246108,1,1.1770112537860271,10.115872943216417,9.989281139823289
manga-8547-1902,1-246177,-5,1.1663119746055202,11.353702486263918,11.266558588438853
manga-8547-3701,1-245684,-5,1.0066246328813655,9.454574312421851,9.512418883246859
manga-8547-3702,1-245896,1,0.9891765130156642,9.95385413813904,10.010342366139568
manga-8547-3703,1-245869,-5,1.0233148954747229,10.687340589450022,10.695280243229202
manga-8547-3704,1-246191,0,0.5785650875313131,9.109451132398886,9.268008991789745
manga-8547-6101,1-245908,0,1.1163684589018281,9.910455981976764,9.884666245484693
manga-8547-6102,1-245670,2,0.6178295415638431,10.168556961772534,10.31066782732285
manga-8547-6103,1-245811,4,0.614974715420221,9.694719900116478,9.854390462872283
manga-8547-6104,1-246175,1,0.6177672786835977,9.33601291386647,9.520714047206361
manga-8547-9101,1-245879,-5,1.208892993945497,11.120055108105992,11.047601925695883
manga-8547-9102,1-630590,2,0.8444036694168418,9.941891117630437,9.99216853494449
manga-8548-12701,1-569034,4,,,10.417971301090414
manga-8548-12702,1-93260,3,,,10.11271892187272
manga-8548-12703,1-93598,5,,,9.45914661956236
manga-8548-12704,1-633839,5,0.5828971016239279,9.806097041403753,9.963053154205584
manga-8548-12705,1-93288,-2,,,10.416675449166771
manga-8548-1901,1-92638,0,,,9.456835000096007
manga-8548-1902,1-92519,4,0.390245465588567,8.873251173133232,9.117990104307278
manga-8548-3701,1-92635,-5,,,10.999846232534958
manga-8548-3702,1-92526,5,0.20182704324179568,8.65991178531883,8.736317604920227
manga-8548-3703,1-92537,-5,1.0372492770619566,11.093614761851816,11.149502389697988
manga-8548-3704,1-93257,4,,,9.288233571008831
manga-8548-6101,1-93233,-2,,,10.582169081422457
manga-8548-6102,1-93236,3,,,10.034435928867804
manga-8548-6103,1-92502,5,0.4232384243793845,9.18129084304459,9.39421871042295
manga-8548-6104,1-93231,2,,,10.071244820225367
manga-8548-9101,1-92615,-5,,,11.06640047595563
manga-8548-9102,1-93352,6,,,8.704801470469395
manga-8549-12701,1-209980,2,,,10.596897149907136
manga-8549-12702,1-210017,3,,,10.807938017848965
manga-8549-12703,1-93310,5,,,9.938964299156899
manga-8549-12704,1-134599,5,,,9.459916943463316
manga-8549-12705,1-134597,3,,,10.805574253840389
manga-8549-1901,1-209729,1,,,8.86762656253523
manga-8549-1902,1-134562,1,,,9.311921191079943
manga-8549-3701,1-210231,1,,,9.796602776486273
manga-8549-3702,1-134248,3,0.7371075205585669,8.988482401345891,9.172953027546354
manga-8549-3703,1-134239,1,,,10.623722620159532
manga-8549-3704,1-134634,0,,,10.372729781892637
manga-8549-6101,1-209712,-5,,,11.02366803081546
manga-8549-6102,1-134614,2,,,10.268933498525683
manga-8549-6103,1-134293,6,,,9.432422472902605
manga-8549-6104,1-93305,2,,,9.258335518015707
manga-8549-9101,1-134209,1,,,11.027997507562517
manga-8549-9102,1-210019,4,,,9.84633092555466
manga-8550-12701,1-210962,2,1.068029036176064,10.841100524108672,10.890554025570149
manga-8550-12702,1-211082,2,0.9748956454399256,10.65645545394797,10.622356000577476
manga-8550-12703,1-135054,4,0.6716048591524988,10.160416321201843,10.269400853758679
manga-8550-12704,1-211063,2,1.09769835349962,10.667294685788288,10.63909983495426
manga-8550-12705,1-135468,4,0.987802446656648,11.074505808911423,11.048336907600818
manga-8550-1901,1-594446,-5,,,9.869123719567332
manga-8550-1902,1-210748,0,1.0867583245418686,9.977991638169076,10.019606413289713
manga-8550-3701,1-210989,2,0.7176782119917,9.874547706280836,10.028237677544148
manga-8550-3702,1-210961,3,0.9382586837891367,9.834296158448575,9.995957944073899
manga-8550-3703,1-210802,-2,0.9377051531239147,10.171434834603634,10.285275939071205
manga-8550-3704,1-211311,2,0.9347512111760707,10.16270613660868,10.2829482210082
manga-8550-6101,1-594483,-5,,,10.73862282071474
manga-8550-6102,1-211239,6,0.7685431393132909,9.406899376422842,9.439610553393102
manga-8550-6103,1-211103,5,0.8822070908118604,10.253523332313822,10.304281516351804
manga-8550-6104,1-135516,1,0.5027118335087692,9.896675135549586,10.21375940717239
manga-8550-9101,1-135530,5,0.6890631400379021,9.429371391416144,9.540105386116748
manga-8551-12701,1-569130,4,0.7010180195037563,10.540079884099457,10.572892503570971
manga-8551-12702,1-247456,2,0.9353388704918046,10.858669599097961,10.903766416460247
manga-8551-12703,1-247858,1,0.6106059957566892,9.247626851294793,9.452444284498691
manga-8551-12704,1-247417,2,0.8085657479111461,10.24770621537377,10.30325871230358
manga-8551-12705,1-247382,5,0.2461656600897868,10.022796272987069,10.303863191495525
manga-8551-1901,1-247449,-5,1.0605554704066371,10.346238633271824,10.404862782600782
manga-8551-1902,1-247373,1,0.10416283204970256,8.349550351338596,8.433425781239206
manga-8551-3701,1-247424,4,0.4251334423567492,9.368295844457354,9.52915177241679
manga-8551-3702,1-576431,-5,,,11.066773037085026
manga-8551-3703,1-247628,-2,0.9880607977149225,10.468354050703304,10.587734530746772
manga-8551-3704,1-247845,-5,1.101245347504058,10.878181626771646,10.835294136520213
manga-8551-6101,1-198869,5,0.4250309980936464,8.44743577016241,8.683429805518331
manga-8551-6102,1-198859,-5,0.924572794273292,10.705322090393278,10.855548834471833
manga-8551-6103,1-247395,-5,0.9468603495073467,10.86490294384068,10.9434183345663
manga-8551-6104,1-247817,4,0.4927771600164519,9.273108458862701,9.407407901965183
manga-8551-9101,1-247430,0,0.9235897088783425,9.695591215747395,9.812974821665948
manga-8551-9102,1-247882,4,0.5771230687384055,9.110533718032672,9.371682831183714
manga-8552-12701,1-321739,5,0.902815174231538,10.462394591962065,10.369679599559817
manga-8552-12702,1-322045,6,0.20490891205139405,8.98356291128162,9.043232559845933
manga-8552-12703,1-322028,4,0.9001887023875987,10.773599198825822,10.848051722679713
manga-8552-12704,1-322035,6,49.19988347483593,17.58389103116327,10.306058135056215
manga-8552-12705,1-322048,7,,,9.200379848632315
manga-8552-1901,1-322074,-2,1.0948492304803814,9.881687596527062,9.90883285130112
manga-8552-1902,1-321967,-2,0.8694798112110433,9.714812036727839,9.832789197649808
manga-8552-3701,1-321963,2,0.26780848896897425,8.472160073835354,8.504107779223562
manga-8552-3702,1-321979,6,0.4246514355902491,9.040850412076246,9.133787917628712
manga-8552-3703,1-322087,-5,0.908488804802051,9.46283506872751,9.641144794427914
manga-8552-3704,1-322259,5,0.2249450820175305,9.201755687599167,9.452217446839985
manga-8552-6101,1-321962,6,0.27304819408374925,8.451311715838163,8.662986248265566
manga-8552-6102,1-321961,2,0.6022667157322772,9.361148506285364,9.567172283420286
manga-8552-6103,1-322096,-5,1.0487486839555764,11.22593041868689,11.182953619157676
manga-8552-6104,1-198600,-2,0.9585663804843492,10.955814202200617,11.066344564210215
manga-8552-9101,1-322020,4,0.9103216679250394,10.689477394511549,10.749399258839556
manga-8552-9102,1-322113,-5,0.8221520141239189,11.044083209703638,11.14501295023185
manga-8553-12701,1-90986,4,0.7530378628684424,9.410109673262678,9.548526994591471
manga-8553-12702,1-90190,4,1.2185585814427675,10.88696198616578,10.77839655747319
manga-8553-12703,1-593985,7,,,8.614979429051052
manga-8553-12704,1-90244,4,0.8773309710121602,10.895441966135747,10.967315791251162
manga-8553-12705,1-90901,2,0.4023825949807751,9.627451794978121,9.765123668886453
manga-8553-1901,1-90242,-5,48.83694372083593,17.136260589763275,10.007491733295335
manga-8553-1902,1-90685,-2,1.0904206463279884,10.367592331162967,10.41074856056201
manga-8553-3701,1-90984,-5,0.759759307735564,8.680065412354397,8.851184940631136
manga-8553-3702,1-542308,-5,1.0498288535169706,10.834226243530809,10.859174336834977
manga-8553-3703,1-91010,2,1.012352085299046,10.736416782492709,10.751536216436202
manga-8553-3704,1-91019,1,0.3011677165040574,9.470914084671644,9.574724427323945
manga-8553-6101,1-90176,3,0.81353837751697,8.794748871930807,8.975923730219074
manga-8553-6102,1-90192,-5,0.9684626975674355,10.888040886192831,10.96115521498054
manga-8553-6103,1-632698,0,1.0679856815691267,10.398249272535853,10.452080980638746
manga-8553-6104,1-90213,1,0.919173063654565,10.628553711117036,10.752554701421953
manga-8553-9101,1-91016,2,0.9241754595319769,9.95122716278437,10.008425567316927
manga-8553-9102,1-90231,5,0.809146211371182,10.887394658763364,10.960738026613752
manga-8554-12701,1-419427,3,0.8080567112840491,10.770381594439158,10.887976063871543
manga-8554-12702,1-419536,2,0.6401890527681893,9.503439914845057,9.706579536944737
manga-8554-12703,1-419504,3,0.8827512741872994,10.930224570124828,10.97809785155079
manga-8554-12704,1-619066,10,,,7.786250843554724
manga-8554-12705,1-401919,2,,,10.478251842775393
manga-8554-1901,1-419555,-2,0.9878213362584845,9.929840788215403,10.03255429677432
manga-8554-1902,1-419351,-5,1.0128777952101125,9.75316934130824,9.84709553687502
manga-8554-3701,1-419380,1,0.5504090883800501,9.449592490630074,9.674919899652396
manga-8554-3702,1-419533,-5,0.9525770087891345,11.049900615948573,11.183178703474836
manga-8554-3703,1-419345,-2,1.1013262567656525,10.13905259449944,10.195758552939116
manga-8554-3704,1-401052,1,0.6695103657846069,10.172059455107513,10.334226491346515
manga-8554-6101,1-419369,6,0.25332409356951757,9.343398282287218,9.54337510234132
manga-8554-6102,1-414400,-5,1.0650700319454955,11.44248051390599,11.45645257969888
manga-8554-6103,1-419288,-5,1.0929031537384084,11.388438311532674,11.384195655754525
manga-8554-6104,1-419301,2,1.083504532507348,10.868867029140683,10.846971386823135
manga-8554-9101,1-419450,7,0.5628677475231001,9.220330992417654,9.38731150387828
manga-8554-9102,1-419607,-5,0.8589443081579624,11.079862935403202,11.184909942341248
manga-8555-12701,1-134760,-5,0.9545784551593783,11.678247940412103,11.749109923611645
manga-8555-12702,1-633832,1,0.7439102681907102,10.41811289031111,10.424741202930246
manga-8555-12703,1-134848,4,0.9542059183800546,10.458070323630078,10.437542876025867
manga-8555-12704,1-134884,-2,1.080582318191336,11.425757785556812,11.4222975857649
manga-8555-12705,1-134954,2,0.776434046835071,10.246468822548607,10.331769333206688
manga-8555-1901,1-134503,0,,,9.453056767078237
manga-8555-1902,1-135207,-2,0.9157149734603856,9.65012229978195,9.737356466496829
manga-8555-3701,1-134964,-2,0.9592236910701644,10.595215275233043,10.71882873973713
manga-8555-3702,1-134978,-2,1.0169970101525863,11.139013312239776,11.190062632449317
manga-8555-3703,1-93858,1,1.0254742244761417,10.23809119661939,10.324202175438453
manga-8555-6101,1-210323,-5,1.0497662317149263,11.205481780103305,11.276583573383867
manga-8555-6102,1-134994,-2,0.9901688624876357,11.050044541309186,11.102093958656226
manga-8555-6103,1-93872,-5,1.049736081916162,11.360205404784367,11.399083302725915
manga-8555-6104,1-93908,-2,1.1816212969607598,10.916631000654121,10.879191104045182
manga-8555-9101,1-134924,-5,1.1070639703409064,10.897807528741902,10.924330984708678
manga-8555-9102,1-93903,4,0.6830874812335885,9.708061979177138,9.876142756597963
manga-8561-12701,1-91344,4,0.6024961524413435,9.820383163035942,10.043696222275878
manga-8561-12702,1-92069,7,0.3151553850762916,9.219818224119887,9.325737269404438
manga-8561-12703,1-92071,5,0.030955681605053798,9.18714684505412,9.197704994150778
manga-8561-12704,1-576267,4,,,10.448812948519723
manga-8561-12705,1-92048,11,,,10.766848410413221
manga-8561-1901,1-91411,0,0.9115104557536675,9.544069749020336,9.505334514263604
manga-8561-1902,1-92057,1,-0.2478271133378911,9.773429778232549,10.884599972418574
manga-8561-3701,1-92011,-2,0.9062611896745629,10.600515429801685,10.780368444964422
manga-8561-3702,1-633494,-5,,,11.187128550752648
manga-8561-3703,1-92345,2,0.6243041217566905,9.444735757894792,9.657959850956487
manga-8561-3704,1-576315,3,,,10.100318840315799
manga-8561-6101,1-91430,-2,1.1637242837891364,11.176369598448574,11.144891640226554
manga-8561-6102,1-91113,3,0.6427481734373011,9.906754105064417,10.030170477149506
manga-8561-6103,1-91317,1,0.7501399759289846,10.07121424136606,10.213480568109011
manga-8561-6104,1-92295,-2,0.9221040169699073,10.965667048454954,11.056916279988252
manga-8561-9101,1-91394,5,0.5571128241879606,10.75386412031031,10.876665187541498
manga-8561-9102,1-92383,2,0.9491706434958509,10.85216607439042,10.88621708986436
manga-8562-12701,1-594338,9,,,10.282282156319097
manga-8562-12702,1-92953,5,0.6069078829652064,8.764779542877022,8.998018142092924
manga-8562-12703,1-93093,4,0.9830067242109521,10.718580740010832,10.606592011340286
manga-8562-12704,1-92863,2,1.0405931793486332,10.807981842114062,10.805995359595741
manga-8562-12705,1-542464,0,1.0585383830837465,11.11885949573816,11.062484209962859
manga-8562-1901,1-92166,1,1.001708787887491,9.534233716408693,9.554152254280194
manga-8562-1902,1-633753,2,1.0874494259114549,10.408118234966896,10.445766060657313
manga-8562-3701,1-92894,-2,1.0976204369569942,10.46024535829579,10.446714203842337
manga-8562-3702,1-92987,5,0.5189495384603902,10.034257981281954,10.222862078418308
manga-8562-3703,1-93053,2,0.6230273518118601,9.617611247413823,9.788887826647413
manga-8562-3704,1-92908,-5,1.0255327137301933,10.792568395590973,10.85060825572572
manga-8562-6102,1-93082,2,0.9095874485082227,10.314689842781348,10.335842878001918
manga-8562-6103,1-633846,3,-0.0817894678391724,9.875966839321247,9.925405954984729
manga-8562-6104,1-542474,-2,0.9484234560466867,9.677137541464145,9.792695589283067
manga-8562-9101,1-92994,1,1.111009879565355,11.083217983937981,11.039267346470398
manga-8562-9102,1-443149,5,,,10.698638076539275
manga-8563-12701,1-92665,5,0.5487756079031527,9.846727988247729,10.073098534697836
manga-8563-12702,1-91877,7,0.5328870657001019,9.241966432545931,9.424324533530633
manga-8563-12703,1-92028,4,0.6291551536646445,9.66476165573747,9.803275438766502
manga-8563-12704,1-91859,8,0.426727378110332,8.911404984758983,9.107803326112437
manga-8563-12705,1-92763,5,0.802269423426349,10.741563116403322,10.848338168382085
manga-8563-1901,1-91839,4,0.5142543686458119,10.141235811367572,10.336921801433677
manga-8563-1902,1-92702,-5,0.9671662678783441,9.941464802647396,10.01267275196522
manga-8563-3701,1-91912,6,0.38273675493729087,9.342023367224765,9.578705666835488
manga-8563-3702,1-91919,0,0.42196479675757104,10.332404318435463,10.558264451377498
manga-8563-3703,1-542421,1,1.0938094035381063,10.907704106671215,10.88439202459807
manga-8563-3704,1-92710,4,0.17567408010891583,8.540792405650082,8.626401965060687
manga-8563-6101,1-134157,3,1.0117538313643841,9.893936542091033,9.936919698451943
manga-8563-6102,1-91889,4,0.4252324409114543,9.121171971466895,9.370137291009398
manga-8563-6103,1-92967,4,0.6411898264996196,8.979750790088287,9.193878391272424
manga-8563-6104,1-92045,4,0.5670437626591855,9.947695529336116,10.103694278636496
manga-8563-9101,1-91858,-5,0.9918435170619588,11.01998402585182,11.09246097262849
manga-8563-9102,1-92669,5,0.6237616546982387,9.005423712806733,9.23195866084487
manga-8564-12701,1-209684,5,0.6808885239984868,9.536322204153159,9.708617180676052
manga-8564-12702,1-133979,4,0.8196051640694151,9.421463703370094,9.553924270530047
manga-8564-12703,1-92670,4,0.7378139742314147,9.609948796044815,9.744601183694817
manga-8564-12704,1-134195,2,1.0464134787149248,10.833677827803307,10.883822066017032
manga-8564-12705,1-133926,3,0.9994132856129774,10.20585726022173,10.207472789481013
manga-8564-1901,1-133958,5,0.34227274867502544,8.512756111611482,8.643853227077964
manga-8564-1902,1-133936,2,0.7633241098036478,8.73159773115352,8.90131607619688
manga-8564-3701,1-209687,4,0.46737943031196494,9.07058235415188,9.30521805067944
manga-8564-3702,1-134010,0,0.6797051706627784,9.29469245079827,9.494859749767535
manga-8564-3703,1-133983,-5,0.7660579419719902,8.907563718449342,9.073689029897698
manga-8564-3704,1-594098,-5,,,11.013275514403105
manga-8564-6101,1-133944,2,0.8267447490264992,8.975059465403818,9.119097455100256
manga-8564-6102,1-133972,2,0.6908298173831611,8.891514589742464,9.083169246144816
manga-8564-6103,1-133937,3,0.7883019711382531,9.015767557871708,9.179080475358848
manga-8564-6104,1-133950,9,0.21944520355856767,8.560208976645892,8.609967720646662
manga-8564-9101,1-133956,7,0.553117186820824,9.030106559978934,9.255103579956103
manga-8564-9102,1-134368,3,0.803606230093159,9.826432843873105,9.967187474534146
manga-8565-12701,1-594184,3,,,9.891152610452522
manga-8565-12702,1-92677,-5,0.9390700465040567,11.031087327671644,11.064255770585971
manga-8565-12703,1-92688,6,0.5115492191593738,8.943722332812099,9.15633710087081
manga-8565-12704,1-594316,6,,,9.469626171263771
manga-8565-12705,1-92733,5,0.7434034769992444,9.69613317857658,9.77958134118607
manga-8565-1901,1-92595,1,0.8890551946050529,9.856921993354119,10.029955695541181
manga-8565-1902,1-134399,-5,0.3386590309466122,9.49528736828224,9.56565186989915
manga-8565-3701,1-134259,3,0.7759176567451043,9.853206256527525,9.918138896835915
manga-8565-3702,1-92603,-5,0.9589383696559786,10.102926483025936,10.209222705708397
manga-8565-3703,1-92735,-2,0.35695086906656925,9.87824514425228,10.136063874144657
manga-8565-3704,1-92561,3,0.39852535489711727,8.903704249398825,9.117267980418058
manga-8565-6101,1-134390,3,0.8355525004747228,9.727444334950022,9.813991073092346
manga-8565-6102,1-92649,3,,,9.424226435548015
manga-8565-6103,1-92627,4,0.6923680258694453,9.8010263305206,9.839922798572658
manga-8565-6104,1-92554,8,,,8.395598943099525
manga-8565-9101,1-92681,5,0.7117783346874766,8.987536298480617,9.151394368651006
manga-8565-9102,1-92724,3,,,9.811155253170854
manga-8566-12701,1-43188,-5,1.0019177379454973,10.995152678505992,11.03150945122613
manga-8566-12702,1-43285,4,0.33446707932017716,9.52937600603311,9.708086764327485
manga-8566-12703,1-43361,3,0.5298326612826294,9.251257772130254,9.480478371069209
manga-8566-12704,1-43311,5,0.4830758358010243,10.32986656406997,10.475254123526156
manga-8566-12705,1-604818,5,0.520492040271133,9.58283111617999,9.824199403811411
manga-8566-1901,1-338579,-5,0.9442422182880996,7.159700895896207,7.249031947909123
manga-8566-1902,1-338593,1,0.7567223330271595,9.6296218049893,9.787230868300435
manga-8566-3701,1-43268,1,0.595891210217836,8.976063006300167,9.197947342914865
manga-8566-3702,1-338600,-2,0.9252274462335883,9.627043000677139,9.726807867865633
manga-8566-3703,1-43272,3,0.4037662132084172,9.397998953165215,9.622243044062245
manga-8566-3704,1-584598,5,-0.441058768885469,9.23478195486893,9.451964413749975
manga-8566-6101,1-338250,-5,1.1408708681913389,11.250709350556813,11.17009442111346
manga-8566-6102,1-338523,1,,,11.032114880434637
manga-8566-6103,1-338566,4,0.37267802568747754,8.39860558658062,8.6361748508122
manga-8566-6104,1-43374,-5,1.011580042393721,10.769895566312659,10.832803239061525
manga-8566-9101,1-338559,1,,,11.1647601876074
manga-8566-9102,1-338555,-5,,,11.102865726944312
manga-8567-12701,1-351614,5,,,10.112061793856622
manga-8567-12703,1-378715,7,0.47373644639909074,9.30632937407608,9.535204213045617
manga-8567-12704,1-378681,2,0.6753166773295902,9.514998508268054,9.717200178724742
manga-8567-12705,1-548200,-5,1.0979293426726748,11.265064196902749,11.273709462931512
manga-8567-1901,1-351572,0,0.7864600052676316,9.6047455578767,9.800309392324209
manga-8567-1902,1-351596,5,0.43329220848217886,10.053360233528762,10.270348040938961
manga-8567-3701,1-351566,0,0.7248408735760918,10.097939406104356,10.167060227229767
manga-8567-3702,1-378394,0,0.8063461812403752,10.75049364784946,10.847580061825871
manga-8567-3703,1-351478,1,0.9285288921403385,10.486787451466096,10.558065050233907
manga-8567-3704,1-378401,-2,0.9625593512711355,10.616633626279995,10.656841522524685
manga-8567-6101,1-351538,3,0.7300603118022266,10.512276990123686,10.646055562908575
manga-8567-6102,1-351511,3,0.3582151500936419,8.427964513362406,8.661618676264448
manga-8567-6103,1-548199,-2,0.5921462706129788,9.61602332372173,9.789828104940137
manga-8567-6104,1-351628,-2,,,10.689348823034686
manga-8567-9101,1-351506,6,0.4409036998692031,8.757922495066335,8.95838754966909
manga-8567-9102,1-351622,3,,,10.433435386407485
manga-8568-12701,1-392976,-2,0.9498475674134284,9.720524674644153,9.77105880434951
manga-8568-12702,1-274366,5,0.36318641724037803,9.396568795449461,9.61849367395924
manga-8568-12703,1-274244,5,0.46704311241409613,9.95146995932964,10.134486296790035
manga-8568-12704,1-608586,-5,1.0678873231239159,10.885043261603634,10.877492862204397
manga-8568-12705,1-392972,5,0.49677744120699785,9.668469160656311,9.921912145949346
manga-8568-1901,1-273933,-5,0.9855392314890636,10.816330166518096,10.924993216755981
manga-8568-1902,1-273861,-2,1.0140233308102609,10.018834801308738,10.109470550389727
manga-8568-3701,1-392010,-2,0.9179443303725954,10.226645608972264,10.36491666177513
manga-8568-3702,1-392862,0,0.9906152459161603,10.253693317184368,10.362218500326053
manga-8568-3703,1-274368,-2,0.24786383127113254,8.92199947427999,9.065475142849184
manga-8568-3704,1-392956,2,0.6154713813337551,10.139064299656827,10.235121736693195
manga-8568-6101,1-547744,3,0.6762708228772247,10.275573895412386,10.299572666758495
manga-8568-6102,1-392988,-2,0.9224428337301944,10.297263767590977,10.413946531937626
manga-8568-6103,1-274323,4,0.6710088116403519,10.476144934366214,10.553708303218388
manga-8568-6104,1-394404,2,1.1229835897384035,10.797611119132668,10.757533432406404
manga-8568-9101,1-392067,1,0.9907124681020356,10.77932401276075,10.750561617734293
manga-8568-9102,1-274226,-5,1.0589728783749521,11.034613518861235,11.045631961315555
manga-8569-12701,1-39197,2,,,10.687711736647124
manga-8569-12702,1-39500,4,0.385826139028584,8.704088366898208,8.9143986967112
manga-8569-12703,1-39524,6,0.5217357109536138,9.097913739730677,9.285699050395074
manga-8569-12704,1-578295,5,,,9.195174300805608
manga-8569-12705,1-39446,5,0.5473521705108517,10.319417274743973,10.523302843850724
manga-8569-1901,1-39164,-5,0.7953152037853606,11.088835243030934,11.223257052246176
manga-8569-1902,1-39570,-2,0.9849605353749524,10.470935897561237,10.52982032557191
manga-8569-3701,1-39493,1,0.8409584563357164,11.005577930654898,10.982017820672663
manga-8569-3702,1-572558,-2,,,10.869503362253182
manga-8569-3703,1-39333,-2,0.9112159855313138,10.907689024198884,10.960427488632293
manga-8569-3704,1-39480,0,0.93588143090183,10.409038227176765,10.471209539464803
manga-8569-6101,1-39233,5,0.30405420710629727,9.044694079587465,9.317047401856032
manga-8569-6102,1-39187,-5,0.8082515079114501,10.84219254116689,11.04093050791689
manga-8569-6103,1-39299,0,,,10.612163750143514
manga-8569-6104,1-39196,4,0.7317740040979928,9.474205041289226,9.48310352736779
manga-8569-9101,1-601156,6,0.32733345818050097,8.989953945852495,9.255983682892568
manga-8569-9102,1-39452,5,0.4087271105033956,9.285820524886162,9.509903818710237
manga-8570-12701,1-580438,8,,,8.701438454464352
manga-8570-12702,1-558772,6,,,9.283391697297128
manga-8570-12703,1-41324,7,,,8.990387255054229
manga-8570-12704,1-41260,5,0.4909478407149237,9.303944522003304,9.415569258679678
manga-8570-12705,1-41304,4,,,10.013326057840102
manga-8570-1901,1-41396,7,0.3444780524918052,9.382959275297962,9.627966692809972
manga-8570-1902,1-41493,-2,,,10.53712240656786
manga-8570-3701,1-41420,1,0.7823368144768033,9.794884616765334,9.948185977822074
manga-8570-3702,1-41229,4,0.5901569242929234,10.137384703905871,10.320513930089023
manga-8570-3703,1-41413,0,1.167126252911455,10.503395220666896,10.40498073632054
manga-8570-3704,1-41289,-5,0.8508551204359769,10.854655166432988,11.014432326858733
manga-8570-6101,1-558675,0,1.043675859874572,11.319026559449522,11.286256567444893
manga-8570-6102,1-41416,5,0.5506604634317149,9.48791457984581,9.72170676768432
manga-8570-6103,1-41224,5,0.48536315344068015,8.672566372910923,8.88874376619374
manga-8570-6104,1-602390,2,0.8810115813826727,10.641527190613623,10.712286796319681
manga-8570-9101,1-41334,5,,,10.014994895432796
manga-8570-9102,1-41350,3,,,11.099798002137367
manga-8588-12701,1-594602,4,,,10.331872498488899
manga-8588-12702,1-634138,7,49.02549812383592,17.081607277063267,9.86975549156236
manga-8588-12703,1-95112,4,0.6224472123023332,10.22983993706174,10.418592933179301
manga-8588-12704,1-135641,1,0.7982116904849299,10.403958525487706,10.429694154918307
manga-8588-12705,1-135383,4,0.47829608832950044,9.976777503351048,10.18133184766839
manga-8588-1901,1-135657,-2,0.6362497478636477,9.348921935567736,9.461570553066876
manga-8588-1902,1-135794,-2,0.9108082903958064,10.288727315607048,10.418743648502987
manga-8588-3701,1-210700,3,1.0876569810657308,11.17928319864969,11.207577821958957
manga-8588-3702,1-95092,0,0.9066193610163253,10.60183015204545,10.59883535601844
manga-8588-3703,1-95159,4,0.500748286358256,9.203078375064655,9.382974677542032
manga-8588-3704,1-95093,-2,0.8846357398020537,10.104708517227511,10.28431791543061
manga-8588-6101,1-135517,2,0.8169896698630765,10.445109291559726,10.558096287785768
manga-8588-6102,1-135372,-5,1.0058898723629675,10.801509007882132,10.885229441428299
manga-8588-6103,1-135679,3,0.8325957382239579,9.083473824587005,9.238224303027936
manga-8588-6104,1-95111,4,0.978778767181165,10.155829162937978,10.166663924541146
manga-8588-9101,1-135371,4,1.0053317956660592,10.372699957167297,10.358216665995943
manga-8588-9102,1-594641,5,0.5048295025516865,9.828710384915864,10.053758177841813
manga-8589-12701,1-130947,8,0.38533937209337665,9.186807108928296,9.182123503371377
manga-8589-12702,1-131279,5,0.6423474761414489,10.493262407223733,10.552247099149318
manga-8589-12703,1-89292,6,0.6360770812886614,9.775352078758226,9.876393948254378
manga-8589-12704,1-89622,5,0.38406341142372113,9.733104573519768,9.956924424542171
manga-8589-12705,1-631857,5,0.8809537141579575,10.715469250003196,10.812296889302868
manga-8589-1901,1-131278,-2,0.9033670970332892,9.435937810876144,9.565004374469376
manga-8589-1902,1-576303,0,,,10.347042993351657
manga-8589-3701,1-131242,1,1.1203582982547182,10.113171612017538,10.109122754158086
manga-8589-3702,1-576738,-2,,,10.477921067280324
manga-8589-3703,1-631889,-5,,,10.946897630574526
manga-8589-3704,1-131378,-2,0.9382914884768034,9.209028390165336,9.297749571553751
manga-8589-6101,1-131263,-5,0.9100469187762208,9.450528004789408,9.595401416236152
manga-8589-6102,1-593604,-2,,,10.682947012846498
manga-8589-6103,1-131060,0,0.49481022854226353,9.26070309915998,9.493321397526175
manga-8589-6104,1-131286,-5,1.0371867519114524,10.522183101566892,10.60211753153486
manga-8589-9101,1-131087,2,0.8249490597001063,10.482132137945934,10.559343951032151
manga-8589-9102,1-131338,4,0.8344430202832953,9.942134224215739,10.038485044753946
manga-8591-12701,1-245082,6,0.5369612596947277,9.33629923254297,9.505101117442216
manga-8591-12702,1-245054,6,0.5891125466937979,9.531991288462908,9.74583882110542
manga-8591-12703,1-245089,5,1.1295280031414485,10.033557462923733,9.80914407441698
manga-8591-12704,1-245456,2,0.7406215919910366,9.434184179095354,9.558880094974386
manga-8591-12705,1-245404,3,0.6720124624918036,10.33664240629796,10.484295567576774
manga-8591-1901,1-245405,1,0.8485509749182469,9.798703409539222,10.00564802854602
manga-8591-1902,1-197287,0,1.0055857144444538,9.932003788408796,10.045518562884492
manga-8591-3701,1-245458,-5,1.092558589523101,10.944805614617653,10.963545121100976
manga-8591-3702,1-245088,0,1.2108585021089127,10.039540645850078,9.928106396876403
manga-8591-3703,1-245555,1,,,8.893384433120382
manga-8591-3704,1-197218,-5,0.9933337842101082,11.225664941208239,11.296636675041249
manga-8591-6101,1-245451,-5,1.3111268656947317,11.051925167142976,10.865864065062757
manga-8591-6102,1-197063,-5,0.9748931187618801,11.214332548301567,11.300586789218707
manga-8591-6103,1-245101,0,0.8153551988874881,9.49543031650869,9.635608387528805
manga-8591-6104,1-245774,4,1.018743669690025,10.643012277365036,10.663370132711487
manga-8591-9101,1-629057,3,0.9972993756961479,11.043848455451876,11.077818320303837
manga-8591-9102,1-197045,6,0.6126325581382517,9.583999599571706,9.79599118250291
manga-8592-12701,1-246442,6,0.39371751267502475,9.064477824011481,9.236625421373386
manga-8592-12702,1-207982,6,,,9.474862852140125
manga-8592-12703,1-207943,-5,1.1637902779114562,11.377835468166897,11.310274743890792
manga-8592-12704,1-207914,-5,0.8927111506559839,10.48280161012594,10.618089954403986
manga-8592-12705,1-576333,-5,,,11.168644776887817
manga-8592-1901,1-207925,-2,0.8844223788020535,9.62165567212751,9.83176166691247
manga-8592-1902,1-208393,-2,0.795018671371178,9.499013964763362,9.664984012242071
manga-8592-3701,1-246203,-2,1.1525536607158564,10.697279673822905,10.662711567413949
manga-8592-3702,1-207984,-2,,,9.600658217536989
manga-8592-3703,1-631680,3,0.5375589920216974,9.730813413587942,9.955185351928536
manga-8592-3704,1-246212,1,0.35287380271492097,8.8625885762033,9.007858683843715
manga-8592-6101,1-246437,4,0.5414835510516944,9.937520849795048,10.077734810861976
manga-8592-6102,1-246470,3,0.8826147879215327,10.529035166708253,10.643616493049997
manga-8592-6103,1-246216,-5,0.9039260106477727,10.94820621014471,11.051279896814746
manga-8592-6104,1-208313,3,1.1564481368596944,9.878138131413218,9.6308020004118
manga-8592-9101,1-631640,4,0.8129730460837479,10.169637469038161,10.272593422862872
manga-8592-9102,1-576294,-5,,,11.189700812684942
manga-8593-12701,1-576340,4,,,10.710168156817845
manga-8593-12702,1-208728,5,0.48964664323736073,9.047700923775011,9.275939877729282
manga-8593-12703,1-208539,3,0.6320760367001057,10.522374048645935,10.677626112348529
manga-8593-12704,1-208529,5,0.5750707315448977,10.07857157014354,10.279523219889208
manga-8593-12705,1-631871,3,49.570418762835935,18.24667607196327,10.811053942157367
manga-8593-1901,1-208472,0,0.5541023439182453,9.066082367439222,9.328383681302052
manga-8593-1902,1-208684,-2,1.024784334376836,9.581928413660169,9.677824045692724
manga-8593-3701,1-208269,-5,1.1044925856242962,11.403374441415348,11.390521801114614
manga-8593-3702,1-208443,-5,1.0915363923533583,10.63368804321104,10.696565184371352
manga-8593-3703,1-576292,11,,,10.509506287753453
manga-8593-3704,1-208258,-2,1.1442951540173532,11.465840429142522,11.42137191217119
manga-8593-6101,1-576335,-5,,,10.956284194879288
manga-8593-6102,1-208254,-5,1.1035393348208231,11.103286866778934,11.077531416354596
manga-8593-6103,1-631803,-2,,,10.999224091645393
manga-8593-6104,1-208709,2,0.9185102993840921,10.560584011722527,10.642999391908686
manga-8593-9101,1-593597,-5,,,10.777249153083735
manga-8593-9102,1-208736,7,0.49643633007016774,8.667169990133047,8.898549673613008
manga-8595-12701,1-197805,-2,0.9137219705087603,10.83496516224958,10.938161334426978
manga-8595-12702,1-245980,4,0.8353514448673955,9.978113181102962,10.089219585886864
manga-8595-12703,1-246362,5,0.4883890795073498,9.333681666840684,9.580197122317271
manga-8595-12704,1-246383,-5,,,11.237342629326175
manga-8595-12705,1-246331,4,0.7297137463267482,10.772998961550247,10.868041061205917
manga-8595-1901,1-246064,-5,0.7988702030156638,9.20043231713904,9.355119973466595
manga-8595-1902,1-197717,2,0.5347327964237252,9.177582477019772,9.33860189814685
manga-8595-3701,1-197534,-5,1.05202585689268,11.104302122015467,11.139602056654772
manga-8595-3702,1-197702,4,0.8275088620264945,10.580050233703815,10.723729790341451
manga-8595-3703,1-631278,-5,0.7328214180243187,10.72414660387149,10.865356893809984
manga-8595-3704,1-245975,4,0.5858332808118618,9.624986861313824,9.792958703916756
manga-8595-6101,1-197718,-5,1.2156911153629686,11.388742939182134,11.260784286341904
manga-8595-6102,1-197704,6,0.48947178840051464,9.271940753584989,9.513262892222636
manga-8595-6103,1-246036,5,0.4228958857301066,10.516366743853043,10.687522718743953
manga-8595-6104,1-246027,0,0.8497650846103504,10.836511109359105,10.909913159104335
manga-8595-9101,1-245940,-2,0.8266053533831617,10.758483567342465,10.97297813480398
manga-8595-9102,1-197770,-2,0.9302134236559851,10.470828314425942,10.577664104732127
manga-8596-12701,1-247270,-5,0.9650863152033189,10.735152814635914,10.809088805402135
manga-8596-12702,1-247082,3,0.9389675283119665,10.79213164595188,10.824287931586849
manga-8596-12703,1-208990,6,,,9.415826065978885
manga-8596-12704,1-208985,4,,,10.58947262035437
manga-8596-12705,1-247324,7,0.5341269124359727,9.234152873632986,9.408809603076286
manga-8596-1901,1-247264,-2,0.832069259096663,9.355810739497327,9.519599633930103
manga-8596-1902,1-247320,4,0.852983201696059,10.322945641074405,10.325794704368736
manga-8596-3701,1-576342,1,,,11.093726284931465
manga-8596-3702,1-208943,2,,,10.246759473024701
manga-8596-3703,1-208988,-2,,,10.766139095836943
manga-8596-3704,1-247300,1,1.0123517632288817,11.094249265159664,11.09572015483633
manga-8596-6101,1-247329,3,1.1138344134843514,10.697303922500618,10.69092402077149
manga-8596-6102,1-208905,4,,,10.35604116245583
manga-8596-6103,1-593783,8,0.2618172097724454,8.599970465471767,8.705964579996321
manga-8596-6104,1-632632,1,,,10.621900886396274
manga-8596-9101,1-208898,5,0.3958960768963671,9.904457617475407,10.156561265374318
manga-8596-9102,1-247339,-2,0.955846290968978,10.559118392035359,10.690532749302443
manga-8597-12701,1-198373,4,0.6474575454577653,10.18693856321933,10.392327557983544
manga-8597-12702,1-198153,1,1.015482005766323,10.668108215584928,10.699909668894081
manga-8597-12703,1-246549,3,,,10.468286761311976
manga-8597-12704,1-246525,2,,,10.695806400328948
manga-8597-12705,1-246944,6,,,9.58840617721658
manga-8597-1901,1-246517,1,,,9.242402272763202
manga-8597-1902,1-198125,-2,0.9336363710657309,10.03154756764969,10.190480173481061
manga-8597-3701,1-197867,-5,,,11.137790718642224
manga-8597-3702,1-198387,1,0.754300069726149,9.286903866119449,9.47214332518372
manga-8597-3703,1-198182,-2,1.0154748425653572,10.798007887237985,10.853751126787616
manga-8597-3704,1-198180,-5,1.0394921946559812,10.900383030525939,10.961032190831123
manga-8597-6101,1-246946,3,,,9.816312902949939
manga-8597-6102,1-246535,1,,,10.760036272208874
manga-8597-6103,1-246947,2,,,9.983824673345087
manga-8597-6104,1-198519,3,,,9.190872128456103
manga-8597-9101,1-246599,-2,,,11.225128287982088
manga-8597-9102,1-198196,4,,,9.509480758131176
manga-8598-12701,1-246851,3,0.754153937193422,10.180767796911665,10.356809558193978
manga-8598-12702,1-246857,5,0.7245637835078362,10.274014564769523,10.413794142325289
manga-8598-12704,1-632479,9,0.16654258213547024,9.006509468642271,9.069168407895127
manga-8598-12705,1-247164,3,0.7569022483457957,11.000320975396257,11.103194597787347
manga-8598-1901,1-247037,5,0.4080608284317151,9.84291904134581,10.091747830818928
manga-8598-1902,1-247223,1,0.8506366782709343,10.040727234684537,10.24562369482372
manga-8598-3701,1-576427,-2,,,11.048414610736906
manga-8598-3702,1-246985,1,0.2611267388677838,9.0526928796772,9.21098430206458
manga-8598-3703,1-247036,7,0.4082996162709378,8.930952970484542,9.129870273806505
manga-8598-3704,1-247258,-2,1.2125577585691296,10.917331353235856,10.830555951029476
manga-8598-6101,1-246809,-5,1.0273304055078327,10.795790264969519,10.874521824293652
manga-8598-6102,1-246845,-2,1.1213226316372094,10.869500252174513,10.848086229374472
manga-8598-6103,1-246928,7,,,9.363211341800532
manga-8598-6104,1-247247,2,1.0491330628405322,10.956423636449964,10.940166717144415
manga-8598-9101,1-247055,-2,1.0052663842629244,10.949997780598764,10.982621241887239
manga-8600-12701,1-210667,5,0.7137270967259326,10.088315478964262,10.276698418708133
manga-8600-12702,1-210646,4,0.7320021209910337,10.368307012995349,10.504991160364282
manga-8600-12703,1-210614,-5,0.9821346321157058,11.110856367522409,11.184251236271615
manga-8600-12704,1-210631,7,0.4386217660285787,9.538675912598203,9.782085456557352
manga-8600-12705,1-134716,4,0.6749162619816182,9.736795195660402,9.932738522416411
manga-8600-1901,1-633729,-2,0.3839915141386072,9.410342314564065,9.638270557089852
manga-8600-1902,1-210611,-2,1.0357342517067174,9.986044136122079,10.054387040073308
manga-8600-3701,1-134737,5,0.6833078208452399,9.206987020427903,9.398391440229474
manga-8600-3702,1-210604,-2,1.1302363603160082,10.211696532183868,10.21007494692755
manga-8600-3703,1-135202,2,1.0636672156050544,10.657185884454119,10.731956027820633
manga-8600-3704,1-594438,4,0.53219646007053,10.160877406406806,10.286400326707424
manga-8600-6101,1-210128,-5,1.0597860034066429,10.79214130357183,10.829109422782757
manga-8600-6102,1-210447,3,0.9962951409386172,9.767287456156197,9.753113276650184
manga-8600-6103,1-210593,2,1.0233694170217866,10.512321498025877,10.566428063718627
manga-8600-6104,1-134793,5,0.40999279679960665,9.414201469940139,9.59142080510421
manga-8600-9101,1-569162,-5,1.005765513227466,11.458438056890301,11.475493948394117
manga-8601-12701,1-135568,-2,1.1552868361420252,10.827744979769578,10.758339517775237
manga-8601-12702,1-135548,6,0.4935350196416479,9.81694715855787,10.043177516185288
manga-8601-12703,1-135057,4,0.4999505251805054,9.7065015955525,9.865070201451474
manga-8601-12704,1-569114,-5,1.0859780635524352,11.336683386178812,11.316230424647525
manga-8601-12705,1-135810,2,0.7698709712055845,10.263990504426484,10.365467392854011
manga-8601-1901,1-211100,-5,0.9590077539699138,10.33244075515496,10.442139412255386
manga-8601-1902,1-94470,-2,1.1120187682772666,10.087539874466838,10.071918810363806
manga-8601-3701,1-211098,0,0.8546748530529911,9.427395801307632,9.550347003225442
manga-8601-3702,1-594520,1,,,10.505848359173994
manga-8601-3703,1-95107,6,0.26880919773227774,8.653925132485364,8.734763036969309
manga-8601-3704,1-135506,-2,0.834274459267629,9.304744689276697,9.447561117671427
manga-8601-6101,1-594528,-2,,,10.525670517967754
manga-8601-6102,1-135512,3,0.6697871058010243,9.05632408106997,9.230535771589922
manga-8601-6103,1-135545,2,0.7654099993132917,10.008414442422843,10.081861962202064
manga-8601-6104,1-135055,-5,1.091333207237362,10.830757376175011,10.877944650725176
manga-8601-9101,1-569116,5,0.9128711852398368,9.599211814981228,9.638097716287032
manga-8601-9102,1-95120,1,1.121400155146464,10.990341258252936,10.968048436779917
manga-8602-12701,1-569169,2,0.9945823949992416,10.944313332376579,10.99593558737274
manga-8602-12702,1-211273,-5,0.9697964233051799,10.394116991779557,10.491850350349154
manga-8602-12703,1-211067,-2,1.0131429790067905,10.168739187572324,10.285593311203094
manga-8602-12704,1-211073,-5,1.0324350883242168,11.122366462965097,11.178335097933592
manga-8602-12705,1-211074,5,49.61141586283594,18.286074001963275,10.888207584502851
manga-8602-1901,1-211055,-2,1.0592613215545157,10.238910452433661,10.255788526302156
manga-8602-1902,1-211049,-2,0.9822910837724415,9.303896158871764,9.415931079757803
manga-8602-3701,1-211264,2,0.7807339376115543,9.896879586112822,10.018117720591
manga-8602-3702,1-210778,0,1.2688790406372057,9.582787794074509,9.437912204404128
manga-8602-3703,1-211051,-2,0.9068715759607677,9.05660371955413,9.220680665197373
manga-8602-3704,1-211241,-2,0.8769121402711342,9.346410106179992,9.51354120205059
manga-8602-6101,1-211105,5,0.9152453731947432,9.292395274882626,9.30993662008961
manga-8602-6102,1-211027,5,0.42092668308024983,8.979635754013945,9.208744933952946
manga-8602-6103,1-135520,3,0.7990534448350672,9.921142144348604,10.01748827496092
manga-8602-6104,1-211077,1,0.941965773174374,10.261715458865652,10.329066183636487
manga-8602-9101,1-248973,4,0.6001114714301217,9.14654223764073,9.39043520430584
manga-8602-9102,1-210711,3,1.0359903721593753,10.2970253651121,10.348149034384162
manga-8603-12702,1-211227,1,0.9957887047301952,10.368123173690977,10.485521264277438
manga-8603-12703,1-135133,0,0.9594229682485889,10.154329815530694,10.238725881849074
manga-8603-12704,1-135030,1,0.736246820109038,10.48202545556733,10.59026432285147
manga-8603-12705,1-135129,2,0.9810994598548675,10.438423548618033,10.56375273112163
manga-8603-1901,1-211007,-2,1.1209118193279934,9.78081834546297,9.825191704279918
manga-8603-1902,1-210773,-5,1.1470155496242924,10.580917133815344,10.582632574898563
manga-8603-3701,1-210731,3,1.112033287142026,10.34437430386958,10.380433760617981
manga-8603-3702,1-135157,0,1.0562082497499006,10.354912664022468,10.389469098453159
manga-8603-3703,1-211059,1,1.0725750162711343,10.501072677779991,10.52693473136419
manga-8603-3704,1-210701,-2,0.9920535689215306,10.202811653808253,10.296386538264079
manga-8603-6101,1-594493,-5,1.0976998904066377,11.198786575271827,11.222841280368263
manga-8603-6102,1-210752,3,1.001829160714923,9.995528334003303,10.113883215061284
manga-8603-6103,1-135058,5,-0.11170503071933169,8.706525786432186,8.966838861141495
manga-8603-6104,1-633994,3,1.35147891543172,10.543430813045815,10.285910451576292
manga-8603-9101,1-135134,-2,1.0533045791338154,10.42835491508835,10.505777894000124
manga-8603-9102,1-210844,5,0.6423183276756887,10.04917755165743,10.2044944002022
manga-8604-12701,1-210881,2,1.0594845251995473,11.02208587523804,11.056306331790552
manga-8604-12702,1-210736,4,0.999442811971992,10.346366075449343,10.347322207705522
manga-8604-12703,1-135502,2,1.056509265761882,10.71434298600157,10.750916270365982
manga-8604-12704,1-564490,5,49.31130610383594,17.439921455063274,10.189397661813697
manga-8604-12705,1-569166,2,1.1652401606745606,10.685872245901685,10.691640143073498
manga-8604-1901,1-211079,-5,0.9876876659607632,10.223754978554124,10.350092885458105
manga-8604-1902,1-211019,2,1.0616123323279893,9.647530033762967,9.72681438509749
manga-8604-3701,1-210728,-2,0.9486678619522841,10.05049215153878,10.16877140923952
manga-8604-3702,1-211002,0,0.770965433604097,9.296686135855012,9.466922459539525
manga-8604-3703,1-135503,1,1.0115939122101096,10.375941866008237,10.461397970117277
manga-8604-3704,1-210710,-5,49.56890094083593,17.18865609176327,9.866646443699485
manga-8604-6101,1-210895,1,0.5954496781647514,9.165453941075526,9.344551420327594
manga-8604-6102,1-210863,-5,1.103918896277257,10.569677439266831,10.6030988830353
manga-8604-6103,1-248869,0,1.2115050630067863,10.67689931197232,10.636368524190974
manga-8604-6104,1-210784,-5,1.0713421210135756,10.412225438444645,10.445840743724519
manga-8604-9101,1-594505,0,1.022329338809989,10.44832588947462,10.520868528190897
manga-8604-9102,1-210971,8,-0.016435783779296997,9.703638946418211,9.929614569624379
manga-8606-12701,1-95585,5,0.9702827039522859,11.186352213738779,11.198945604518377
manga-8606-12702,1-136306,-2,0.6115480935680964,9.145790594978312,9.314115919772068
manga-8606-12703,1-564477,-5,1.1282933724104147,11.299613588889471,11.288246989240369
manga-8606-12704,1-546894,-5,1.0288806135524418,10.962155791178818,10.978795218055799
manga-8606-12705,1-176546,3,0.6641564084575506,10.296022523664146,10.434894502811341
manga-8606-1901,1-634350,2,0.4794236462288808,9.001155820459665,9.163483397071808
manga-8606-1902,1-136304,3,0.5930491514603915,8.845602999581956,9.054310398292502
manga-8606-3701,1-136120,2,1.0248437414406801,10.868572963710925,10.862161802723461
manga-8606-3702,1-136248,1,1.0200053094301182,10.271578523440727,10.355399792515808
manga-8606-3703,1-546873,-5,0.9746303948229063,10.168611091233787,10.22514380468751
manga-8606-3704,1-136305,2,0.9901128326961519,9.13051957415188,9.222427712372857
manga-8606-6101,1-136268,2,0.5961555354305155,9.605430840592096,9.747814838773309
manga-8606-6102,1-136292,-5,1.032688793738405,11.38418679553267,11.386313436703405
manga-8606-6103,1-95657,1,1.0716540051027934,10.705767649663244,10.68595480403315
manga-8606-6104,1-546912,-2,1.001589622558562,10.869508249545888,10.945919878961208
manga-8606-9101,1-634274,-5,,,11.226947716963423
manga-8606-9102,1-136286,6,0.28340386742350887,9.622013582185513,9.7402071052417
manga-8609-12701,1-594432,2,,,10.634153695987195
manga-8609-12702,1-445487,5,0.4737382760243243,10.097457331671496,10.293351503820674
manga-8609-12703,1-446660,2,0.9472474654768028,10.615009920865335,10.628281620510117
manga-8609-12704,1-446700,5,0.6152227929684955,10.055196622746056,10.226929689125363
manga-8609-12705,1-445626,3,,,10.314021093578564
manga-8609-1901,1-446671,0,0.8694685850997743,10.999096482369021,11.134463991534288
manga-8609-1902,1-445333,-5,,,10.525843951021988
manga-8609-3701,1-500485,-5,,,10.973197612323236
manga-8609-3702,1-446720,-5,0.9016631819182415,11.083771553239217,11.183332491482757
manga-8609-3703,1-446684,1,0.9528773615381034,10.40393108447121,10.458665038785542
manga-8609-3704,1-445537,3,,,10.075550610910659
manga-8609-6101,1-445618,3,0.6510734981907014,10.083716363311103,10.142114033592037
manga-8609-6102,1-445337,-5,,,10.922613886537999
manga-8609-6103,1-446650,2,,,10.123027986661176
manga-8609-6104,1-446659,-2,1.0052094552239623,10.534198149287008,10.572203389667159
manga-8609-9101,1-445669,4,,,10.136400275774106
manga-8609-9102,1-445940,-5,1.073201573199544,11.428943172038037,11.415407425450137
manga-8610-12701,1-22911,3,0.919617905955576,10.793610178886887,10.8349379880378
manga-8610-12702,1-22876,1,0.8840246497650455,10.781069303134128,10.657608413549532
manga-8610-12703,1-23015,3,0.8914548327723502,10.318686457833827,10.323441869119902
manga-8610-12704,1-22827,9,,,9.06534065628121
manga-8610-12705,1-23610,-2,0.9922732002288797,11.069110881859665,11.113425230713739
manga-8610-1901,1-23645,2,0.46058617838315996,8.701920014842464,8.957985394347853
manga-8610-1902,1-23568,-5,0.9664264086050522,10.400736040754119,10.534715096968712
manga-8610-3701,1-22821,2,0.47602860242634293,8.870266345303317,9.102581189820297
manga-8610-3702,1-22887,3,0.6560391975760957,9.61532167450436,9.764808053034187
manga-8610-3703,1-594918,11,,,9.272998955820324
manga-8610-3704,1-634718,0,0.678671790772448,9.01775537257177,9.230436147823312
manga-8610-6101,1-22865,3,0.6980999008874882,9.73890358470869,9.924616767161137
manga-8610-6102,1-22832,5,0.48439250043597326,9.213016124432986,9.446993588731184
manga-8610-6103,1-22849,4,0.6333869955782703,9.341417531697148,9.543107813205674
manga-8610-6104,1-22810,1,1.0091599559607616,10.181516617554124,10.276663968299573
manga-8610-9101,1-22848,-5,0.7804764408280604,10.08590136834202,10.244719850685993
manga-8610-9102,1-22804,-5,1.0716223316372115,11.389428122174515,11.384416143023753
manga-8611-12701,1-23687,5,0.5109636009992471,9.390534146976583,9.635309793126561
manga-8611-12702,1-23746,4,49.26450646483594,17.32895904016328,10.024645727848629
manga-8611-12703,1-634763,3,0.9346049192656736,10.517389578699566,10.509974959845467
manga-8611-12704,1-23745,2,0.7488347122398373,10.198914090681228,10.302536552858893
manga-8611-12705,1-25683,5,0.4099065475691219,8.80533607313585,9.012900466869482
manga-8611-1901,1-23731,-2,1.0164325126961522,9.88822990215188,9.9683381595938
manga-8611-1902,1-23729,1,1.0266594792033175,9.730515407035911,9.797444131865891
manga-8611-3701,1-25676,-2,1.086002744455012,10.48268915047899,10.522688048141697
manga-8611-3702,1-25659,1,,,10.294516927633817
manga-8611-3703,1-23712,-2,,,10.070901899377558
manga-8611-3704,1-25725,-5,1.187984697802051,10.257794955027508,10.201522751093352
manga-8611-6101,1-25680,-5,,,10.644347978899662
manga-8611-6102,1-23811,4,0.5640542959719923,9.514715059849344,9.71962789831414
manga-8611-6103,1-23786,3,0.5003177313610081,9.604593408204996,9.794356274411678
manga-8611-6104,1-23818,5,0.1908449895498876,8.23877300388451,8.362782079815231
manga-8611-9101,1-25632,3,0.9771497094784962,10.185392327247895,10.245988650263532
manga-8611-9102,1-23784,4,0.7754872730924056,9.952962444970618,10.03439982040951
manga-8612-12701,1-95990,7,0.602357710551015,9.114022432530373,9.254806595084622
manga-8612-12702,1-96075,5,0.6217725602232065,10.732368274584516,10.865097457212551
manga-8612-12703,1-96077,5,0.4919310955502638,9.229694321986027,9.485235767082735
manga-8612-12704,1-96151,3,0.6246663658119793,10.305979550731067,10.445685139505793
manga-8612-12705,1-95842,3,1.2763034338200683,10.80850563151598,10.56607906611432
manga-8612-1901,1-594755,-5,,,11.322688492843422
manga-8612-1902,1-95825,0,1.0142620213749467,10.18483878016123,10.258129431164427
manga-8612-3701,1-94977,1,1.0822025312206733,10.295639182017972,10.30684732100141
manga-8612-3702,1-94958,-5,0.9282241069372859,9.371393630424762,9.515366429152598
manga-8612-3703,1-94934,-5,1.188646552903247,10.788832241705435,10.729405367563311
manga-8612-3704,1-95658,-5,1.138585644802049,10.793039912727506,10.783834286632066
manga-8612-6101,1-95982,1,1.1232571488229084,10.616681552633787,10.591070174868781
manga-8612-6102,1-564483,-5,0.9898871597891343,10.518639290048572,10.618867773005533
manga-8612-6103,1-94971,0,1.0745086734996256,11.082490557788294,11.110754643547345
manga-8612-6104,1-95843,4,0.8330835441403366,10.574044424666095,10.617119912994458
manga-8612-9101,1-95770,5,0.2893932204807541,9.880766823498924,10.071226390506508
manga-8612-9102,1-96154,3,0.6313057508376936,9.068754442632155,9.260841458249143
manga-8613-12701,1-560933,4,0.6786705822676318,9.8547163085767,10.07417256434947
manga-8613-12702,1-136125,4,0.8036738884073031,10.169045202257312,10.258677980961467
manga-8613-12703,1-177270,11,0.11800300086845184,9.557125509062688,9.640554972601816
manga-8613-12704,1-176538,-2,0.9869773959032457,11.007577813005435,11.088072269312283
manga-8613-12705,1-176803,-5,49.66575568983593,19.138543367663274,11.697855043292755
manga-8613-1901,1-176448,0,0.9657298406813837,9.786455131284129,9.901198075431486
manga-8613-1902,1-177127,-2,,,9.326833375658016
manga-8613-3701,1-176422,-5,1.035262117267628,10.476363937076698,10.507218799082933
manga-8613-3702,1-136111,-5,0.9273870497536763,10.826277354420343,10.963487021473053
manga-8613-3703,1-177221,3,1.070117209503394,10.523095925786162,10.580032673065013
manga-8613-3704,1-176829,-5,,,10.694906906840686
manga-8613-6101,1-176879,4,,,10.479229694812041
manga-8613-6102,1-177135,-5,,,11.53137799571691
manga-8613-6103,1-176444,-5,1.0123495137113103,10.423910501436884,10.508149123752483
manga-8613-6104,1-177145,-5,1.0633614666386286,11.192147317983416,11.239819820035178
manga-8613-9101,1-176402,2,0.8728849789652031,10.302009556477017,10.399360432009601
manga-8613-9102,1-634328,-2,1.021112451638146,11.279940649954579,11.290510960383541
manga-8614-12701,1-177177,-5,1.037505042440678,11.618428142810922,11.639937483002305
manga-8614-12702,1-547120,7,0.43461719624792394,9.236129885145209,9.449964105323572
manga-8614-12703,1-547191,1,49.50475012683593,17.882116764363264,10.579585833318934
manga-8614-12704,1-136307,4,1.0958031225782712,10.555899907397148,10.529167182538892
manga-8614-12705,1-634579,-2,0.9803038783958051,10.648787926407048,10.725026631703916
manga-8614-1901,1-546805,4,0.4654999575839298,8.911830738513725,9.122127371511368
manga-8614-1902,1-176525,1,1.0422644153491163,10.099986987203366,10.171173363180346
manga-8614-3701,1-177203,0,0.9165257719454942,10.432322547905988,10.595745263485199
manga-8614-3703,1-546819,0,1.0891319121239178,10.829094721503637,10.802383026535463
manga-8614-3704,1-177252,-2,1.0434482529842448,10.326690435523027,10.381661893197622
manga-8614-6101,1-177061,4,0.43538941156809585,10.335330468778313,10.547228110148271
manga-8614-6102,1-560941,3,0.7564506691553348,10.118740446819647,10.206464263038011
manga-8614-6103,1-560942,-5,1.1269002235381045,11.397466448671212,11.334210397648281
manga-8614-6104,1-546818,1,0.8999224470217904,9.51201843102588,9.637683817771336
manga-8614-9101,1-176554,1,1.0344793667067123,10.659463462622073,10.740284509451087
manga-8614-9102,1-547143,3,1.1037982355839304,11.137857228313724,11.137002608465966
manga-8615-12701,1-179900,3,0.3845889412640382,10.376762458735474,10.636469842165923
manga-8615-12702,1-596218,6,,,9.92576574894567
manga-8615-12703,1-289865,-5,0.9878570104104121,11.066725414689467,11.15809097318556
manga-8615-12704,1-550913,-5,0.9083441173242193,11.568308406865098,11.65537569463021
manga-8615-12705,1-179795,5,0.4608104270802471,9.637013104413944,9.896635879533951
manga-8615-1901,1-180047,9,0.0164369339032433,8.740338688805432,8.766463412704134
manga-8615-1902,1-179561,-2,0.5040311098280625,9.571083836242023,9.802178299672157
manga-8615-3701,1-550901,1,49.30618399483594,17.914880803163282,10.497108031777687
manga-8615-3702,1-635590,-2,,,11.064323187262183
manga-8615-3703,1-180028,1,0.459131049422421,9.381022159849039,9.565576299763828
manga-8615-3704,1-180012,-2,1.0153220739182451,10.46848603043922,10.496277717279936
manga-8615-6101,1-179929,-2,0.9861622122479226,10.023555770745208,10.057970231710705
manga-8615-6102,1-179844,1,0.6024945273051756,10.383367858179554,10.600389090330383
manga-8615-6103,1-179981,0,0.7418925634645497,9.394593913770724,9.517520507434945
manga-8615-6104,1-179947,2,0.8967104368379033,10.691958958087337,10.738944576701407
manga-8615-9101,1-179556,2,0.9049919666566488,10.286034840911425,10.303278155084698
manga-8615-9102,1-180039,4,0.615261656877319,10.115208109829394,10.244296917250105
manga-8616-12701,1-180298,-5,0.8880532460264909,11.249789808103811,11.33560030185913
manga-8616-12702,1-289846,2,1.0331043339842445,10.708382192623025,10.723495897827428
manga-8616-12703,1-180153,-5,1.0113788037384026,11.53657748653267,11.564516934823175
manga-8616-12704,1-635647,4,0.8952410816416503,10.864006322757872,10.93885882277972
manga-8616-12705,1-180522,6,0.31630314064155485,9.12644572271993,9.360006132229099
manga-8616-1901,1-180286,1,0.4275305547724457,8.762672444971766,8.995855795252126
manga-8616-1902,1-180208,-2,1.1037700729569977,10.420996445895794,10.382391707689667
manga-8616-3701,1-289841,1,0.9498228797536754,10.624793807420343,10.729577821184252
manga-8616-3702,1-180299,-5,0.8958646787628126,11.28690734008163,11.359630613921505
manga-8616-3703,1-180308,3,0.4646015081851189,10.842006410092498,10.954190390974325
manga-8616-3704,1-180193,1,0.644246031975193,9.957827431301375,10.022535591154407
manga-8616-6101,1-180168,-2,1.2511245751525877,10.385185133739776,10.234438819962799
manga-8616-6102,1-289868,6,0.37731815553130943,9.230566171198882,9.425163999501848
manga-8616-6103,1-289864,-2,0.8155751173433821,10.975105674388818,11.063798559284374
manga-8616-6104,1-180334,3,0.7732025162615024,10.264416974489858,10.363959652289314
manga-8616-9101,1-180514,3,0.8214688619904962,10.832164326827119,10.842261540079441
manga-8616-9102,1-180135,6,0.40843230315533674,9.966357836219649,10.15570336202665
manga-8617-12701,1-180618,4,0.6222199076115587,10.652902033112827,10.688477664751638
manga-8617-12703,1-180981,1,0.8877643012629228,10.660813365298761,10.67471788256883
manga-8617-12704,1-550950,3,0.35908851809315934,9.749281784673105,9.978890060995324
manga-8617-12705,1-180893,8,0.13062154430073747,8.392803197296196,8.33859194048449
manga-8617-1901,1-180813,-5,1.111761254685586,11.046448025281679,11.007261163922948
manga-8617-1902,1-180757,-2,0.891290749489059,10.987709740318092,11.105329616982376
manga-8617-3701,1-180614,1,0.9718833074996205,10.282187447188289,10.34950870102384
manga-8617-3702,1-180634,-5,0.9561464538313871,10.680876498749132,10.734362915989342
manga-8617-3703,1-180900,-5,0.8225634842288834,10.331770826259666,10.48992334090935
manga-8617-3704,1-180436,0,,,10.59014828188241
manga-8617-6101,1-205390,-5,1.0612503843643886,11.105429754391038,11.111900712865614
manga-8617-6102,1-180886,5,0.04957784794824249,9.344106023146328,9.552648751497548
manga-8617-6103,1-180687,-2,0.8818851405078334,11.05075717346952,11.156152229578195
manga-8617-6104,1-180749,-5,1.0066949220466874,10.391062082064145,10.440491896109807
manga-8617-9101,1-180623,2,0.8565037424479236,10.326373229774013,10.315456020987112
manga-8617-9102,1-550945,-5,1.0870543572373634,11.031649001175012,11.016113666358908
manga-8618-12701,1-113539,7,0.6476709786279748,9.317953771175283,9.372363267654908
manga-8618-12702,1-635474,4,,,9.343053922912848
manga-8618-12703,1-113700,-5,0.7120602779505631,9.593736420036755,9.61691955903077
manga-8618-12704,1-113587,3,,,10.612457483626619
manga-8618-12705,1-113476,-2,,,11.131487137242775
manga-8618-1901,1-113698,-2,0.39653066045501717,8.485186466078993,8.721793309015514
manga-8618-3701,1-113208,-5,,,10.791070688106734
manga-8618-3702,1-113675,-5,,,11.21470612308369
manga-8618-3703,1-113663,3,,,9.250254060358586
manga-8618-3704,1-113672,-5,0.6537051710837467,10.469281746538162,10.603508117870177
manga-8618-6102,1-635506,-2,0.7853037546242945,9.780926139315346,9.981207266501102
manga-8618-6104,1-113647,-5,0.9597470865319693,10.845156268484361,10.862167767848149
manga-8618-9101,1-596095,1,,,9.589681573453445
manga-8618-9102,1-113654,3,0.6025924653009191,9.842143380131915,9.9784151826157
manga-8619-12701,1-114230,1,,,10.459535720997343
manga-8619-12702,1-635646,3,,,10.232075752227741
manga-8619-12703,1-114059,4,,,9.956708560488622
manga-8619-12704,1-114253,7,,,8.453084308495091
manga-8619-12705,1-114147,9,0.36551916382082794,8.06598297067894,8.268008991789745
manga-8619-1901,1-114063,-5,,,11.055190963237123
manga-8619-1902,1-114316,-5,0.6875057347132305,9.89123084546028,10.015820634262068
manga-8619-3701,1-114252,-5,1.0354867242826273,10.406225885430251,10.333070252107841
manga-8619-3702,1-114235,0,,,10.2944772487243
manga-8619-3703,1-114292,1,0.9216255536627749,10.847346356098265,10.85941812583605
manga-8619-3704,1-114093,-5,0.9172714836055249,10.819803198163921,10.910383181759848
manga-8619-6101,1-113789,-2,0.9391140481593787,11.066239536712102,11.139346907084004
manga-8619-6102,1-114098,3,0.8866542008971159,10.749620867998821,10.813673708213658
manga-8619-6103,1-114035,-5,,,11.41794475831917
manga-8619-6104,1-114124,-5,0.9224892411048735,10.884834549757628,10.906786344178403
manga-8619-9101,1-114214,-2,0.8811369295674396,11.357732077392836,11.402531335106447
manga-8619-9102,1-114245,-5,,,10.750238323206403
manga-8620-12703,1-114919,-2,0.9763837771420185,10.014254042869574,10.075320631352879
manga-8620-12704,1-114845,4,,,9.74497714245699
manga-8620-12705,1-114820,1,,,10.751192082363945
manga-8620-1902,1-114818,1,0.9539993932925306,10.268774131254505,10.344354934545368
manga-8620-3703,1-635931,1,1.0859781696726678,10.505619382602744,10.48359870685466
manga-8620-3704,1-114782,1,,,9.327967541888775
manga-8620-6104,1-115066,3,0.7925363186381453,9.268645099654579,9.380755578101354
manga-8620-9102,1-114923,1,0.6311712439699093,8.884151954154955,9.062514296696753
manga-8621-12703,1-570555,1,,,11.068690389509355
manga-8621-12704,1-118496,1,0.9676968169018281,10.834919319776764,10.893762871365547
manga-8621-12705,1-118221,2,1.1528311163875955,10.851904646225819,10.743058773736651
manga-8621-1902,1-570556,1,,,10.140715398997683
manga-8621-3703,1-118428,3,0.36298149977235283,9.68364938753383,9.773840545637722
manga-8621-3704,1-118480,2,0.609304585612982,9.531965090221734,9.750256075928219
manga-8621-6104,1-117938,5,0.42885164806195775,9.297948117951817,9.514258126452884
manga-8621-9102,1-118379,-5,1.0320941390701677,11.411861072033048,11.403432826232546
manga-8622-12701,1-118456,0,0.9053568954359683,10.53010961893298,10.647112919331116
manga-8622-12702,1-118457,11,-0.818516981656618,9.308603353488817,10.699227898671232
manga-8622-12703,1-118238,5,,,9.413584728724409
manga-8622-12704,1-118204,2,0.7837487656566431,10.665519931811419,10.770434446608421
manga-8622-12705,1-118166,4,0.3119174565326368,9.570998880669848,9.835412787807483
manga-8622-1901,1-118391,-2,0.6860662394298487,9.37172196180661,9.670350702118403
manga-8622-1902,1-118454,1,1.2434921605380964,10.138371175371203,9.955368284519896
manga-8622-3701,1-570686,-2,,,10.130870674836011
manga-8622-3702,1-118421,2,0.8858917991420263,9.59256060306958,9.757556961262212
manga-8622-3703,1-118363,3,0.3422920923337571,9.400754069756829,9.701351215430066
manga-8622-3704,1-118383,-2,0.5109913142313225,9.65949042118595,9.826134433073067
manga-8622-6101,1-118184,3,0.9164037953725952,9.671529680472265,9.782357943816557
manga-8622-6102,1-118394,3,0.5829911193880513,9.070817237777051,9.26444473601914
manga-8622-6103,1-118178,4,0.4451592457438913,9.606494138131943,9.758701503700484
manga-8622-6104,1-118427,-5,0.9226874705340649,10.97422098729969,10.987893182585474
manga-8622-9101,1-637279,1,,,11.36215625440846
manga-8622-9102,1-118381,0,1.1332353178480759,10.82417748072594,10.79609051228905
manga-8623-12701,1-178812,10,,,9.513696924457404
manga-8623-12702,1-635285,5,0.6643028758880618,10.249702645456237,10.287492688874224
manga-8623-12703,1-178686,3,-0.09004233590200528,9.776367147289227,10.116441697539312
manga-8623-12704,1-178828,2,1.0664387844784997,11.062793769747898,11.032961065905525
manga-8623-12705,1-190560,7,0.48849216337259094,8.800841669272259,9.0527285610087
manga-8623-1901,1-178794,2,0.8682222526242924,10.207896511115345,10.334399460947484
manga-8623-1902,1-178838,1,0.8993237512373682,9.913470206575017,9.96233239301967
manga-8623-3701,1-178782,-2,0.9317638448020489,9.961212852727506,10.07382828440111
manga-8623-3702,1-178790,1,0.8280674534563452,9.678093318710427,9.754571542407021
manga-8623-3703,1-205522,-5,0.9184667773711759,11.09968912936336,11.148124297389897
manga-8623-3704,1-205502,4,0.45257439507620134,10.131825344142417,10.350643356530279
manga-8623-6101,1-178601,3,0.8518734656904776,11.046201919255802,11.06072427486538
manga-8623-6102,1-178824,-2,0.6723977684301161,9.294304680340725,9.516045938520287
manga-8623-6103,1-178695,-5,0.9374036070612028,10.866666356767933,10.834984348312757
manga-8623-6104,1-190574,2,0.6078817067573539,10.822313578501205,10.913271174995721
manga-8623-9101,1-178698,3,0.5880976633831629,8.900565508342467,9.156476459979716
manga-8623-9102,1-178823,-2,0.418035450061204,9.038623468067934,9.279135155286282
manga-8624-12701,1-23372,-5,1.0332732205078337,11.408648301469523,11.43889185867623
manga-8624-12702,1-25656,4,0.9401471304202182,10.145415696616476,10.173393164814797
manga-8624-12703,1-25746,3,0.7666790171332387,10.140347052421575,10.185267269674451
manga-8624-12704,1-25682,3,,,9.807882595126298
manga-8624-12705,1-25729,7,,,9.02050215686195
manga-8624-1901,1-23665,-5,1.0415489783725924,10.19467658577226,10.250637095281125
manga-8624-1902,1-25663,-2,0.2843088918102623,8.897942346408739,9.08069140981535
manga-8624-3701,1-595204,-2,,,10.688155427068782
manga-8624-3702,1-23670,0,0.9242130080175315,10.576967694199169,10.610185159942969
manga-8624-3703,1-23679,0,0.9684331050657278,9.788922767049687,9.883964483975463
manga-8624-3704,1-25566,3,1.207696462316008,10.259739340383867,10.168232229513421
manga-8624-6101,1-595225,-2,,,10.650126772383347
manga-8624-6102,1-25722,4,0.8558304323051757,9.521657893679555,9.661465300289876
manga-8624-6103,1-25707,4,0.681171960062624,8.983603168297767,9.178902161672173
manga-8624-6104,1-634806,-5,1.0164647326818148,10.543903784683806,10.607023731645091
manga-8624-9101,1-25718,5,0.4533464857792353,9.34200725574409,9.54122467501411
manga-8624-9102,1-25740,2,0.623866525743896,10.201915586131946,10.310385268158914
manga-8625-12701,1-24003,1,1.0031890857663157,10.334038163584923,10.379753181466905
manga-8625-12702,1-24172,4,0.6094107990378994,9.892515148316141,10.002330241568373
manga-8625-12703,1-24161,5,0.931580512284711,10.656154100645567,10.693617042689503
manga-8625-12704,1-24142,-5,1.1414480626855905,11.338007018081683,11.329897996175966
manga-8625-12705,1-24375,3,0.7651334958078166,9.822383928742298,9.913172529921905
manga-8625-1901,1-23980,-2,0.5961508175953512,9.166438335005552,9.382344892222761
manga-8625-1902,1-23955,3,0.8727425010347076,9.292089034585047,9.443183163840166
manga-8625-3701,1-23951,-2,1.0561086961805053,10.386894651652497,10.399725626086232
manga-8625-3702,1-24132,-5,0.9841129394761445,10.244381003119392,10.337335444755608
manga-8625-3703,1-23927,2,0.8071645946279773,9.515988956775285,9.624258368885677
manga-8625-3704,1-23890,-2,1.0047412352772618,10.097445304166834,10.183056203693958
manga-8625-6101,1-23991,4,0.5629963380427192,8.652013266990592,8.881886573121976
manga-8625-6102,1-23976,3,0.591512643292532,8.778854306254505,8.954751782916045
manga-8625-6103,1-24104,-5,1.1884312334890588,10.877882104718092,10.829721138320426
manga-8625-6104,1-24209,2,0.7262879111565432,9.545535335394298,9.720226303671849
manga-8625-9101,1-24179,3,0.7577227518308121,10.066948688042825,10.11897528929507
manga-8625-9102,1-24128,6,0.4727822727288924,9.709475591099316,9.929812677804943
manga-8626-12701,1-24425,0,1.231987615062625,10.409367128797768,10.246272018918887
manga-8626-12702,1-634795,3,0.8481174628676875,10.40018747113926,10.413386949588247
manga-8626-12703,1-24482,3,0.613521845671432,10.574624291609792,10.706345614285024
manga-8626-12704,1-24423,2,47.521618123835935,15.483378597063279,8.571134438246215
manga-8626-12705,1-24251,3,0.5501691781420206,10.928452571969574,11.270070631055878
manga-8626-1901,1-24380,-2,1.0735322496726702,9.490494310602745,9.509047869828114
manga-8626-1902,1-24246,4,0.6765986859516175,11.026481357302714,10.971792889501238
manga-8626-3701,1-24295,-2,1.0269083533643872,10.485704492291037,10.55000931554026
manga-8626-3702,1-24371,2,0.8852957730393243,10.139352567104119,10.119321886463977
manga-8626-3703,1-24440,2,0.4817749641851172,9.694962939692497,9.893296157426576
manga-8626-3704,1-24418,2,1.0553484623279914,10.539185976762969,10.580574891289485
manga-8626-6101,1-634789,-5,,,10.985733111546052
manga-8626-6102,1-24279,-2,0.9595290376900287,10.92022456616504,10.98298903497657
manga-8626-6103,1-24293,1,1.0477387113500498,10.649787870622964,10.677043647021524
manga-8626-6104,1-24416,1,1.0671574048630816,10.410185500059733,10.421934457084943
manga-8626-9101,1-24407,4,0.6356626812342583,9.942125996283556,10.130336985479254
manga-8626-9102,1-634800,1,,,10.46979846038441
manga-8651-12701,1-178908,5,0.46160387080660925,9.856702226788576,10.026578203301678
manga-8651-12702,1-179071,2,0.2078573622341615,10.019612616445615,10.216142140843655
manga-8651-12704,1-179246,4,0.8258992734399229,10.266812668747967,10.282474831040535
manga-8651-12705,1-179170,3,0.6737236953357133,10.715596225554894,10.819852438233832
manga-8651-1901,1-179024,3,49.00971440683593,18.218460512363276,10.787983721371983
manga-8651-1902,1-635348,2,0.6830301220121662,10.721534540235751,10.881874602326295
manga-8651-3701,1-178906,0,0.9508736366559845,10.435397792725942,10.44569603361601
manga-8651-3702,1-178844,1,0.8887464936564378,9.83070227567717,9.847632493890444
manga-8651-3704,1-178894,1,0.8491856927301882,10.292978684490972,10.418783388884691
manga-8651-6101,1-178938,3,0.8754136246906903,10.383878019010986,10.425374428120136
manga-8651-6102,1-178927,3,0.7969710231551197,10.98352416728539,11.023482924454019
manga-8651-6103,1-179208,5,0.4632419405133845,9.943256498489587,10.13748387386169
manga-8651-6104,1-179223,1,0.8624117261743791,10.110939811165657,10.180911140283872
manga-8651-9101,1-178856,6,,,9.316928093347126
manga-8651-9102,1-179227,-5,0.9777608118102599,11.014974418408736,11.089194830190733
manga-8652-12702,1-286909,3,0.7168082685787205,10.890358674287912,10.941021208280592
manga-8652-12703,1-26406,5,0.3975153253735044,10.722313012413174,10.866853620628621
manga-8652-12704,1-26393,-2,0.6970578715524347,10.808766038978812,11.07549221494013
manga-8652-12705,1-26536,5,0.8688887687874463,10.519440877025321,10.559328377343093
manga-8652-1901,1-26003,-2,0.8749595739607656,9.942038221354125,10.070739562849198
manga-8652-1902,1-26201,-2,0.6793678063793855,9.81895041924459,9.99879838354787
manga-8652-3701,1-26390,2,1.118893551968707,11.11753358250124,11.003081220536629
manga-8652-3703,1-26587,-2,0.9576008637536688,10.808064181820336,10.898900070537488
manga-8652-3704,1-26550,-5,0.9626625911821947,10.17276042809552,10.222583822037993
manga-8652-6101,1-205225,-5,1.0249520026726735,11.037419602902748,11.034644496753183
manga-8652-6102,1-26197,0,1.0855828274479222,10.996149403274014,10.788422931722694
manga-8652-6103,1-26421,3,0.39170703344791846,10.10140995787401,10.332125250979303
manga-8652-6104,1-26608,2,0.7224706345545222,9.719426820733666,9.841091552041757
manga-8652-9101,1-26611,4,0.4908732376756859,9.47189547265743,9.697788855796388
manga-8652-9102,1-205194,2,0.7230476346242938,10.689261047315346,10.842159112282422
manga-8654-12701,1-106961,3,0.821680239069412,10.719430585870091,10.748084869816347
manga-8654-12702,1-29571,6,0.5458850077891348,9.498047906848575,9.654788552336662
manga-8654-12703,1-29751,8,0.4577087135902502,8.995851441876248,9.205880729887538
manga-8654-12704,1-29666,4,0.8372050238813635,10.87567613052185,10.933095841518583
manga-8654-12705,1-29549,7,0.5747176158313891,9.779882032949134,9.909911555884015
manga-8654-1901,1-29656,3,0.6012734313894619,9.636335684285946,9.846771807643757
manga-8654-1902,1-29745,-5,0.8233678100435782,9.282383157651756,9.408131378117409
manga-8654-3701,1-29240,6,49.17339703983594,16.720880412663277,9.440203567550972
manga-8654-3702,1-29599,-5,0.9398580264301231,10.154495868140732,10.287492688874224
manga-8654-3703,1-29721,-5,1.115748385051397,11.009346495581623,10.980707222020973
manga-8654-3704,1-29610,6,0.5132314695885647,9.29799396953323,9.463373315718265
manga-8654-6101,1-29590,4,0.6323747895363745,10.66452389409011,10.727153960467382
manga-8654-6102,1-29679,2,0.6202058910326578,10.482363321990903,10.400670933952592
manga-8654-6103,1-29692,-2,1.027573960956996,11.19864246669579,11.178271725033742
manga-8654-6104,1-107040,-5,1.022946541590251,11.147313516676245,11.207564357676127
manga-8654-9101,1-29577,-5,1.1568092279161633,10.944703553384368,10.891781575164671
manga-8654-9102,1-29707,5,0.5341136697001012,9.20974484894593,9.445233571739122
manga-8655-12701,1-29749,4,0.6393168208480766,9.32571849802594,9.572793793812924
manga-8655-12702,1-29843,5,0.5300833026566458,9.468865278511423,9.701720781480592
manga-8655-12703,1-29874,6,0.5541976964066393,9.226792409871827,9.44516190058362
manga-8655-12704,1-637825,5,0.616112891268294,10.289422745662183,10.477663783811957
manga-8655-12705,1-29799,1,1.0215332416728486,10.140083334439622,10.080406398245163
manga-8655-1901,1-29748,-5,0.9606676186982348,9.995820145206732,10.089028576818531
manga-8655-1902,1-29809,0,0.7568005541292848,9.175127535067055,9.3076500460843
manga-8655-3701,1-29512,3,0.5189406612929233,10.677334970605871,10.752219825805414
manga-8655-3702,1-29726,-2,1.0768500620701644,11.103499271333044,11.113191037550887
manga-8655-3703,1-29878,-5,0.8598420835524365,9.635772928178813,9.787620560104632
manga-8655-3704,1-204551,2,0.5585635516041023,9.216041209655016,9.45326328514437
manga-8655-6101,1-29792,-5,0.5762129238229079,9.015617485133788,9.245702630098762
manga-8655-6102,1-29917,5,0.4158909678102596,8.911087318008736,9.041925356132008
manga-8655-6103,1-29728,2,0.8663659119992424,9.454885677076579,9.59108910499862
manga-8655-6104,1-638033,-2,49.65231142983595,17.771587561663285,10.331773379365742
manga-8655-9101,1-29851,-2,0.9724621925465833,10.937706317186555,11.008698089870427
manga-8655-9102,1-29811,4,0.4797136645073472,9.63868325034068,9.817234730425499
manga-8656-12701,1-31189,5,0.6659999331578668,9.78298759788619,9.835774886177605
manga-8656-12702,1-287810,4,0.8632581129379524,11.033204056170712,11.103728482324062
manga-8656-12703,1-31444,3,0.5851994107618772,9.394339085501565,9.605465586881197
manga-8656-12704,1-31345,3,0.13594680629904943,9.208755643592713,9.322355765841039
manga-8656-12705,1-287790,5,0.773725698353914,10.976654119439548,10.92482336426674
manga-8656-1901,1-31502,6,0.4147365702157657,8.82316898791493,9.043715858061207
manga-8656-1902,1-31374,5,0.8642597192840569,10.686264287239164,10.766691628216593
manga-8656-3701,1-30958,-5,1.0222993195691252,10.017825178335851,10.085404757331423
manga-8656-3702,1-31500,1,1.108483928327992,10.57092763736297,10.581385243426343
manga-8656-3703,1-31530,4,0.6036595230217934,9.037497422625883,9.25892448287688
manga-8656-3704,1-31485,-5,0.9067042487001054,10.824126537845935,10.89271330979869
manga-8656-6101,1-600853,1,0.8010167047547299,10.133692066617654,10.17575527472565
manga-8656-6102,1-31271,8,0.29793222524038043,9.232110928249464,9.46664374536851
manga-8656-6103,1-31324,4,0.7665063307860258,10.803105283916416,10.880377364467023
manga-8656-6104,1-31249,3,0.8190756830462007,10.550085695635307,10.600453390938748
manga-8656-9101,1-107573,5,0.8347409298208213,10.633138081278933,10.646639926021361
manga-8656-9102,1-31295,0,0.997262470176068,10.509090293508677,10.587347217350992
manga-8657-12701,1-31639,6,0.4070414945789338,9.584237463743095,9.837661024996843
manga-8657-12702,1-31776,5,0.5994492787423589,9.865651307126726,10.084490482896141
manga-8657-12703,1-32055,4,0.7024876130925257,9.946686054887863,9.975512225967488
manga-8657-12704,1-32058,6,0.31329784888891155,8.640140398817596,8.716739349877038
manga-8657-12705,1-32016,6,0.30911956343597424,8.622760537732987,8.802525388324439
manga-8657-1901,1-31801,0,1.0867084302498107,9.863951239744145,9.9299836521507
manga-8657-1902,1-31580,3,0.7884228093861765,10.927293785216914,11.05792082543304
manga-8657-3701,1-107659,2,0.24163417463814696,9.17557810925458,9.392573856408141
manga-8657-3702,1-31759,5,0.46724933413381464,9.02588404558835,9.256979782627354
manga-8657-3703,1-32048,0,0.6705082609494468,8.684568095900044,8.921720281522694
manga-8657-3704,1-107761,1,0.470943566715853,9.300056898422902,9.53711862401461
manga-8657-6101,1-31788,2,0.8723205463880497,10.76050332347705,10.735942048337842
manga-8657-6102,1-31587,3,0.5031442405012179,9.079507838453837,9.346184701650452
manga-8657-6103,1-32034,-2,1.0874973039455007,11.254220249105995,11.272730187719915
manga-8657-6104,1-32056,8,0.3217198480332861,8.431243264976143,8.55849256929431
manga-8657-9101,1-31626,6,0.3176918064301191,9.486615466140726,9.702693274051747
manga-8657-9102,1-31996,5,1.0556702807445326,11.12604839475905,11.104906862968885
manga-8710-12701,1-378884,5,0.5414295101579576,9.456077753603198,9.708763271362637
manga-8710-12702,1-378729,-2,0.9920422203279884,9.810188814562967,9.921591284345284
manga-8710-12703,1-378771,9,0.15616619825848588,8.724527312415404,8.92105928647399
manga-8710-12704,1-378723,7,0.301200567233586,9.000131381777136,9.251764719183514
manga-8710-12705,1-378690,6,0.700101270867691,9.375055563939263,9.490523116687708
manga-8710-1901,1-378704,-5,0.8316655669684927,8.977533986146055,9.102529747553032
manga-8710-1902,1-378687,-2,0.9958715430173548,9.520090029042525,9.533638623843256
manga-8710-3701,1-378663,1,0.914734916247923,9.657895697145207,9.793502621648573
manga-8710-3702,1-378674,1,0.9908867454018377,9.918709452655952,9.82203201400089
manga-8710-3703,1-378699,-5,1.1452981638323187,10.23674548956873,10.141418415266088
manga-8710-3704,1-378708,1,0.7693367935695186,9.58539365228722,9.702882691074501
manga-8710-6101,1-378624,7,,,8.833555067776192
manga-8710-6102,1-378688,1,0.7515614129684884,10.18168366474605,10.350844763078722
manga-8710-6103,1-378885,2,0.5328256066947326,9.081305930242975,9.352057037135133
manga-8710-6104,1-378660,1,0.7670276453650509,9.409360654676519,9.555923534173605
manga-8710-9101,1-378656,0,0.8853800932335893,10.480791348377139,10.581308945625747
manga-8710-9102,1-378670,4,0.5446787389127827,9.226131613637861,9.438148219815355
manga-8711-12701,1-378901,3,,,10.80611211016909
manga-8711-12702,1-378903,9,0.24877642931600974,8.63424110008387,8.78963711038305
manga-8711-12703,1-379241,1,0.6676642762518732,9.406466237199725,9.587963388438922
manga-8711-12704,1-379216,-5,0.9735286623242168,10.912845466365097,10.998223145708822
manga-8711-12705,1-378863,5,0.4978881019156951,8.808301311874569,8.957125800901535
manga-8711-1901,1-379255,-5,0.8309390268874886,9.12080431130869,9.267469763409194
manga-8711-1902,1-379008,2,0.8012771743051701,9.21628080587955,9.348256172596638
manga-8711-3701,1-379261,2,0.2960724517891329,8.889751967248573,8.963599434861537
manga-8711-3702,1-378910,-5,0.9250090966381421,11.063266219454576,11.138173180137121
manga-8711-3703,1-379348,1,0.6711099868024455,8.557222965478875,8.747430453403098
manga-8711-3704,1-379209,2,0.3664970758813624,9.32365236372185,9.531586200073955
manga-8711-6101,1-378957,-5,1.030325201590255,11.025853722676251,11.042858912271674
manga-8711-6102,1-378966,2,0.8587827524237248,10.90355595661977,10.990085664582177
manga-8711-6103,1-379277,1,0.3989449233937208,9.09914256341266,9.348505410152443
manga-8711-6104,1-379243,3,0.8647531997322808,9.497543550685366,9.650489169855273
manga-8711-9101,1-378881,-2,0.9181481063711772,10.101738443263361,10.21940113035756
manga-8711-9102,1-379202,-2,0.6803411728569486,9.42015620941242,9.625326858596493
manga-8712-12701,1-379454,4,0.7124628638132791,10.130011185843655,10.296513818837951
manga-8712-12702,1-379605,5,0.41253150075367273,9.577430438520338,9.838217961254179
manga-8712-12703,1-379653,-5,1.0247898090931642,10.86629111277311,10.855287106535394
manga-8712-12704,1-379708,2,0.9350449870626214,10.851800173997766,10.907869600611395
manga-8712-12705,1-379741,3,0.9475326196014748,10.60212630669239,10.647542377793942
manga-8712-1901,1-379660,1,0.9619409343242182,10.407873701565096,10.495946532723613
manga-8712-1902,1-379387,1,0.7551383253650528,9.590981442676522,9.757273011885841
manga-8712-3701,1-379375,-5,0.8701241568926754,8.884848372015462,9.051873817076148
manga-8712-3702,1-379430,3,0.7502551320802446,9.26961481991394,9.44906164685814
manga-8712-3703,1-379536,3,0.5914023753048703,9.940407925186433,10.073344366269502
manga-8712-3704,1-379545,0,1.0649263273242155,11.029861517865095,11.023252459633712
manga-8712-6101,1-379291,4,0.32885717497518385,10.336885372601365,10.528879436726458
manga-8712-6102,1-567961,6,,,10.446746808008667
manga-8712-6103,1-379410,1,0.29472720220842064,9.28049037306522,9.547246587435993
manga-8712-6104,1-567968,3,,,10.055045601660948
manga-8712-9101,1-379777,4,0.2887084753486313,9.059282195714061,9.269368155257782
manga-8712-9102,1-379528,-5,1.4862127945695214,10.21543464138722,9.821926664896754
manga-8713-12701,1-43528,4,0.5941976433610066,10.400881167404993,10.569537763411331
manga-8713-12702,1-43139,6,0.35007868429253364,9.305559259354508,9.490320942936298
manga-8713-12703,1-43338,6,0.3349446363357167,9.186496568654896,9.434140785289761
manga-8713-12704,1-43857,7,0.3929011467618828,9.28627840310157,9.462345579884472
manga-8713-12705,1-71939,5,0.4586891370513939,9.08374869878162,9.325404817923749
manga-8713-1901,1-43541,-2,0.9635643024784954,9.709443623547894,9.80699554562284
manga-8713-1902,1-43829,2,0.28119898989267966,8.507409692315466,8.717760347739038
manga-8713-3701,1-43584,5,0.4256861606386302,8.708474033383418,8.943700237680272
manga-8713-3702,1-43137,-5,1.0105794383725986,11.184230571772268,11.224882532904092
manga-8713-3703,1-43856,-5,0.7826636713768416,9.756895480360175,9.92606552135068
manga-8713-3704,1-71956,-2,0.8263283080619566,9.411788523951817,9.583254332894077
manga-8713-6101,43-22,9,2099.7145400056233,-2888.5725499965865,
manga-8713-6102,1-43589,2,0.9149325346416504,10.668288885057873,10.728323745663268
manga-8713-6103,1-43896,-5,1.0351873956559778,11.066101619625934,11.062442837300145
manga-8713-6104,1-43865,5,0.5747849245256376,10.622880399863273,10.773278740303939
manga-8713-9101,1-43349,-5,1.0530943371208998,10.785260563709414,10.789491164947469
manga-8713-9102,1-71974,5,48.91024991983594,17.461311620663285,10.348598837371972
manga-8714-12701,1-548135,-5,0.945940808901824,11.161637006976761,11.166051013914116
manga-8714-12702,1-604880,4,0.4254541481048726,9.411630863457628,9.648383432973077
manga-8714-12703,1-339295,5,0.5190789885313052,9.571391291498879,9.796959893213812
manga-8714-12704,1-339291,6,0.5054872076115586,9.045928063112829,9.266605602980997
manga-8714-12705,1-44763,2,0.7126346463357152,10.314402659654895,10.496010294987558
manga-8714-1901,1-44798,5,0.7114072298078185,9.371549428142298,9.514073355640948
manga-8714-1902,1-44767,-5,0.6774745260513946,10.42691495868162,10.716202906202634
manga-8714-3701,1-339120,-5,0.9703364331042117,11.21777891773261,11.256727364796369
manga-8714-3702,1-339111,-5,0.9967609689607642,10.929984015854124,10.976177052267762
manga-8714-3703,1-44818,11,,,9.489882576669311
manga-8714-3704,1-604860,-5,0.8707431307097337,10.974364677336066,11.03964805957623
manga-8714-6101,1-44210,6,0.18786294968105466,9.46978381129992,9.742248166502113
manga-8714-6102,1-548194,3,0.8287419314427602,10.832777791165773,10.940597658539343
manga-8714-6103,1-548196,-5,0.9221259097628192,11.187428122181636,11.243774483723035
manga-8714-6104,1-339300,1,0.410843049647017,8.91482388292129,9.162525575156634
manga-8714-9101,1-339125,3,,,10.392979943678013
manga-8714-9102,1-44722,-2,0.7388060193554224,9.652736824786388,9.820497677370359
manga-8715-12701,1-548157,3,0.8910052348909936,10.528135583911984,10.61530075370564
manga-8715-12702,1-548172,-5,0.9397922742629277,11.183187059598765,11.232434466207595
manga-8715-12703,1-378826,-5,0.9868592232335871,11.157553231377138,11.173139630259104
manga-8715-12704,1-351792,6,0.1163352501338153,8.66707128118835,8.768922851787723
manga-8715-12705,1-378795,2,0.8710514922049164,10.912126260340997,10.96183335942581
manga-8715-1901,1-378728,3,0.7199534025572625,9.666071999134463,9.759785654690347
manga-8715-1902,1-378844,4,0.4701113594359754,8.830263961332987,9.087806254202082
manga-8715-3701,1-378770,-5,1.1310381816205286,11.59286755461748,11.46303399802919
manga-8715-3702,1-604907,-5,48.93112814583593,17.483963757263272,9.990280678521998
manga-8715-3703,1-379124,-2,,,10.474310982408772
manga-8715-3704,1-351815,-5,1.3044580208376928,11.170673459632155,10.869897909234416
manga-8715-6101,1-379030,-2,0.9360189728602357,10.434486708281451,10.454259310774239
manga-8715-6102,1-378753,6,0.5095519077792368,8.790705355944093,9.039759038061435
manga-8715-6103,1-379045,4,0.9414210839752819,9.677428909518378,9.711710239832442
manga-8715-6104,1-351919,-5,,,10.772633377217431
manga-8715-9101,1-379087,3,0.606023083277833,10.41686404921438,10.52099809274174
manga-8715-9102,1-378749,4,0.5265921040435799,9.58136051305176,9.82559746474377
manga-8716-12701,1-379196,9,0.48095867058856356,8.45024527863323,8.670064859330349
manga-8716-12702,1-352130,10,0.3865709897158567,8.481412627722905,8.728102061816012
manga-8716-12703,1-379571,4,0.3836052771511689,9.357257434630874,9.581181373094404
manga-8716-12704,1-352245,5,0.6829999319126934,9.848766864920858,9.897461588064022
manga-8716-12705,1-352114,4,0.4392392139652017,9.383066914977018,9.606792889843348
manga-8716-1901,1-379199,2,0.6606129130285829,8.769287330298207,8.979663989081484
manga-8716-1902,1-351869,0,,,10.574941752012725
manga-8716-3701,1-605012,3,0.5679298964645518,10.619701584070723,10.800473750244919
manga-8716-3702,46-183,0,,,
manga-8716-3703,1-548341,-5,0.9620395173242215,10.7865297468651,10.862911572984663
manga-8716-3704,1-352081,6,0.7161888693649558,9.53423256805951,9.59796379513468
manga-8716-6101,1-351911,1,,,9.519669204532079
manga-8716-6102,1-548180,5,0.776449596981621,9.270407764160405,9.437493714233327
manga-8716-6103,1-379380,3,0.9602075709494464,11.058953056900043,11.051704208435961
manga-8716-6104,1-379490,-5,0.9836945181089156,10.65323455145008,10.727656728223947
manga-8716-9101,1-379214,-2,1.3498795243051767,10.599019590879553,10.374792322971501
manga-8716-9102,1-352103,4,0.574641059191336,9.323948068656811,9.568140683796338
manga-8717-12701,1-604835,5,0.5995827233212871,9.849796743948888,9.952444190038321
manga-8717-12702,1-121747,-2,0.9584809670619592,11.35527114085182,11.42289665914056
manga-8717-12703,1-121773,7,0.4222062893793854,8.95890115454459,9.202163973621053
manga-8717-12704,1-604883,7,0.513301969937288,8.771449843724763,8.960882044655756
manga-8717-12705,1-584687,7,,,8.877663848932597
manga-8717-1901,1-71481,-5,1.1105070335524374,11.594685773178814,11.506871525089673
manga-8717-1902,1-121532,-2,0.5877983964820892,11.056732015469898,11.13705646069669
manga-8717-3701,1-584637,-5,,,10.475331172619434
manga-8717-3702,1-71488,-5,0.9507197708229072,10.994807852833786,11.053996025507622
manga-8717-3703,1-121735,1,0.21384497115511536,9.529758534085389,9.665806052941406
manga-8717-3704,1-121486,2,0.8114298650350626,10.389503634298336,10.30587564620251
manga-8717-6101,1-121697,1,0.9788282417853615,10.088645528830934,10.154843760625724
manga-8717-6102,1-121717,3,0.8076806473513791,11.20277567051486,11.203223325290905
manga-8717-6103,1-121737,-5,0.8195420105674387,10.983136894492834,11.101771124398878
manga-8717-6104,1-548622,-5,0.9884910135700622,11.405099829515919,11.436251723952545
manga-8717-9101,1-71525,3,0.7556693386129751,10.579266282521727,10.68765735784973
manga-8717-9102,1-121598,-5,1.0185225969161635,11.23253403128437,11.270993091079864
manga-8718-12701,1-44303,3,0.7833739941062987,10.286347401287466,10.390825636974945
manga-8718-12702,1-44379,2,0.7507961470462021,10.334251518035309,10.426953463498633
manga-8718-12703,1-45126,5,0.44720273245502185,9.048672881279,9.280220863545253
manga-8718-12704,1-45080,4,0.38723634977621657,9.087887406889406,9.2274290409628
manga-8718-12705,1-45036,7,0.43451334127726327,8.782639348766835,8.924477775316664
manga-8718-1901,1-45108,-2,1.0349390723582665,10.501909247664663,10.531496799388053
manga-8718-1902,1-44312,1,0.6002337286041026,8.816423280355018,9.030640194868631
manga-8718-3701,1-44113,-2,0.8847357935230988,11.080866811017652,11.205155624924867
manga-8718-3702,1-44726,-5,0.8699661051157044,10.607161911822406,10.679273412943052
manga-8718-3703,1-45112,8,0.3250231375545205,9.230087138033667,9.445551275272956
manga-8718-3704,1-44091,-5,0.9760511884996248,10.972060944288293,11.05126060006933
manga-8718-6101,1-44063,-5,49.29501673083595,18.044721180763286,10.829962756831115
manga-8718-6102,1-44361,2,0.8355963107873556,10.191013924208315,10.16005414801272
manga-8718-6103,1-45016,-5,1.036371793558562,10.928740505645887,10.986771286539744
manga-8718-6104,1-44633,2,0.3899531380146968,9.584764582581363,9.78965120879341
manga-8718-9101,1-44634,3,0.4802357702656721,9.942174702799564,10.14619937819729
manga-8718-9102,1-44660,3,0.6873375268379043,9.785758477087338,9.671882505372036
manga-8719-12701,1-44801,3,0.8639061726007249,10.479682776868977,10.469573145473051
manga-8719-12702,1-44745,9,0.10245894141946721,9.200746342672131,9.48977150984405
manga-8719-12703,1-44789,-2,1.0665317762417992,10.548317315618833,10.550317649500082
manga-8719-12704,1-44880,5,0.4605034834603856,8.59298430078195,8.799798729631904
manga-8719-12705,1-44637,5,0.4809460634747218,9.11968949825002,9.254888708775947
manga-8719-1901,1-548191,-2,0.7803703937601973,9.400335572898086,9.560371776820103
manga-8719-1902,1-44690,-2,0.7420151830701656,9.961800092433045,10.202005802419254
manga-8719-3701,1-548190,2,0.9392729670067901,9.636911118372325,9.751403060425838
manga-8719-3702,1-44865,5,0.6565628722342502,8.921167314383549,9.136327305100325
manga-8719-3703,1-44915,4,0.4651631119689732,9.221575163135354,9.470341386491679
manga-8719-3704,1-44700,-2,0.8199854765707251,9.532321633961867,9.675929493826374
manga-8719-6101,1-44667,4,0.5960801347547289,9.407898239617653,9.560977281781687
manga-8719-6102,1-44707,4,0.5563126990936453,8.81464342926241,9.030935532847986
manga-8719-6103,1-351474,3,0.6702866575695161,10.761822934687217,10.909388590351144
manga-8719-6104,1-44905,2,0.37813743430074,9.235607596296198,9.50152071174433
manga-8719-9101,1-584693,11,,,8.455120587554202
manga-8719-9102,1-44693,5,0.7910682959369808,9.976298106492106,10.011291255184323
manga-8720-12701,1-45291,-2,1.1557855217749768,11.42965642141738,11.239559727510487
manga-8720-12702,1-351719,3,0.8173278496199821,11.210891804149242,11.223636097077225
manga-8720-12703,1-351751,-5,1.003356877034708,10.999517536185047,11.017162773171988
manga-8720-12704,1-351743,5,0.5459478590513953,8.761217028981621,8.99285825645877
manga-8720-12705,1-351716,-5,0.874273995654562,11.222476432317034,11.31173267544235
manga-8720-1901,1-351790,-2,0.8197065106050552,9.57648068895412,9.743753497015517
manga-8720-1902,1-351702,4,0.36404907939646947,8.976444212613462,9.255250789836325
manga-8720-3701,1-351470,0,0.9211981575053834,10.519228860063539,10.478562167055841
manga-8720-3702,1-45399,-2,0.8358488747451922,10.63109016534453,10.765163197970152
manga-8720-3703,1-351746,-5,1.038012230277257,11.08774445866683,11.109173421425472
manga-8720-3704,1-351692,-2,1.0100953119182456,10.434419736239219,10.477213894327928
manga-8720-6101,1-351694,-5,,,10.57960298399174
manga-8720-6102,1-45299,4,0.4867352870347048,9.163726867185044,9.407603325351417
manga-8720-6103,1-351818,6,0.5635655062547187,8.727592124817537,8.941353388268473
manga-8720-6104,1-45268,9,0.4717435805498873,9.15975660198451,9.322857858357754
manga-8720-9101,1-45370,-5,0.9073102026559816,11.016864423325938,11.080828437393663
manga-8720-9102,1-45427,-2,0.9233721445782699,10.31446920759715,10.409408949974859
manga-8721-12701,1-48557,-5,1.0636557885313138,10.757907571498885,10.808594441628166
manga-8721-12702,1-48545,4,0.7717330875681014,9.824305880378317,9.804422279314334
manga-8721-12703,1-48805,-5,1.0308771634301195,11.48654323484073,11.455099266807052
manga-8721-12704,1-48773,-5,1.0938020521420277,11.029639885369582,11.046463947077514
manga-8721-12705,1-48560,6,,,9.413378567126943
manga-8721-1901,1-48772,-5,1.2365002767322792,10.051668691385366,9.961278204290336
manga-8721-1902,1-48531,-5,0.9655652711525882,9.585601427339776,9.685423736554165
manga-8721-3701,1-47511,0,0.7877695914305107,11.023918270192093,11.077651285359197
manga-8721-3702,1-47948,-2,0.8550445423295905,9.871617979768056,10.022844731297987
manga-8721-3703,1-48558,-2,1.0790336513582588,10.109390856564659,10.133021278646652
manga-8721-3704,1-564239,-5,1.0169297577891356,11.186066571848574,11.19648845515651
manga-8721-6101,1-48586,1,,,9.26956430934478
manga-8721-6102,40-2,3,2099.729730003475,-2888.5702249944816,
manga-8721-6103,1-55572,3,0.9798753404785003,10.797594509347896,10.866395456088132
manga-8721-6104,1-48884,0,1.0720975959910355,11.213930255495352,11.205767174001963
manga-8721-9101,1-48535,2,0.6969251776982333,9.24459247210673,9.38429605408302
manga-8721-9102,1-48760,-5,,,11.31496632218943
manga-8722-12701,1-46349,-2,1.0537054779391788,11.282716571723704,11.3060667208781
manga-8722-12702,1-45470,2,1.0027496947536676,10.979972923920336,11.022729344717431
manga-8722-12703,1-46316,3,0.37308817283081197,10.648775799142824,10.810364265375677
manga-8722-12704,1-46358,4,0.44920107215654426,9.461910080494299,9.716276362215034
manga-8722-12705,1-46428,5,0.44405221467285116,9.675661128739623,9.935872886581267
manga-8722-1901,1-46057,-5,0.8511330231464633,10.872539637052938,10.957746602853778
manga-8722-1902,1-46374,5,1.3140103682826307,11.801588965830254,11.580718608276792
manga-8722-3701,1-605161,8,,,8.725105971255848
manga-8722-3702,1-46076,-5,1.0480731517301969,11.296404781390978,11.30659013529815
manga-8722-3703,1-46032,3,0.48671131090182485,8.73453093517676,8.95366451332572
manga-8722-3704,1-45836,-5,1.0208125244066366,11.094631184671826,11.13301168709029
manga-8722-6101,1-45490,1,1.0288923634843528,10.82893078750062,10.868039295715406
manga-8722-6102,1-548300,-5,1.0234255209114558,11.052443199466897,11.093214995869896
manga-8722-6103,1-46006,1,0.935550422275842,11.03295891855793,11.07868876651032
manga-8722-6104,1-45489,-2,1.038281941406641,11.213960739371828,11.248772417657788
manga-8722-9101,1-46371,-5,1.0420980839555725,10.997228078686884,10.948796227779958
manga-8722-9102,1-548302,-2,0.9363449139719897,11.05078104364934,11.08016453290202
manga-8723-12701,1-605245,4,0.6436142409425685,10.771126550210715,10.849506018346448
manga-8723-12702,1-46694,2,,,10.135364849345335
manga-8723-12703,1-352833,4,0.7732471770163265,10.56690663764545,10.642702871612112
manga-8723-12704,1-585030,3,,,10.43596056560351
manga-8723-12705,1-46819,5,0.5970206533663784,10.557569757847485,10.701366764264046
manga-8723-1901,1-47408,1,1.0480160586055227,9.919106330663922,9.924639497654143
manga-8723-1902,1-352713,-2,0.748646190925033,9.514561213811543,9.643477351608032
manga-8723-3701,1-352623,1,,,10.845317613421937
manga-8723-3702,1-585019,-2,,,10.406243737165918
manga-8723-3703,1-47389,2,0.8833509096191037,10.06474437210857,10.151152188738328
manga-8723-3704,1-47429,0,0.7480707135169737,9.729315969530811,9.918546148428721
manga-8723-6101,1-352796,4,0.4793692863486321,9.365010755814062,9.626462527599992
manga-8723-6102,1-352786,-2,0.9469159337451956,10.721652622244532,10.78778129465461
manga-8723-6103,1-352755,-5,0.9698431156355198,10.837300338671028,10.862740634400877
manga-8723-6104,1-47409,2,0.7812203036892669,10.385602170602079,10.496592039642803
manga-8723-9101,1-352356,-5,1.0405056719161614,11.336561513784368,11.362442888814636
manga-8723-9102,1-352827,-2,,,10.811151898879835
manga-8724-12701,1-47305,4,0.6397145397138964,10.164471104224837,10.36099269001891
manga-8724-12702,1-47256,3,0.8115933952765033,9.455262758043412,9.581915541205941
manga-8724-12703,1-48053,-2,1.0582370537287744,10.934042202282072,10.939642035769115
manga-8724-12704,1-47474,4,0.7066076862070005,9.309505450156314,9.468399029058954
manga-8724-12705,1-48460,5,0.7627587132832936,9.620807690515736,9.728383004591972
manga-8724-1901,1-47463,-2,0.9319833171760692,10.125786701208678,10.261177191293347
manga-8724-1902,1-47221,-2,0.5294563636810601,9.319277198699924,9.526735906951075
manga-8724-3701,1-47272,1,0.9809230413831607,10.023498888142463,10.120020840732964
manga-8724-3702,1-48084,-5,1.0985234475796872,10.57086825220605,10.595994162416313
manga-8724-3703,1-48067,0,0.8602443995524354,9.407784483778812,9.562003635129443
manga-8724-3704,1-48450,3,0.7125263018508257,9.106218301746509,9.279399989884585
manga-8724-6101,1-47244,1,0.9313257178452403,11.049936823127902,11.153204900084285
manga-8724-6102,1-564242,-5,1.0024972014359719,10.181675883532984,10.251883886205754
manga-8724-6103,1-47432,3,0.3669904291042094,9.325734761332608,9.525686052109808
manga-8724-6104,1-47499,0,1.0348803136982312,10.071344369706727,10.09108985939678
manga-8724-9101,1-48437,1,0.36501173873227444,9.11937247558536,9.354920540297762
manga-8724-9102,1-47196,5,0.4582517576205234,9.186490656217474,9.402661952573643
manga-8725-12701,1-73005,2,0.8276526506320216,10.25790526736774,10.332204079658961
manga-8725-12702,1-73002,3,0.8074152649304054,10.044933706654037,10.077197061303016
manga-8725-12703,1-73241,-5,0.9528645864359788,10.15471518703299,10.2576953704636
manga-8725-12704,1-45787,-5,0.9806666520217853,11.920454316525875,11.961790206134935
manga-8725-12705,1-72914,2,0.9098320997132348,10.961586186960286,10.930444182360237
manga-8725-1901,1-73042,2,0.8988602633711764,10.37869773196336,10.465302529288186
manga-8725-1902,1-72913,-5,0.8303270979391684,10.414037553723693,10.579927575655077
manga-8725-3701,1-45520,1,0.3983492420156658,9.24336867203904,9.40839262013336
manga-8725-3702,1-45527,-5,0.9780408745078297,10.847237272869517,10.934135714407919
manga-8725-3703,1-73009,3,0.5016744271414524,10.196706201323735,10.315819260229475
manga-8725-3704,1-73029,-2,0.9867360706559829,10.29055606212594,10.34005327229811
manga-8725-6101,1-72928,-5,0.9855968945585616,11.110341984745887,11.198580116554988
manga-8725-6102,1-73001,2,0.4037735964699287,10.075889077355079,10.16520870242382
manga-8725-6103,1-73028,-5,1.0666983036961497,10.904302980251877,10.93214182875655
manga-8725-6104,1-73184,-5,1.088036261776221,11.45801008608941,11.43525971282174
manga-8725-9101,43-47,10,,,
manga-8725-9102,1-574519,1,49.44311337683593,17.59964573936327,10.226958018249189
manga-8726-12701,1-163516,4,0.48270472730091996,10.233432124331916,10.438683135468153
manga-8726-12702,1-217637,4,0.5983904752832885,10.673980044715734,10.80633466384057
manga-8726-12703,1-163511,6,,,9.09520423312182
manga-8726-12704,1-217649,-5,0.737762356760193,10.055256176198084,10.209758901592206
manga-8726-12705,1-229547,3,0.5445164286564328,8.988775784177166,9.209799089608955
manga-8726-1901,1-163594,-2,1.0081633668208205,10.78942895797893,10.854007703561868
manga-8726-1902,1-217854,-5,0.9616102096750261,11.265978026711483,11.335337525260544
manga-8726-3701,1-217617,-5,1.050089294753672,11.12381888392034,11.126654065048625
manga-8726-3702,1-217695,-5,0.8596602598889085,10.031647918917596,10.173020097126019
manga-8726-3703,1-217650,0,0.43221326149717854,9.868999508561387,10.072896628609387
manga-8726-3704,1-217557,-2,0.964140449605523,10.06625626876392,10.180424099207928
manga-8726-6101,1-217674,-5,0.93903309032018,10.243225886133112,10.256530136415536
manga-8726-6102,1-217686,1,0.8686802626137329,9.985998413045149,10.142527116904473
manga-8726-6103,1-163531,0,,,10.970302235530893
manga-8726-6104,1-217684,-2,0.8099664558569444,10.007090424712416,10.146933834562764
manga-8726-9101,1-604826,-2,,,10.884390891094611
manga-8726-9102,1-584618,-5,,,11.022271617445575
manga-8727-12701,1-51767,5,0.6745544339418821,9.914247069277062,10.134311010340543
manga-8727-12702,1-51813,5,0.35734688787994173,9.639043765612943,9.89894720723193
manga-8727-12703,1-52037,7,0.3755937826055238,8.689968739063922,8.931339364341346
manga-8727-12704,1-51706,6,0.3619662331042086,8.848666497732609,9.03736672853228
manga-8727-12705,1-604172,5,-0.14725056207952392,10.047252701712646,10.382539323422204
manga-8727-1901,1-51776,-2,0.7716772548895747,9.47053211860308,9.625170407264868
manga-8727-1902,1-51634,1,1.1561073120466858,9.636030231064145,9.503602765797844
manga-8727-3701,1-51810,-5,,,9.854563505134637
manga-8727-3702,1-51766,1,-0.05917932008384241,8.422114726584365,8.480723943301877
manga-8727-3703,1-583556,-2,,,9.930723424565329
manga-8727-3704,1-51631,3,0.581528001240379,9.089229409849464,9.239056606820556
manga-8727-6101,1-51725,2,0.6217086952762969,9.207455967109162,9.39771411680447
manga-8727-6102,1-51799,4,0.5261287604768086,8.99143360536534,9.209611513705767
manga-8727-6103,1-51779,-5,1.0920161506137305,11.008298833845148,11.011646554753012
manga-8727-6104,1-51668,5,0.42336589919133516,8.542082512656812,8.800974005648763
manga-8727-9101,1-51660,1,0.9747028802711313,10.644151760179989,10.704763760656975
manga-8727-9102,1-51826,7,0.3840407155078296,8.997381205969516,9.246754551980176
manga-8728-12701,1-51939,5,,,10.240713949437836
manga-8728-12702,1-51886,0,,,10.814916506641223
manga-8728-12703,1-51949,-2,,,11.206663996990937
manga-8728-12704,1-52284,6,0.018326491447925974,8.913765865674016,9.196336493323209
manga-8728-12705,1-52259,4,0.5616846293826754,10.424608167413624,10.579796168117227
manga-8728-1901,1-52357,-5,0.6830002968692028,10.437493787766337,10.606214710255971
manga-8728-1902,1-639152,-5,,,11.344364760946025
manga-8728-3701,1-51938,-2,,,10.398861471903704
manga-8728-3702,1-51970,0,,,10.469630589787437
manga-8728-3703,1-52494,-5,0.7484630429318244,11.295146985683871,11.406521445758102
manga-8728-3704,1-604210,-5,,,11.110438185793937
manga-8728-6101,1-52367,1,0.8720569977451937,10.64130422464453,10.706377209740703
manga-8728-6102,1-52169,-5,,,11.13386450714736
manga-8728-6103,1-52368,3,0.40833367991277925,9.018069356737858,9.296860359577215
manga-8728-6104,1-52462,8,0.19688199047849153,8.59679922434789,8.749795814473778
manga-8728-9101,1-51968,7,,,8.860321233494693
manga-8728-9102,1-51941,4,,,9.796847589121134
manga-8931-12701,1-455661,4,0.5519999250217893,9.741671520825879,9.934854325872715
manga-8931-12702,1-622911,4,,,10.0135113334659
manga-8931-12703,1-456693,3,0.8066991554338934,8.9806110524386,9.209973194720954
manga-8931-12704,1-456341,2,1.08387297854188,10.281199869569086,10.289102662950643
manga-8931-12705,1-456935,2,0.6606110679386141,9.349808971856193,9.52718248892914
manga-8931-1901,1-456371,1,0.9290226685418723,9.210524328569079,9.337622964445178
manga-8931-1902,1-591068,-2,0.778387280761887,9.189692582501573,9.45785465789836
manga-8931-3701,1-456434,2,,,9.254920101084805
manga-8931-3702,1-456381,-2,1.0932052185078334,9.48219532326952,9.494079421160274
manga-8931-3703,1-404231,1,0.5277194822690525,9.040436905885606,9.2554582469064
manga-8931-3704,1-456631,2,0.8732213253409107,8.950425039241907,9.10692826547611
manga-8931-6101,1-455681,1,1.0130469049454938,9.65608955820599,9.728434950974254
manga-8931-6102,1-455685,0,,,9.837758209140937
manga-8931-6103,1-591183,-2,0.9962618388548634,10.12507653751803,10.237440681508021
manga-8931-6104,1-456355,3,0.8951923589018236,9.287464471976762,9.43364344623932
manga-8931-9101,1-455633,2,0.8327275158773162,9.843834326729393,9.919062917966428
manga-8931-9102,1-456526,-5,0.652492134852686,9.012269833606632,9.184546641857464
manga-8932-12701,1-456376,6,0.5010040127165212,9.668466334129318,9.921193648810636
manga-8932-12702,1-456865,5,0.8239573014671784,9.663801303254276,9.834013560526943
manga-8932-12703,1-456583,2,0.8724597305524355,9.898150535878813,10.06584103431972
manga-8932-12704,1-457200,3,0.6989504129357762,9.717394856738387,9.854968821924626
manga-8932-12705,1-456353,5,0.6243990053521316,9.023775318517352,9.213992963045696
manga-8932-1901,1-456540,5,0.8229016444996269,8.963064053888294,9.09148757627491
manga-8932-1902,1-456924,-2,1.3451278644890614,10.291855906818096,10.142739764158605
manga-8932-3701,1-456306,6,0.24276723770010733,9.296277517745935,9.418321182214548
manga-8932-3702,1-456906,2,0.8481478743409063,8.698762735141903,8.891377424960869
manga-8932-3703,1-457176,3,0.8724380272373615,9.02369323817501,9.21218494001246
manga-8932-3704,1-456656,3,0.8902017620701663,9.342267941333045,9.521841280458204
manga-8932-6101,1-456337,-2,0.998642169903249,10.443410896405437,10.570623487033673
manga-8932-6102,1-457168,3,0.8083290973800494,9.031227032530072,9.151691544204779
manga-8932-6103,1-456370,1,0.6285203513091311,8.939943860634074,9.16755066840951
manga-8932-6104,1-404171,0,1.034417099046209,10.300671741235314,10.325425346991537
manga-8932-9101,1-457175,-2,0.9263388779454971,9.644184692505991,9.805312555101521
manga-8932-9102,1-457236,1,0.5861454953212899,9.695126769148889,9.8624128636157
manga-8933-12701,1-456759,3,0.7941216146072989,10.017928136807043,10.04665121697092
manga-8933-12702,1-456320,-5,1.024334995300741,9.629457181396198,9.718121203175768
manga-8933-12703,1-457198,-2,0.922770668484354,9.239734983000622,9.372853111590004
manga-8933-12704,1-456769,-5,1.1903406893831594,9.693874564942462,9.675472211955467
manga-8933-12705,1-456914,-5,0.9667459122110422,9.314151655827839,9.403484283534459
manga-8933-1901,1-456590,0,0.9921927179992451,9.68669293167658,9.764817756229181
manga-8933-1902,1-457235,0,1.0077673604784962,9.829836411347895,9.938214911621118
manga-8933-3701,1-456537,2,0.9498603845902558,9.190293267976251,9.348629975312694
manga-8933-3702,1-456844,-2,0.8427292570997729,8.865543837569021,9.068653311837162
manga-8933-3703,1-456904,0,1.1560955683749476,10.25654343786123,10.225402334859504
manga-8933-3704,1-457130,0,0.4408944433749511,8.785148500361235,8.86703651525008
manga-8933-6101,1-456567,-2,1.1123205134733034,9.715333065941117,9.670417495388833
manga-8933-6102,1-456925,-2,1.0376829693831624,9.921756232942467,10.017905228383345
manga-8933-6103,1-456768,-2,0.9951672876937998,9.88402549156291,10.054559434644245
manga-8933-6104,1-456947,-5,0.8611793059992436,9.298052922476579,9.461933503765113
manga-8933-9101,1-456862,1,0.9082125618379067,8.85578991558734,8.982677741416882
manga-8933-9102,1-456559,-5,1.272769981656431,9.123839016477165,8.889302262885925
manga-8934-12701,1-403703,4,0.6470663770931608,10.278238841573106,10.449549361581955
manga-8934-12702,1-456984,4,1.0977164877724448,11.173751735271765,11.200475661667845
manga-8934-12703,1-403684,4,0.7210907974843508,9.533125216900618,9.616481815576561
manga-8934-12704,1-404168,0,1.039937081820824,10.082662144478935,10.171196788699383
manga-8934-12705,1-403685,0,1.0262517093937227,9.99739311601266,10.08564372264608
manga-8934-1901,1-456973,-2,0.7615868650761968,9.235999381142411,9.415927746377276
manga-8934-1902,1-457204,3,0.9929019748208248,9.024311690778935,9.100011931811402
manga-8934-3701,1-456772,9,0.02949615877497891,8.774384238117381,8.920972293337012
manga-8934-3702,1-456508,-5,0.8961093960997744,8.907466562469022,9.087806254202082
manga-8934-3703,1-457122,1,1.0309080913725914,10.17208481407226,10.261491259523828
manga-8934-3704,1-456380,3,0.8761270629727491,9.476865704652996,9.68515392411407
manga-8934-6101,1-404155,1,0.7311628165418718,9.049547315369079,9.357448851084131
manga-8934-6102,1-457009,0,0.758459396404465,9.525277630439504,9.680411666938832
manga-8934-6103,1-404200,5,0.8611451373051793,9.242408169179557,9.393201285885501
manga-8934-6104,1-404135,-2,1.1318902366818158,10.400354831083808,10.394570745248652
manga-8934-9101,1-457004,4,0.5905937776566503,9.046509341011426,9.263491674213892
manga-8934-9102,1-403693,4,0.6874288620611999,8.75627675726793,8.852090662043052
manga-8935-12701,1-404249,5,0.5515850217056908,9.11195811636454,9.325969013996282
manga-8935-12702,1-404260,5,0.6319609830762012,9.051715094942416,9.264470720812527
manga-8935-12703,1-623447,3,0.8867234754427642,10.414329361565777,10.529251928437802
manga-8935-12704,1-403664,6,0.8784602207778143,9.328239336935187,9.420351882127958
manga-8935-12705,1-404191,0,0.8739212684338931,9.404329220738601,9.604913681525037
manga-8935-1901,1-457177,2,0.6184450373786312,8.80952095922117,9.121438369182037
manga-8935-1902,1-457206,-2,1.2635629382709368,9.91493124068454,9.80979060364819
manga-8935-3701,1-456773,1,0.6787312895258495,8.981834082297528,9.208978517276254
manga-8935-3702,1-404279,-2,0.9494697014066382,9.791751755371827,9.947045330176318
manga-8935-3703,1-404265,1,0.3200516846372139,8.618975294474517,8.751326073009702
manga-8935-3704,1-456708,1,0.7783592317158572,9.436657309922904,9.6423922967036
manga-8935-6101,1-456530,3,0.8003020734005126,8.681149407084986,8.887647677384768
manga-8935-6102,1-456516,-5,0.9584933674996243,9.495001553188292,9.62780812004436
manga-8935-6103,1-456289,3,0.8794020753491196,9.647067493203368,9.816444807121615
manga-8935-6104,1-457196,2,0.3712676935326442,9.641863297369856,9.894129342397418
manga-8935-9101,1-404184,3,0.9487432593491185,9.719326387603367,9.859608378312252
manga-8935-9102,1-403720,-2,0.9215670180854332,9.556272606181178,9.706276437829839
manga-8936-12701,1-152791,-2,1.013271914191332,11.14567674915681,11.178985575574648
manga-8936-12702,1-152720,-5,1.108845276110337,11.158276136558987,11.131888010177223
manga-8936-12703,1-201602,7,0.20820747419737629,8.787954207666186,8.99973760688223
manga-8936-12704,1-152743,6,0.28351285369473445,8.574247137942976,8.740151808073124
manga-8936-12705,1-152579,1,1.0124906838677816,11.033927519177197,11.053996025507622
manga-8936-1901,1-152742,2,0.914040792350054,10.403782587722969,10.508012297434194
manga-8936-1902,1-152632,1,0.9255957900217879,9.807215912325876,9.916284409009544
manga-8936-3701,1-152763,-2,1.0253602408480766,11.086772020025942,11.084190066719993
manga-8936-3702,1-121235,0,0.8672930300217914,10.45523159632588,10.593576238311407
manga-8936-3703,1-604846,7,0.35330775160552363,8.619246676963922,8.777825407315786
manga-8936-3704,1-152769,-2,0.59926726367285,9.117358494639623,9.342511504700463
manga-8936-6101,1-152806,-5,0.6133470703629698,10.605989429682133,10.881508478674036
manga-8936-6102,1-152700,-5,0.942056682384095,10.55725143702253,10.643884781867296
manga-8936-6103,1-152936,-5,0.9120809617762262,11.103235136089413,11.205575142933645
manga-8936-6104,1-152828,9,-0.030742402722740536,8.567730558366833,8.650385242259185
manga-8936-9101,1-152830,2,1.0069386926355257,9.919097149371032,9.918085406868794
manga-8936-9102,1-152777,1,1.1680046454298463,10.756072936406607,10.6155050136238
manga-8937-12701,1-152770,5,0.6319935333893731,9.851940215548012,9.97958615759092
manga-8937-12702,1-556525,-5,0.8654105552676334,10.672551762876703,10.798008049660059
manga-8937-12703,1-146380,5,0.829677247105991,10.01451976571527,9.995122512354923
manga-8937-12704,1-604878,7,0.41445436422888093,9.067313034259664,9.280314253595401
manga-8937-12705,1-604864,-5,,,11.086324231307385
manga-8937-1901,1-201307,-2,0.717805170327992,9.08876385956297,9.262683600480246
manga-8937-1902,1-201392,1,0.8607177588569499,9.853854222012421,10.019789029473634
manga-8937-3701,1-604841,1,1.05572670117607,10.302267015608678,10.346650227480351
manga-8937-3702,1-201320,3,0.7925090783800499,9.463925799630072,9.619033819853751
manga-8937-3703,1-201479,-2,0.829535888157956,11.055250233403196,11.169021620422475
manga-8937-3704,1-201334,-5,1.0895603707618875,10.032354061501573,10.045663238431375
manga-8937-6101,1-556527,-2,0.9986421301171227,10.590842292591773,10.648976369159467
manga-8937-6102,1-146067,5,0.33267974628263275,8.101073945630256,8.348538501257993
manga-8937-6103,1-201685,5,,,8.716662636492327
manga-8937-6104,1-146337,-2,0.9704021710619593,10.81069601725182,10.882510307889449
manga-8937-9101,1-584634,-5,,,8.32171232204676
manga-8937-9102,1-146360,3,0.6621480945078311,9.581756974869519,9.777484821118284
manga-8938-12701,1-201874,3,0.7802361599555745,10.259463850286888,10.350897036048657
manga-8938-12702,1-201756,4,0.6583666039374059,10.707791415002474,10.81873447268171
manga-8938-12703,1-146465,1,0.9712875951027868,10.800096798663237,10.780459892890889
manga-8938-12704,1-146440,2,0.937700769612885,10.648747127683793,10.526921823451062
manga-8938-12705,1-604980,5,0.5004145906756925,9.060593724957434,9.297108032513442
manga-8938-1901,1-201813,-2,0.8340146339454932,10.496296112105988,10.69554821651473
manga-8938-1902,1-146292,0,0.8344192679032396,9.93936524820543,10.099197055379921
manga-8938-3701,1-201798,3,0.5457699795450104,9.86693188286078,10.017350592437944
manga-8938-3702,1-201892,-5,0.9029829152676321,10.3925634388767,10.513676963166379
manga-8938-3703,1-146432,4,0.6580999677618813,9.550369054201568,9.686945348328965
manga-8938-3704,1-146420,-2,1.148307435223959,11.820803767287003,11.643643132071157
manga-8938-6101,1-146271,-5,0.9326927311760684,10.741595688608676,10.857422361963286
manga-8938-6102,1-146344,3,0.23254850858846865,9.570012887495288,9.830555309482177
manga-8938-6103,1-201742,-5,1.0518485549607632,11.058409328454124,11.058623386188147
manga-8938-6104,1-146408,0,0.838609358345348,10.592511058105496,10.780026244523377
manga-8938-9101,1-201812,2,0.6924613447226484,9.854653416895232,9.974389631007062
manga-8938-9102,1-146463,-2,0.9182151006129722,10.707907076721725,10.748077888369407
manga-8939-12701,1-383997,2,0.8786201077792377,11.144374375944095,11.18743046845004
manga-8939-12702,1-384038,1,0.9693473669250317,11.173347595411542,11.178939556092434
manga-8939-12703,1-298868,4,1.0388265692479237,10.736294079445209,10.803865952075084
manga-8939-12704,1-298537,5,,,10.156088567148835
manga-8939-12705,1-384548,-2,0.9934157681805047,10.402426766852498,10.441193797779956
manga-8939-1901,1-298546,-5,0.8309445054843501,9.262660439700618,9.424247691991372
manga-8939-1902,1-384554,0,0.751304785350051,8.895602464022966,9.082982732047592
manga-8939-3701,1-298715,-2,0.7311065832929273,9.710839220805873,9.887597047789237
manga-8939-3702,1-298668,1,0.8658287911905802,10.188489393693855,10.220965365406503
manga-8939-3703,1-584936,2,,,9.375892129873499
manga-8939-3704,1-298727,4,0.45716991267267204,8.630799983902746,8.864056970394108
manga-8939-6101,1-384547,3,1.0281310130774095,9.459431422396136,9.421032717355452
manga-8939-6102,1-298533,6,,,9.054049715022082
manga-8939-6103,1-298708,-2,1.0624688389018253,11.13739627997676,11.139255520783948
manga-8939-6104,1-384621,-5,0.9670987271157081,10.864095132022408,10.924767592732993
manga-8939-9101,1-556714,1,,,10.994862867873966
manga-8939-9102,1-384065,-5,,,10.971636682885407
manga-8940-12701,1-163887,5,,,9.59628913214566
manga-8940-12702,1-163966,1,0.6699951688759036,10.593936393641421,10.704904298773132
manga-8940-12703,1-163912,4,0.6120091086403505,9.721686257066214,9.854337018344696
manga-8940-12704,1-218230,-2,1.0283736029455,10.888424350005995,10.91162948102145
manga-8940-12705,1-229888,5,0.6570986069686171,9.895970326063305,9.958739190051691
manga-8940-1901,1-217928,-2,,,10.041388737008624
manga-8940-1902,1-218041,1,,,10.671084863706715
manga-8940-3701,1-218077,-2,,,10.115021068756327
manga-8940-3702,1-163992,-2,1.0462223672498148,10.226724846444148,10.251589557275782
manga-8940-3703,1-218243,5,0.7965986177097264,10.68353566903606,10.76659723438827
manga-8940-3704,1-218009,3,0.1498376509781174,8.444149423836183,8.550107223055313
manga-8940-6101,1-229914,1,0.5856113974575514,8.798383543564146,9.00188075974852
manga-8940-6102,1-604970,-2,,,9.790783225966733
manga-8940-6103,1-218055,-2,,,10.06147132826503
manga-8940-6104,1-584801,-2,,,10.334327063450855
manga-8940-9101,1-163959,3,0.9463482418569491,10.78328135731242,10.837835814624663
manga-8940-9102,1-556691,-2,1.0185297409684893,10.907431689546051,10.884725146387883
manga-8941-12701,1-164062,4,0.5300703570854388,8.886762651081185,9.12028759729055
manga-8941-12702,1-218353,4,0.4695296918745733,8.812583390649525,9.054310398292502
manga-8941-12703,1-218328,6,0.4780082265524399,9.172589769478817,9.408704547544753
manga-8941-12704,1-163907,5,,,8.948878311366247
manga-8941-12705,1-605029,6,0.5966852006874781,8.95284077908062,9.191065176206951
manga-8941-1901,1-146247,4,0.7225254849651996,10.819034361077017,10.968492755092807
manga-8941-1902,1-163917,-2,0.880794878374946,10.87854695886123,11.02755345405022
manga-8941-3701,1-163965,1,0.8170031194918046,10.09046184499796,10.214149481337108
manga-8941-3702,1-164148,2,0.19671993112391917,9.380701114403639,9.438630938988462
manga-8941-3703,1-218200,9,0.46456133927442167,8.873266875949026,9.118506117461985
manga-8941-3704,1-218326,-2,0.8245712449379461,9.614799797370708,9.765541898106763
manga-8941-6101,1-604928,2,,,9.847092448995673
manga-8941-6102,1-218248,4,0.7712952886892701,9.403728634102082,9.519666579428675
manga-8941-6103,1-163908,4,,,8.985408958233617
manga-8941-6104,1-218167,6,0.4487506544747255,9.142413256350023,9.37556119981901
manga-8941-9101,1-163975,0,0.7331485146199803,9.30524435564924,9.476212629407941
manga-8941-9102,1-218152,1,,,10.455315471582376
manga-8942-12701,1-218322,-2,1.105226157901825,10.90346370287676,10.854844476009779
manga-8942-12702,1-218280,5,49.552128862835936,18.214966541963275,10.854684290269516
manga-8942-12703,1-218519,5,0.5310592779689713,8.521413753735352,8.727078250832168
manga-8942-12704,1-218295,6,0.36021641897199075,9.170408639149342,9.33939180867959
manga-8942-12705,1-230171,4,,,8.62125939238325
manga-8942-1901,1-218293,3,0.9041135737942376,10.051068961197648,10.093330613867899
manga-8942-1902,1-218266,0,,,9.224538241996571
manga-8942-3701,1-218324,-2,1.0166332727792344,10.559286277444091,10.585450577051297
manga-8942-3702,1-218427,-5,,,11.17362325769808
manga-8942-3703,1-218435,8,-0.009101588361858148,8.627984085954575,8.666558225808032
manga-8942-3704,1-218417,1,,,9.270480855202127
manga-8942-6101,1-230177,3,0.7388277712274629,9.099048644690297,9.287629321098857
manga-8942-6102,1-218412,7,0.6050976813831568,8.99756651214246,9.253434935241005
manga-8942-6103,1-218430,5,0.36996792635004994,8.808440827122965,8.975824104807934
manga-8942-6104,1-218444,1,1.142272608305177,9.986597855279555,9.894595162293253
manga-8942-9101,1-230173,5,,,8.969782950400246
manga-8942-9102,1-230145,7,0.35222489586778494,9.1036414083772,9.315435015208056
manga-8943-12701,1-392720,1,1.0068969596191018,10.60916050710857,10.631423474404327
manga-8943-12702,1-392691,5,0.4752715554005107,9.546714453284983,9.774251198390731
manga-8943-12703,1-394390,6,0.5406453626855878,9.31347124808168,9.531248935551362
manga-8943-12704,1-392670,-2,0.24826819104357511,9.791405004751756,9.804121023858855
manga-8943-12705,1-609414,-2,,,11.333124708716884
manga-8943-1901,1-392007,1,0.9151101852840462,9.913779727839154,9.978225268426836
manga-8943-1902,1-394355,-2,0.9810280027384017,10.723276417432668,10.835587850285398
manga-8943-3701,1-392636,-5,1.131051550474723,11.44567268995002,11.377333575784203
manga-8943-3702,1-558139,1,,,10.65250935288099
manga-8943-3703,1-394326,-2,0.9118836404784965,10.885315239347895,11.038003845201851
manga-8943-3704,1-394382,-5,1.04998629101566,11.272694797939034,11.247624709484525
manga-8943-6101,1-558143,-2,0.9366192669992408,11.075525027576576,11.169747887671143
manga-8943-6102,1-392649,1,0.837379686551678,10.307487859315856,10.376593379646579
manga-8943-6103,1-392978,4,0.4374437997384071,8.680732590132672,8.911466567282492
manga-8943-6104,1-558115,-5,1.0921314866137308,11.385276271445148,11.381670910734222
manga-8943-9101,1-392952,2,1.1150058227663209,10.693743930284928,10.619997516893745
manga-8943-9102,1-394362,1,1.0400862828963646,10.939200972075405,10.886301173493367
manga-8944-12701,1-390168,0,1.0042688127663197,9.893715659284926,9.940360070912163
manga-8944-12702,1-390282,4,0.5218119157844257,10.164721046231643,10.199807267533199
manga-8944-12703,1-606955,5,0.6365915494263454,9.57851622300332,9.810032131593417
manga-8944-12704,1-391014,2,1.0447607949100366,10.758777345557991,10.749662123697933
manga-8944-12705,1-390054,4,0.7814538282342518,9.99744233398355,10.130198633634123
manga-8944-1901,1-389503,6,0.2755584803199618,8.703488622277922,8.88594949402653
manga-8944-1902,1-301834,0,0.5897231929984912,9.408920752053161,9.594850914538675
manga-8944-3701,1-390232,5,0.46013040450122134,9.362297210853841,9.567071087949339
manga-8944-3702,1-390223,-5,1.0706365042955426,11.036206515589416,10.993164546143948
manga-8944-3703,1-390086,5,0.39800161838617854,9.652592447116918,9.916139563506345
manga-8944-3704,1-390056,5,0.46318842395623605,9.90789041787237,10.136435170458382
manga-8944-6101,1-389514,1,0.6701701648889085,9.392322314417594,9.432953264952085
manga-8944-6102,1-390228,-5,1.0619445056372108,10.993301065574514,11.042748723200122
manga-8944-6103,1-389499,1,0.4685073604084167,9.994959986894022,10.172909280935198
manga-8944-6104,1-390999,2,0.42255747169615177,8.717107489051878,8.95288539245067
manga-8944-9101,1-389479,5,49.213250450835936,16.59882347276328,9.360892432346276
manga-8944-9102,1-390277,6,0.43700355129253055,8.885880929054505,9.121086885271273
manga-8945-12701,1-588617,7,0.09823269826403802,9.623691507435474,9.845752091090063
manga-8945-12702,1-615167,5,0.49650709046038344,9.818577384481948,10.057278031827712
manga-8945-12703,1-279676,2,0.9775283644944324,10.484436028181516,10.495351429108386
manga-8945-12704,1-279412,7,0.6281049854821781,9.40274832422876,9.55076263466635
manga-8945-12705,1-257412,5,0.5401278491171233,9.590454555491771,9.823765617331622
manga-8945-1901,1-279544,1,1.0528525978480765,9.79580664872594,9.875988504904866
manga-8945-1902,1-279690,-2,0.9996913108630778,10.599173204659728,10.701200017188105
manga-8945-3701,1-279554,0,1.5272721320217926,10.511445904525882,10.178170885448802
manga-8945-3702,1-279617,-2,0.3482449913187544,9.585919197924202,9.539226695042995
manga-8945-3703,1-279666,-2,0.9377990882676315,10.0427482731767,10.138842467007949
manga-8945-3704,1-280053,-5,0.9698499811708743,11.346798251862364,11.399663339815554
manga-8945-6101,1-279381,2,0.8247796787547301,10.183835570017655,10.245211518387842
manga-8945-6102,1-280104,-2,1.137788695423719,10.853566577919766,10.770623026567263
manga-8945-6103,1-279329,2,0.84214308769727,10.780689258128128,10.80767097749044
manga-8945-6104,1-279675,2,0.9520369326372133,10.502873291274513,10.62588530054197
manga-8945-9101,1-279011,5,0.5225381430435831,9.456186007951763,9.550406927588362
manga-8945-9102,1-279410,2,0.9990152062758391,10.689577092957927,10.73095902499501
manga-8946-12701,1-613799,-5,0.9876483784134287,10.809940154744151,10.883690387154022
manga-8946-12702,1-613949,3,,,11.064600234811348
manga-8946-12703,1-279314,-5,0.9855846409100373,11.119744144157993,11.13142617214745
manga-8946-12704,1-279320,6,0.5260931603725965,8.907334921972264,9.036716703383725
manga-8946-12705,1-576146,-5,,,11.218635271207042
manga-8946-1901,1-174119,-2,1.0833195323725988,9.791859227172267,9.843003420027795
manga-8946-1902,1-613755,-2,0.9387505516900241,10.972842103565036,11.080503828303206
manga-8946-3701,1-279147,1,0.8208432442518792,10.33618812599973,10.440731236683316
manga-8946-3702,1-279188,5,0.5813180482082068,8.733398238810034,8.882461922179049
manga-8946-3703,1-279073,0,1.0361835462732891,10.467885933593276,10.558978421095
manga-8946-3704,1-279086,0,1.049636773374953,10.022656383361237,10.089710871288935
manga-8946-6101,1-278221,3,0.6909726514875452,10.291611844271252,10.340832624658235
manga-8946-6102,1-279532,1,0.8379927476129794,9.91514636442173,10.010282991680263
manga-8946-6103,1-174124,5,0.44040671184807323,8.615317246125937,8.848765329795796
manga-8946-6104,1-174074,-5,1.0649779149607674,11.387054704454128,11.40988580462325
manga-8946-9101,1-279279,4,0.5127227894263413,9.389604907003315,9.628502342740573
manga-8946-9102,1-279252,-5,0.9749019010802442,11.04301783781394,11.097295495379134
manga-8947-12701,1-614456,4,0.9124934199616064,11.018982064756718,10.988606664226939
manga-8947-12702,1-149532,2,0.35128169137938414,9.152172232744586,9.25997354139338
manga-8947-12703,1-174618,2,1.062947470761884,10.790478511501568,10.782701177777875
manga-8947-12704,1-149147,3,1.0131369413409068,10.608436424841905,10.65299531222948
manga-8947-12705,1-174475,4,,,10.022094169951677
manga-8947-1901,1-149572,2,0.6002247936673903,9.810169689338267,9.958982687011497
manga-8947-1902,1-174225,-5,0.9805342381511721,9.857888719730877,9.951668214494553
manga-8947-3701,1-149211,0,0.6895908180243282,9.6961986238715,9.835280175413837
manga-8947-3702,1-149593,-2,0.9480212731511628,10.184260238230868,10.316339443779446
manga-8947-3703,1-174629,-5,1.0798059827536761,10.247516144720343,10.286186916941038
manga-8947-3704,1-576188,1,,,11.061810473647743
manga-8947-6101,1-174036,-5,1.1478740301525896,11.167685594239778,11.12545523978329
manga-8947-6102,1-149148,-2,0.8186718299652078,9.681202680577023,9.882139023039606
manga-8947-6103,1-149235,2,0.5678837799250296,9.830037293711541,10.051596241166822
manga-8947-6104,1-149580,-5,1.0490613735231022,10.942210469017654,10.999538968934448
manga-8947-9101,1-149200,4,0.4625957508470151,10.550348709971022,10.694381413826626
manga-8947-9102,1-149586,4,0.893595819034708,10.240191708385046,10.32847950006897
manga-8948-12701,1-149054,4,0.6000927363201747,9.666135424733108,9.889515714918018
manga-8948-12702,1-148954,4,1.018818676358265,10.628918284064662,10.70196842193967
manga-8948-12703,1-148855,5,0.4172916523800545,9.570501703030079,9.816948193406839
manga-8948-12704,1-173958,3,0.6157318170871591,10.677940048003515,10.75894972128018
manga-8948-12705,1-173872,5,,,10.314452911986303
manga-8948-1901,1-587930,-2,,,10.229290109684896
manga-8948-1902,1-173903,-5,1.1031214862584875,11.158536193215404,11.14616215747562
manga-8948-3701,1-612565,3,0.6184243052033196,8.918968083635914,9.142933557716574
manga-8948-3702,1-148601,-2,1.0861535825691249,10.206724191635852,10.255209769147102
manga-8948-3703,1-149067,7,0.38221341354226723,8.522791502659983,8.772218256021041
manga-8948-3704,1-148893,-2,0.7919826544444568,10.4946724624088,10.767319159799849
manga-8948-6101,1-149277,4,0.5993877797437719,9.409630213535623,9.62972857623658
manga-8948-6102,1-173898,-5,0.9878553523937192,10.086179167312658,10.185972553134759
manga-8948-6103,1-148949,-2,0.7533539185073472,9.554934921740681,9.725858566757475
manga-8948-6104,1-149270,-5,1.1099521163357124,11.414185076654892,11.358319446327409
manga-8948-9101,1-148914,7,49.02244632483593,16.649674046163277,9.39307306168612
manga-8948-9102,1-173904,-5,1.028304745484352,11.083684343700618,11.129506212520456
manga-8949-12701,1-456405,2,0.8279628776982335,9.39575786210673,9.5619905378857
manga-8949-12702,1-456959,-5,0.7875160344563454,9.127516105810429,9.270941894670973
manga-8949-12703,1-404152,5,0.4570064095465831,8.594658191886555,8.854346736020734
manga-8949-12704,1-456881,3,0.991116318431537,9.068637415629862,9.160186313102574
manga-8949-12705,1-456637,-2,0.7342630797860252,9.145009199816416,9.328079775604365
manga-8949-1901,1-623581,-5,0.8060906259820726,9.367710400390704,9.3971801976492
manga-8949-1902,1-456691,-2,0.991932425647768,9.614695726644706,9.751150490653163
manga-8949-3701,1-456635,3,0.5638955932424601,8.92471002954385,9.245270777399622
manga-8949-3702,1-457153,-2,0.9668793306937999,9.65661814286291,9.76489388146722
manga-8949-3703,1-624035,-2,0.7864288298602418,9.020930746981458,9.19996624133048
manga-8949-3704,1-457146,-5,0.8668331862925278,9.538453347554503,9.729450714118121
manga-8949-6101,1-591248,-2,0.6346132758609038,8.75079149076694,8.976686461238419
manga-8949-6102,1-623758,-2,1.0477404661382508,9.853720842371706,9.914487545287123
manga-8949-6103,1-623593,-2,0.9012048640936463,9.146515390762412,9.263309337330417
manga-8949-6104,1-456658,5,0.5803678770761991,8.691060550342414,8.955263348403468
manga-8949-9101,1-457215,2,0.930829278662106,9.163672905432545,9.317185507615436
manga-8949-9102,1-457223,5,0.8637303273409103,9.387419357441907,9.59459915025471
manga-8950-12701,1-455684,4,0.865124856610354,9.90463747455911,9.953463942308845
manga-8950-12702,1-456286,5,0.6829879464821786,8.942851489328762,9.110033861796943
manga-8950-12703,1-456610,-2,1.027733966956994,10.74108060129579,10.811974265978513
manga-8950-12704,1-456288,1,0.9642232533160069,10.197838318483866,10.330920830595236
manga-8950-12705,1-456915,5,0.8821609347499013,10.175345557522467,10.246000974485261
manga-8950-1901,1-456687,3,0.7626533098610295,9.606698676084193,9.609566664711185
manga-8950-1902,1-456308,-2,1.0109636923711776,9.93442055586336,10.023153651545487
manga-8950-3701,1-456305,3,0.6460026726361825,8.572835064477438,8.777821785463624
manga-8950-3702,1-456505,1,0.5337439111879618,9.37482667201031,9.64966289004416
manga-8950-3703,1-456634,-2,0.9285998679689769,9.249309362735357,9.396976544186783
manga-8950-3704,1-456744,4,0.4754381631454905,8.848506027995256,9.116461626465545
manga-8950-6101,1-456309,5,0.5589841665326389,9.06235966166985,9.289542131825213
manga-8950-6102,1-591006,-2,,,11.263950729316617
manga-8950-6103,1-456937,3,0.8897913925040619,10.373119136271649,10.535981103823383
manga-8950-6104,1-456936,0,1.0537385433937274,9.885815745412666,9.967308767594222
manga-8950-9101,1-456821,5,0.7012016869454065,9.277159803428521,9.425767281491288
manga-8950-9102,1-456842,1,0.8499721222615051,9.73780814908986,9.900034861905565
manga-8951-12701,1-456488,4,,,10.06020284030325
manga-8951-12702,1-456404,2,1.032920164956991,10.322197643095787,10.35606220631138
manga-8951-12703,1-456823,-2,0.6662380657491447,8.843102307499048,9.026095889988689
manga-8951-12705,1-456747,4,0.6625270412410416,10.136258399034947,10.287991971921295
manga-8951-1901,1-456950,-2,0.7698357177138959,8.752275464024835,8.879291468764093
manga-8951-1902,1-456322,-2,1.0457166435691256,9.335920986735854,9.404672963717767
manga-8951-3701,1-456539,1,1.0701628404550192,10.103172744078996,10.199011524486412
manga-8951-3702,1-456497,-2,0.8698205251525835,9.125728438739772,9.295927579657599
manga-8951-3703,1-623722,-2,0.9750276391368367,10.085403009362807,10.164706691352855
manga-8951-3704,1-456736,11,0.6830910004317197,8.702773446545812,8.941162962855449
manga-8951-6101,1-456510,2,1.0744881888630715,10.257817674459721,10.29712994367107
manga-8951-6102,1-456804,2,0.9680575844876387,9.60139723150919,9.718978071918272
manga-8951-6103,1-456407,6,0.6919915333610049,9.133594766404993,9.34370196352821
manga-8951-6104,1-623568,-2,0.8551736128452418,10.072200967627904,10.248451463019169
manga-8951-9101,1-457138,2,0.7426115782373586,9.018465732275008,9.21457365403259
manga-8951-9102,1-456995,0,0.9020691993500556,9.639384871422969,9.808364266002995
manga-8952-12701,1-626830,3,0.9253744798118575,10.315819752213821,10.375347149443519
manga-8952-12702,1-627000,1,1.1504408724301136,11.105769686740723,11.078348049555357
manga-8952-12703,1-458515,5,0.6290406074725503,10.03553957113863,10.17819393656114
manga-8952-12704,1-626979,-5,1.0159121715319763,11.125515641984368,11.134709286362556
manga-8952-12705,1-458504,4,0.6889138026892674,10.437447311502078,10.53036364865003
manga-8952-1901,1-395508,3,1.1084036197301934,10.047080720190975,10.061094189183622
manga-8952-1902,1-458272,-2,0.8763487282084199,9.306535379665219,9.438678390592855
manga-8952-3701,1-458459,2,1.0404281188020512,9.869292266127507,9.968807847380505
manga-8952-3702,1-458359,3,0.9167914520837499,9.722989683638165,9.82710551418348
manga-8952-3703,1-458395,3,0.937520304133816,10.04861671258835,10.172681727495435
manga-8952-3704,1-458209,0,1.0602361640854383,10.183113914781183,10.239397090547312
manga-8952-6101,1-627041,-5,1.1499821614463386,11.180171201307731,11.190592196717683
manga-8952-6102,1-405986,-5,1.2552873090135819,10.778365129244653,10.65850649639807
manga-8952-6103,1-626829,2,0.6024283953869656,10.280145790840578,10.399291166265668
manga-8952-6104,1-405999,5,0.45502565052988686,9.896892868389974,10.076862448639508
manga-8952-9101,1-458168,1,1.2928640219018241,10.73062482527676,10.609049866047581
manga-8952-9102,1-458448,4,1.0153286269781212,11.163403545436188,11.163209097023318
manga-8977-12701,1-71281,5,0.8183768926920152,10.66071370010288,10.62148682634252
manga-8977-12702,1-121330,6,48.938538010835934,16.608558428763274,9.427288067211386
manga-8977-12703,1-121523,1,1.0060724865108455,11.018673430343966,10.912914143356296
manga-8977-12704,1-121413,9,,,8.742832709921679
manga-8977-12705,1-153246,7,0.40326920609364336,8.647494902962409,8.87427070739693
manga-8977-1901,1-121387,-2,0.6963648048282778,9.552746393597209,9.703901541534224
manga-8977-1902,1-121334,0,0.9681783519689766,9.853790247135356,9.934568134767368
manga-8977-3701,1-121375,-5,1.2449280444301145,11.140132671940723,10.951527420383579
manga-8977-3702,1-71269,0,0.9672631162584899,10.556424906215408,10.609577335887879
manga-8977-3703,1-153254,-5,0.9187651907261518,11.060696447219453,11.11094642589416
manga-8977-3704,1-153038,1,-0.0304180860477139,8.70527062473878,8.715184093344188
manga-8977-6101,1-121277,0,0.582706131939851,10.411474319610154,10.380679665131959
manga-8977-6102,1-584650,4,,,9.84662963651113
manga-8977-6103,1-604824,4,0.5200576326904773,10.557275898955801,10.739668843613227
manga-8977-6104,1-153035,-5,0.6299218377587756,10.695933985989184,10.795715301644467
manga-8977-9101,1-153028,2,0.9771478398064843,10.529958682810861,10.5573977122108
manga-8977-9102,1-153082,2,0.2423774243649639,10.221331518559516,10.353308293191933
manga-8978-12701,1-634056,6,0.7808171099291066,10.25573657284145,10.24788001798839
manga-8978-12702,1-634093,3,0.6249526414305144,10.829205185192095,10.892208172550337
manga-8978-12703,1-634119,7,0.3290588998895707,8.985560508103077,9.27195306889024
manga-8978-12704,1-94403,5,0.9128435593554194,10.499543238786384,10.527914611919906
manga-8978-12705,1-569095,5,0.8212489070665754,10.500278690052285,10.51506673645631
manga-8978-1901,1-94554,2,1.107499788723171,10.375215243453868,10.429290293766092
manga-8978-1902,1-94451,0,1.0485820584761427,10.222461806019389,10.295483531465443
manga-8978-3701,1-135625,3,0.5143632639778168,9.972444196184926,10.141418415266088
manga-8978-3702,1-569098,-5,,,10.807860288863774
manga-8978-3703,1-135664,-2,1.0932344017853595,10.47998570483093,10.498216791209245
manga-8978-3704,1-135003,-2,0.9778642920854388,10.084258399581183,10.182094948836845
manga-8978-6101,1-135608,1,0.8018824790837478,10.581733929338162,10.671412610782685
manga-8978-6102,1-135668,5,0.9202410100458955,10.162274281542185,10.122815282479012
manga-8978-6103,1-94422,2,1.0830349342479266,10.37513314094521,10.391199840108774
manga-8978-6104,1-94604,-2,0.8766396205524352,10.199161494878814,10.319574469725744
manga-8978-9101,1-135044,4,0.9139277334254103,10.356702141623252,10.448149571685947
manga-8978-9102,1-135626,-2,0.9826259903582582,10.491167281464657,10.538231793387071
manga-8979-12701,1-210173,4,0.9756356471089163,10.892183805350083,10.92041971463328
manga-8979-12702,1-210578,-5,0.9365387734301187,11.121636445840727,11.220675439596272
manga-8979-12703,1-210098,6,0.49517437777621964,9.106893941689409,9.32905193335993
manga-8979-12705,1-569155,1,0.9842297535850619,11.03072104220901,11.069982421219859
manga-8979-1901,1-248443,-2,1.062670925292533,10.436087472454506,10.486841199424275
manga-8979-1902,1-210114,1,0.7503187400000044,10.488749294000005,10.766246980391884
manga-8979-3701,1-248410,1,0.6576940542367851,9.103743627329166,9.28023453163633
manga-8979-3702,1-210135,3,0.8188017242314132,10.732816721044813,10.75065493487096
manga-8979-3704,1-210461,5,0.7772256299562379,10.64266243247237,10.715282819644203
manga-8979-6101,1-633608,4,0.58126511781186,9.411500358013823,9.606460906815327
manga-8979-6102,1-248420,3,0.772277402666063,10.3147188808673,10.420994829643957
manga-8979-6103,1-569077,-2,0.8986051265979746,11.223308988668174,11.268528830179623
manga-8979-6104,1-210116,5,0.6312624751783318,10.493416051120175,10.65842640292116
manga-8979-9101,1-248405,4,0.828778278918243,10.770731355939219,10.894145413472543
manga-8979-9102,1-210547,-5,1.0038758838020492,10.995404707627506,11.068571729814108
manga-8980-12701,1-236018,6,0.6193963007762164,9.422865860989406,10.456709081358285
manga-8980-12702,1-266817,-5,0.8120456697355642,11.079379986554397,11.251645519453799
manga-8980-12703,1-236144,1,1.047808804612977,10.26835570312173,10.24340022331078
manga-8980-12704,1-236133,7,0.42208787015258764,8.914169938239777,9.009238370968466
manga-8980-12705,1-235988,6,0.3827598056824826,9.276286260129758,9.51053294630345
manga-8980-1901,1-236032,1,1.114222213269052,10.124296257985606,10.187137018595338
manga-8980-1902,1-236099,2,1.0203538775653485,9.620064925737976,10.336777833096546
manga-8980-3701,1-235983,-2,0.7296614261805026,9.360822214652497,9.617980069357223
manga-8980-3702,1-236045,1,0.9186103817149238,10.384476225103306,10.511059424814464
manga-8980-3703,1-236150,7,49.08401922583595,16.54140046526329,9.512090436663811
manga-8980-3704,1-235976,5,49.083559534835935,16.35123533716327,9.092517131095203
manga-8980-6101,1-236081,-5,0.9829509431209011,10.915228638309419,11.026194031014159
manga-8980-6102,1-236106,-2,1.0715864602925294,10.973891660954504,10.977636280461644
manga-8980-6103,1-236039,1,0.9792629111511708,10.599518104030876,10.701015916274056
manga-8980-6104,1-321982,4,1.0312683929781166,10.814787056036183,10.820162036109492
manga-8980-9101,1-235986,4,0.6998725861059825,10.150956810615263,10.206367061944968
manga-8980-9102,1-236141,5,0.6688131941934188,9.145887215611662,9.311694538733683
manga-8981-12701,1-404012,-5,1.1068172340466909,11.43023252126415,11.36636317924795
manga-8981-12702,1-401987,5,0.3339314027587754,9.330159167489182,9.512117148916486
manga-8981-12703,1-404032,3,1.2206082265033942,10.43081984048616,10.361669296729252
manga-8981-12704,1-402060,7,0.5576086996055203,8.783176063763918,9.004480442626567
manga-8981-12705,1-403958,4,,,8.118271341339659
manga-8981-1901,1-402014,-2,0.9046959353051776,10.609312950979556,10.691425430343552
manga-8981-1902,1-404060,2,0.7169877371678552,8.858323257227447,9.008421307794848
manga-8981-3701,1-402070,1,0.9675906852690481,10.962951793185601,11.074655561042704
manga-8981-3702,1-401878,8,,,9.749226763978928
manga-8981-3703,1-404045,4,0.5218130204194615,9.280182401572127,9.51729884917991
manga-8981-3704,1-404052,-5,0.42185463249443345,8.960303466981518,9.096604162020613
manga-8981-6101,1-401864,2,0.8272776362342498,10.409132346783547,10.5482235314197
manga-8981-6102,1-402062,-5,0.9856860291171259,11.199172993491775,11.272008789341324
manga-8981-6103,1-401964,1,0.9156737560435779,10.702414986251757,10.71268925765647
manga-8981-6104,1-403982,3,0.8526660390619583,10.609514696051818,10.721921852872576
manga-8981-9101,1-401876,2,1.002054028685592,10.409823148681685,10.52295126640347
manga-8981-9102,1-404033,5,0.6617113594406803,9.003512687510923,9.212932991708014
manga-8982-12701,1-457815,6,0.588719471730105,9.247975616453044,9.437747392776103
manga-8982-12702,1-457843,7,0.23865628004668693,8.373478959864146,8.488157135093463
manga-8982-12703,1-395528,7,0.55934821737495,9.209594483761233,9.433135925419334
manga-8982-12704,1-458105,1,0.9201076807108493,10.501646031772779,10.472488771252406
manga-8982-12705,1-626533,1,0.9187391768010258,10.296589067169972,10.324257755383078
manga-8982-1901,1-458044,1,0.9509640953160101,9.571050540683869,9.655985059795293
manga-8982-1902,1-457547,2,0.8378435240854394,9.513010930781185,9.655282535177212
manga-8982-3701,1-457523,1,1.1500255172744218,11.124120615749026,11.040372870759358
manga-8982-3702,1-457813,1,1.1049548676818155,10.03669007318381,10.04154268825293
manga-8982-3703,1-458092,-5,0.012421901591213924,9.052000733396087,9.12881914219451
manga-8982-3704,1-457932,-5,1.1425186706050567,10.81729942495412,10.819021151594145
manga-8982-6101,1-457753,2,0.9980948691621236,9.920811605491972,9.86657795323656
manga-8982-6102,1-458027,-5,0.8855045469379554,10.183193045570714,10.317839866375461
manga-8982-6103,1-457781,-2,0.682312813832322,10.799857364568735,10.985944892696665
manga-8982-6104,1-626502,5,0.7420224629111445,10.191071781873768,10.287004045049132
manga-8982-9101,1-457811,1,0.18943812620974754,9.605801579915255,9.778566526829088
manga-8982-9102,1-626395,6,0.429402792476143,9.07247724541939,9.197316403174986
manga-8983-12701,1-626658,5,0.8411271260612025,10.145177919667933,10.227357005007624
manga-8983-12702,1-457871,3,0.6483353828971161,9.192091224198823,9.414314725635185
manga-8983-12703,1-627108,-2,1.111196698546582,11.234907561786557,11.206925671371522
manga-8983-12704,1-568627,-5,1.0158340458684485,11.508227638562685,11.531995930544342
manga-8983-12705,1-626684,5,0.8303026918813607,10.089936629321848,10.2083311563584
manga-8983-1901,1-457905,-5,0.8997889668102594,9.018047608908736,9.158660966962575
manga-8983-1902,1-627086,-5,0.9948812305230987,10.842748627717652,10.941970826185548
manga-8983-3701,1-626822,-5,1.1402872061805027,10.775558252652496,10.719289844693328
manga-8983-3702,1-458148,-2,0.8812418081089213,9.148282450450086,9.311988951988056
manga-8983-3703,1-458396,3,0.7180019342832971,10.321405861615741,10.470708837289887
manga-8983-3704,1-423024,2,49.49367004783594,17.928047905463284,10.544519475907713
manga-8983-6101,1-457875,6,0.4337561114134303,9.200196625044153,9.4109778900964
manga-8983-6102,1-458270,-2,0.756049660544889,9.98136076404353,10.143592433778522
manga-8983-6103,1-457869,5,0.8647393985953578,9.397679002105559,9.467451228138703
manga-8983-6104,1-423049,1,0.8936545059569951,10.163811566195792,10.283131549278886
manga-8983-9101,1-568624,2,0.9297426023119684,10.61748845935188,10.657479418167714
manga-8983-9102,1-458499,-2,1.0646164872479247,10.79872285324521,10.846337730782473
manga-8984-12701,1-395643,5,0.576968063638148,9.168713119154582,9.376817759493987
manga-8984-12702,1-458124,5,0.3948693284603877,9.226171830281952,9.440261878929928
manga-8984-12703,1-626689,5,0.5490397987724478,9.584198725371769,9.815277489957248
manga-8984-12704,1-395533,2,0.9172404663241274,10.163445279866696,10.143292784713811
manga-8984-12705,1-458137,2,0.8643576033990925,10.855834482776082,10.938790824426421
manga-8984-1901,1-395547,-2,1.2747771296855923,10.255323707781685,10.15810304429796
manga-8984-1902,1-458052,-5,1.0000789954550164,10.664755294578995,10.775369389544707
manga-8984-3701,1-395593,0,0.925624400480384,9.763479323527065,9.946503846701551
manga-8984-3702,1-395617,0,0.4490598257573559,9.053256721401207,9.29566824031706
manga-8984-3703,1-395734,-2,0.9161599345418736,10.58857028916908,10.744669990500414
manga-8984-3704,1-458127,1,0.9655541193958044,10.172747539507046,10.268041792779957
manga-8984-6101,1-458033,5,0.7476705455510171,9.220200811030375,9.346294282041345
manga-8984-6102,1-457816,-5,0.9319836808630768,11.248812571659727,11.358134804998745
manga-8984-6103,1-395601,2,0.7542137384359755,9.654651510232988,9.840405353275886
manga-8984-6104,1-458138,-5,1.0501094302547145,10.771488273217534,10.813149147933187
manga-8984-9101,1-395622,-5,1.0702548039689752,10.966033240335356,11.008050569359982
manga-8984-9102,1-626669,2,0.8529224978684482,10.110987951762684,10.236474279183906
manga-8985-12701,1-421314,6,49.049450848835946,16.858878374563282,9.664154766135217
manga-8985-12702,1-415939,2,1.1604789653937253,10.887891145612663,10.853775453365119
manga-8985-12703,1-420924,5,0.8439713103793878,10.31547638564459,10.466582938193705
manga-8985-12704,1-420631,7,0.46510708730517436,8.688993314179552,8.91728646907766
manga-8985-12705,1-408028,5,,,9.833060371900956
manga-8985-1901,1-421316,1,0.16600311993729022,8.794109548724766,8.993090862163648
manga-8985-1902,1-420638,-2,0.8402573353051785,9.464362170979555,9.630945262009675
manga-8985-3701,1-591961,9,0.4213137826137334,8.84995904504515,9.090385041685682
manga-8985-3702,1-420908,-2,0.6846594028719473,9.270525707065973,9.44874032027733
manga-8985-3703,1-415955,2,1.0039381377301915,10.602291233990973,10.686857828028879
manga-8985-3704,1-408035,3,0.319576455681819,9.272065443983811,9.502537728077504
manga-8985-6101,1-415958,1,0.48443324278460764,8.424706255807514,8.597893643860234
manga-8985-6102,1-420636,4,0.5704821038508214,9.496262579946507,9.731990644023778
manga-8985-6103,1-420901,5,0.4575721425078285,9.020765291669516,9.27007529487119
manga-8985-6104,1-627238,5,0.7064184278474421,10.022681492539537,10.108676627132567
manga-8985-9101,1-416015,-2,0.9273460650135839,10.466379008844655,10.59699382653517
manga-8985-9102,1-416039,4,0.8000115830497059,10.5335973654386,10.681102783942292
manga-8986-12701,1-556524,-2,0.9737997674747234,11.195441324650023,11.27426871880823
manga-8986-12702,1-164077,1,1.2277529615012277,11.064349699553844,10.891207290695549
manga-8986-12703,1-146107,5,0.4512910159439798,9.259249938098682,9.522527693494931
manga-8986-12704,1-146246,-2,0.9527018079039138,11.025580010371153,11.05846398560225
manga-8986-12705,1-164063,5,0.6600584032912948,9.749043102641787,9.901786778805349
manga-8986-1901,1-146171,2,0.8945071944237206,10.880647538819767,10.897597954100966
manga-8986-1902,1-164074,-2,0.6632776046646427,9.002901259837467,9.188875072093685
manga-8986-3701,1-145900,3,,,8.957909320728787
manga-8986-3702,1-146129,3,0.42932808951697865,8.814964171130816,9.074922442354039
manga-8986-3703,1-146138,0,0.7734718356484365,9.514917762830194,9.70119483231494
manga-8986-3704,1-145926,-2,0.5789100672832959,9.03645889191574,9.269940023888902
manga-8986-6101,1-163987,4,0.5963998958324446,10.077323098606913,10.214761748038374
manga-8986-6102,1-163980,-5,1.0966658683491168,10.941905829503366,10.963601323913581
manga-8986-6103,1-556523,-2,,,11.302523568948763
manga-8986-6104,1-146352,7,0.14672575744067728,9.422005189310921,9.503549644006316
manga-8986-9101,1-164021,1,0.9892402220347094,9.819874075685048,9.86539182890763
manga-8986-9102,1-146142,3,0.5616277481743772,9.681941171365654,9.90514043756677
manga-8987-12701,1-386272,-5,0.9743605926559837,11.290979172325939,11.305656558310776
manga-8987-12702,1-386453,7,0.4664767467287767,9.381274148582074,9.601936199759484
manga-8987-12703,1-386847,4,0.6607940588200663,9.851518419015976,9.97428873145367
manga-8987-12704,1-386836,7,0.7761520107315221,9.419499280582873,9.46725134931394
manga-8987-12705,1-605640,5,0.5218754438280655,9.217468195642024,9.448684681918554
manga-8987-1901,1-386263,1,0.308385347960769,8.440892884754131,8.603785052766293
manga-8987-1902,1-386670,-2,1.0243675386137312,9.984453504645149,10.062431553162613
manga-8987-3701,1-386605,2,0.14909681276019526,9.571807805798086,9.481173081628956
manga-8987-3702,1-386430,1,1.151161389407303,10.45258440135731,10.344030538531607
manga-8987-3703,1-386452,2,0.7115156377437764,10.242507801335627,10.378321574709068
manga-8987-3704,1-386264,4,0.7398443616565515,9.369633990394412,9.393044952693163
manga-8987-6101,1-386657,6,0.5280496787165241,8.45428677472932,8.626765213679207
manga-8987-6102,1-386601,5,0.6134366554891812,9.18466544083534,9.386142108930818
manga-8987-6103,1-386800,9,0.20915238326150387,8.530342424189858,8.671778950245152
manga-8987-6104,1-386822,1,0.7886894718474409,9.989504592939534,10.010448371774086
manga-8987-9101,1-386685,3,0.4188226941821931,8.709080705395518,8.938762321950088
manga-8987-9102,1-386695,2,0.41928906795877197,9.953712503097057,10.040182873352698
manga-8988-12701,1-401437,4,0.7889871956621093,9.34841545013255,9.374040437429986
manga-8988-12702,1-397647,5,0.3805958612912903,8.775343490441783,9.027451542872491
manga-8988-12703,1-397212,4,0.8914322667942329,10.164653487497644,10.155263142763477
manga-8988-12704,1-397224,2,0.7486161559684916,10.267029246046054,10.401045377090599
manga-8988-12705,1-397639,7,0.48954674530233433,9.429706627361742,9.649966365986375
manga-8988-1901,1-397643,5,0.7078564126320224,8.82535830156774,8.999482447008031
manga-8988-1902,1-397792,-5,,,9.674217026044746
manga-8988-3701,1-399194,4,0.5280957075585597,8.719769043045885,8.926495760503835
manga-8988-3702,1-397697,4,0.5580791213793859,8.892114845744588,9.133331291536331
manga-8988-3703,1-397651,6,,,9.717885932839343
manga-8988-3704,1-399258,7,0.4296101544843509,8.846816545600618,9.083075999108853
manga-8988-6101,1-401440,4,0.5003468507656521,8.95480583989944,9.099245438191263
manga-8988-6102,1-397613,2,1.1743271697132371,11.216514203960287,11.085750679436948
manga-8988-6103,1-397739,-5,0.8520596019032425,10.647875127605431,10.866498230905822
manga-8988-6104,1-590142,3,0.5499753837929369,10.482777232726917,10.541950980655601
manga-8988-9101,1-282472,2,0.7894308499482428,10.752898901346327,10.833683112378933
manga-8988-9102,1-397773,2,0.8884739032560454,10.665668539809433,10.672888108896721
manga-8989-12701,1-174952,3,0.6745199311660812,11.018928473746493,11.123916943498132
manga-8989-12702,1-175169,5,0.5661663581647502,9.656907649075526,9.881616865185729
manga-8989-12703,1-150227,-5,0.9997153226726709,11.262340854902744,11.348295125394557
manga-8989-12704,1-149730,-5,0.9958529694890608,11.524675902318094,11.585276820443054
manga-8989-12705,1-175185,11,0.8247213341420228,9.351505231569575,9.457239816542812
manga-8989-1901,1-149758,8,0.6374477213187539,9.775613280924201,9.989739399080056
manga-8989-1902,1-150254,2,0.43843260671652473,10.01616689952932,10.25837384896812
manga-8989-3701,1-174979,-2,0.9216901935510151,10.406195447830374,10.501142825040501
manga-8989-3702,1-174982,2,0.5032995483725955,8.509047252772264,8.726220916141493
manga-8989-3703,1-617323,3,0.6781711785981024,10.175961377785427,10.320347801862185
manga-8989-3704,1-174966,6,0.40808224249962066,9.145520095688289,9.397641111235975
manga-8989-6101,1-175187,4,0.6489841914733034,9.197404415741119,9.418894311541347
manga-8989-6102,1-174904,6,0.2983560026874734,8.702799357280615,8.896633675544432
manga-8989-6103,1-576172,-5,,,10.972411601427083
manga-8989-6104,1-175200,3,0.8829615142342497,10.731061236583548,10.773072269851024
manga-8989-9101,1-174947,2,1.100241977901831,10.454361424876767,10.449681999311887
manga-8989-9102,1-175184,3,0.6124875018988973,9.898719789800092,10.029611012535355
manga-8990-12701,1-174429,5,0.7065433854410408,9.730010517384683,9.788516233229842
manga-8990-12702,1-576106,-5,1.0301729628630767,11.125584397859726,11.193021580394602
manga-8990-12703,1-174880,4,0.607992238850823,10.143983588446508,10.341656067068566
manga-8990-12704,1-174895,5,0.8674923149749745,10.415772981825254,10.341648156782478
manga-8990-12705,1-174631,1,0.8982815922547118,9.79685038741753,9.918819008161302
manga-8990-1901,1-174623,1,0.8110559801209014,9.077206615009418,9.309728085534408
manga-8990-1902,1-174373,1,0.5466062532239633,8.725266571087008,8.849818511005541
manga-8990-3701,1-615485,-2,0.9567962371208978,10.381781853709414,10.537312752533122
manga-8990-3702,1-174435,1,1.11013474585695,10.39909662371242,10.373072073551814
manga-8990-3703,1-174392,3,0.6798095436728531,9.132322402639627,9.317191784106576
manga-8990-3704,1-174384,-5,0.8561238922772603,9.302324902866834,9.485116399193915
manga-8990-6101,1-174781,-5,0.9333495822584936,10.528925066815413,10.717006073554932
manga-8990-6102,1-174826,1,1.5058619673711817,10.939315438363366,10.641664444453417
manga-8990-6103,1-589092,-2,,,9.986089759709625
manga-8990-6104,1-174914,5,0.34501356042984455,9.575961642906607,9.769985503189403
manga-8990-9101,1-174390,4,0.921478702953614,10.112514726930677,10.113963396204992
manga-8990-9102,1-615921,3,0.6013048040677766,10.161256747206002,10.297226339633832
manga-8991-12701,1-150286,4,0.642381112918244,9.570237465339218,9.794044463394352
manga-8991-12702,1-150013,-2,,,11.201399855723698
manga-8991-12703,1-150394,3,,,10.099535621921552
manga-8991-12704,1-150387,3,,,10.270147577604787
manga-8991-12705,1-150245,4,0.6641427795087687,10.177692344149586,10.372029636634815
manga-8991-1901,1-149985,-2,0.9146167312335862,10.159874074177136,10.308854557649385
manga-8991-1902,1-150328,-2,,,10.2785226777669
manga-8991-3701,1-149720,-2,0.9838689195169756,10.409658724130813,10.491550780907195
manga-8991-3702,1-188749,-2,,,11.258059914706434
manga-8991-3703,1-150302,5,,,8.655892030978066
manga-8991-3704,1-149989,3,0.5761184508874884,8.65663938970869,8.87981814653454
manga-8991-6101,1-150173,4,,,9.858152056666976
manga-8991-6102,1-150232,-5,0.9327133953453455,11.090529974805493,11.207171016451865
manga-8991-6103,1-188177,0,,,10.289990066054319
manga-8991-6104,1-576162,1,,,10.068890554257935
manga-8991-9101,1-150337,2,,,9.77526957693881
manga-8991-9102,1-150397,-5,,,11.263964919164424
manga-8992-12701,1-149650,3,0.5301507141548143,10.027491825592268,10.119526414028337
manga-8992-12702,1-149556,3,0.8141330577122652,10.317641241702608,10.356278325080106
manga-8992-12703,1-149887,5,0.6129090010626221,9.625398141397767,9.828503934907564
manga-8992-12704,1-576181,4,,,10.37675574738887
manga-8992-12705,1-149517,-2,1.1772922927656566,10.683741122099443,10.655822006456178
manga-8992-1901,1-614907,-5,,,10.884726279019274
manga-8992-1902,1-149501,0,0.8850964312417986,9.149166496118832,9.27738226766269
manga-8992-3701,1-149496,0,1.0564031992925287,9.827960245854502,9.880869589801064
manga-8992-3702,1-149561,1,0.7943855065094318,9.73208510503507,9.869378416061338
manga-8992-3703,1-149879,4,0.6863201660837461,9.04372418103816,9.234256527324321
manga-8992-3704,1-149871,-2,1.1514972273831567,10.45828222074246,10.439282154804586
manga-8992-6101,1-149536,2,0.6936920193337528,10.313186145456825,10.367583260340627
manga-8992-6102,1-149512,1,1.022780297531309,10.403726703398881,10.472422923496728
manga-8992-6103,1-149471,2,1.026966248383161,10.285648011842465,10.310723042977271
manga-8992-6104,1-149878,-5,0.6168142792925302,9.831783113854504,10.254003962005138
manga-8992-9101,1-149563,5,0.4546345092206714,9.088116861817971,9.346800732004358
manga-8992-9102,1-149541,-5,,,10.687527177660739
manga-8993-12701,1-612080,5,1.0087750883279902,10.778753113362969,10.813491585417975
manga-8993-12702,1-277300,4,0.889371157431718,10.966215255245814,11.011054227217244
manga-8993-12703,1-277443,7,0.8296083157149248,10.656993064503306,10.75642233103468
manga-8993-12704,1-277475,6,0.48891113777244755,8.95450957027177,9.190037398989311
manga-8993-12705,1-277279,4,49.38893483783594,18.012013094463278,10.714732008445095
manga-8993-1901,1-277308,-2,0.887241715318094,9.225075581138722,9.373483938001865
manga-8993-1902,1-277525,1,0.9204337354301195,9.419839320040728,9.569288447036433
manga-8993-3701,1-277317,-5,1.031376736552435,10.74600569047881,10.810512769346216
manga-8993-3702,1-173397,2,0.44899704542541485,9.004053360823256,9.280480483746675
manga-8993-3703,1-173384,1,1.3270058519372867,10.66775392992476,10.499527628793123
manga-8993-3704,1-278079,-2,1.1988801867536765,11.362406561120343,11.261662473785853
manga-8993-6101,1-276557,5,0.44363478076281737,8.261550308281635,8.422822845424097
manga-8993-6102,1-276843,4,0.8279863488602359,9.196020989881452,9.347806014383496
manga-8993-6103,1-278059,-5,1.2083546308003612,10.865230573384487,10.721995171749697
manga-8993-6104,1-588013,5,0.8833533161042126,8.757716333032612,8.85404234804936
manga-8993-9101,1-277470,5,0.5722145290619629,8.682499235051822,8.834977997882683
manga-8993-9102,1-277257,2,1.0189895401368325,10.325011088462801,10.35774241954003
manga-8994-12701,1-148581,4,0.8469145466545633,10.033318666417035,10.151213512876824
manga-8994-12702,1-148582,5,0.4029823443793852,9.367565555044589,9.557495171420971
manga-8994-12703,1-186604,4,0.7002285324575475,9.923693732064143,10.063528503633488
manga-8994-12704,1-148547,6,0.8331330157261547,9.547194954719455,9.642369538853657
manga-8994-12705,1-148691,5,0.9832550344944302,10.549917805181515,10.57687093556865
manga-8994-1901,1-148536,2,0.8745613168684443,9.95474150466268,10.049307198987961
manga-8994-1902,1-148756,3,0.8976166299842454,9.648591806223028,9.833040597855861
manga-8994-3701,1-186329,4,1.0598946798078153,10.153936983142296,10.058896508294636
manga-8994-3702,1-148554,0,0.8670268964066388,9.742782449871827,9.97584752112955
manga-8994-3703,1-148530,1,0.8998113730497082,9.980653534438604,10.104528080557452
manga-8994-3704,1-148557,2,0.6238292546355169,9.614256183571024,9.80515546013096
manga-8994-6101,1-148754,5,0.582148808282632,9.318814169830256,9.540072827304567
manga-8994-6102,1-148512,-2,,,11.286995073968852
manga-8994-6103,1-148527,-2,0.9254675638909902,9.970131717811979,10.088380642846879
manga-8994-6104,1-148668,6,0.4649495099391743,8.6029569829237,8.773196017475511
manga-8994-9101,1-148489,3,0.9332082473636305,9.871330845567616,9.91390017307353
manga-8994-9102,1-148685,3,0.3784781839466085,9.730031960582238,9.9636306031696
manga-8995-12701,1-188110,-5,1.1277378147762178,11.295480198389406,11.282288958058816
manga-8995-12702,1-188218,8,0.3437084452479233,8.706153551045208,8.834897339341488
manga-8995-12703,1-188888,-5,,,11.330076759986
manga-8995-12704,1-616662,-5,1.1128075478020527,11.01994693002751,11.028233607972785
manga-8995-12705,1-150370,5,,,11.114300663045762
manga-8995-1901,1-189197,-2,,,9.911287611186697
manga-8995-1902,1-189145,0,,,10.572491718736353
manga-8995-3701,1-188756,0,1.0140371545700617,9.91968533261592,10.009514632972975
manga-8995-3702,1-188548,2,0.4445039435638449,10.820676699972536,10.962318657130307
manga-8995-3703,1-188530,0,0.9805841670837481,10.30554745013816,10.365030986541067
manga-8995-3704,1-188165,-5,1.3168554660936493,11.359023148962414,11.164641298091569
manga-8995-6101,1-188753,2,0.6635343637355682,10.3395400619544,10.472056920715975
manga-8995-6102,1-188186,-2,,,10.59707181131323
manga-8995-6103,1-188545,-5,1.0224945167536745,11.29752456412034,11.315233308018247
manga-8995-6104,1-188844,-2,1.1126304450936537,10.954623237862418,10.94902143193652
manga-8995-9101,1-188803,3,0.9196320865748895,10.41194708995064,10.401757136238588
manga-8995-9102,1-187866,7,0.4098970304338927,8.490596774938602,8.639247362265076
manga-8996-12701,1-149610,5,0.7909195521863204,10.007902344946213,10.048344678540069
manga-8996-12702,1-149678,5,0.9374129590066964,10.694982100555315,10.675339244124684
manga-8996-12703,1-149622,7,0.2898796183279906,8.69016157636297,8.842037291686612
manga-8996-12704,1-188309,5,0.6957267497247308,9.416404634889618,9.583342758972954
manga-8996-12705,1-149686,3,0.9058056749992431,10.703609820376577,10.757925666454554
manga-8996-1901,1-187430,1,0.8993064968102651,9.88674169190874,10.035897803414827
manga-8996-1902,1-149905,0,0.951728905903245,9.903185514005434,10.049667594895276
manga-8996-3701,1-149683,-2,1.0776093348208242,10.526913306778937,10.554037064683998
manga-8996-3702,1-187429,-2,1.104983103806486,11.040652025210862,11.031521568085191
manga-8996-3703,1-188330,3,0.5107579427791435,9.821720937506154,9.898567776153445
manga-8996-3704,1-149709,-2,0.5793673568003648,9.853979219984488,10.140105615737106
manga-8996-6101,1-149882,4,0.630126411802447,9.568483132978876,9.770399815607972
manga-8996-6102,1-187394,7,0.29713145948764463,9.222097474009193,9.30960249091529
manga-8996-6103,1-187419,-5,0.994323016061955,10.159685486751815,10.271379196804778
manga-8996-6104,1-187821,9,0.43527370450783565,8.354001265869522,8.56629958032898
manga-8996-9101,1-188307,2,0.6489684219569902,9.782711281795788,9.95777005713139
manga-8996-9102,1-149721,2,0.9918738124427655,10.428241088265779,10.49170339116323
manga-8997-12702,1-149621,1,0.8804520185476363,10.212822131444332,10.233460633163684
manga-8997-12703,1-149597,5,0.9670119915476398,9.385462105744335,9.330943127522511
manga-8997-12704,1-149454,1,0.9102963433948368,10.991013914849372,11.00217470434677
manga-8997-12705,1-149507,-5,0.7426865799182494,10.262495675039224,10.453322927640574
manga-8997-1901,1-149624,4,0.7115574877437751,9.110460996335627,9.290828977408294
manga-8997-1902,1-149193,-2,1.2212130332711304,10.527947172479989,10.443020340786395
manga-8997-3701,1-149170,3,0.6023546873894681,9.885784153885954,10.066665027256672
manga-8997-3702,1-149172,-2,0.4916980650466911,8.65255826336415,8.879725350893489
manga-8997-3703,1-149589,0,0.6720691059808672,9.448276953936986,9.62428931682403
manga-8997-3704,1-149557,-2,0.38828468684053163,8.604664734849964,8.88809970674951
manga-8997-6101,1-149470,-5,1.156805653730192,10.657968269590974,10.638841541511635
manga-8997-6102,1-149631,1,0.9658933654733026,10.782415179141118,10.84627586115302
manga-8997-6103,1-149384,1,1.09782756338684,10.267204023723327,10.171466091389474
manga-8997-6104,1-576182,2,,,10.571926506653776
manga-8997-9101,1-187006,-5,1.0364487671171219,10.843645469291772,10.91445687342838
manga-8997-9102,1-149461,5,0.7667855968684449,10.172292372662682,10.298440409775273
manga-8998-12701,1-173385,6,1.1243022128935252,10.279556640457596,10.10560895424348
manga-8998-12702,1-173605,4,0.9160514422097492,10.391551795515259,10.344818498412506
manga-8998-12703,1-173592,7,,,9.270655548952986
manga-8998-12704,1-173652,5,0.5965149221089128,9.446085787850079,9.681695199678146
manga-8998-12705,1-173641,4,49.34728873283594,18.32825551896328,10.967956806764407
manga-8998-1901,1-173446,2,0.9921527661089193,9.725548448250084,9.85470674410406
manga-8998-1902,1-277370,-5,0.9376000691593767,9.2634759078121,9.389481498035389
manga-8998-3701,1-173490,3,0.5539620599992467,9.272695783876582,9.57234060237049
manga-8998-3702,1-173625,-2,0.9469578746137302,10.044422962245147,10.194716872907202
manga-8998-3704,1-173425,3,0.5558076014998008,8.651192436244937,8.890692018946375
manga-8998-6101,1-173583,-2,1.2293839389842454,10.567427658123027,10.489834779238835
manga-8998-6102,1-173444,4,0.692589057276507,9.244365842243415,9.435489207351562
manga-8998-6103,1-173633,9,0.500565416590252,8.91178101917625,9.147066957339952
manga-8998-6104,1-173413,4,0.5058743331995501,8.568408568038045,8.802455582124413
manga-8998-9101,1-173442,7,0.4130416051913315,8.944200797256808,9.114430824733974
manga-8998-9102,1-277375,6,0.5089857976818166,9.16203209618381,9.392832319509774
manga-8999-12701,1-148664,6,0.5032849384134295,9.442687570744152,9.680479649874705
manga-8999-12702,1-148652,1,1.100322888696148,9.778924603751875,9.800624299773162
manga-8999-12703,1-576224,5,,,9.969644648878367
manga-8999-12704,1-148985,7,0.5115976348630795,8.86091315305973,9.08809354348375
manga-8999-12705,1-148599,3,0.4393874222055807,9.061129068526482,9.368770198590221
manga-8999-1901,1-148780,1,0.17741821091540544,9.042580002521412,9.22168803092326
manga-8999-1902,1-148596,-2,0.8534085655298966,9.630635614889986,9.786559779361587
manga-8999-3701,1-173630,9,0.4772172718313854,9.038150582549132,9.271228051715491
manga-8999-3702,1-576235,-5,1.0503386817301923,11.398887544390973,11.230837058244399
manga-8999-3703,1-148621,-5,1.0420991988926787,10.034973814215466,10.118866301603363
manga-8999-3704,1-148602,4,0.5121082945700621,8.800972346615922,9.035837823235939
manga-8999-6101,1-148649,6,0.620107904993116,8.995609899889736,9.202817863467082
manga-8999-6102,1-148987,1,1.1261836554066385,10.040440016771827,10.051395659285285
manga-8999-6103,1-148615,3,0.9059823914194602,10.956179457672125,10.950745425568101
manga-8999-6104,1-148597,-2,0.7800406113749503,9.218958669161234,9.449365761145996
manga-8999-9101,1-173626,0,0.9777451003937188,9.473428274112656,9.55223979293991
manga-8999-9102,1-148653,4,0.5799563133643879,8.945168568291036,9.176091259055681
manga-9000-12701,1-187034,-5,1.0862816483768327,11.101143611060166,11.116684104041527
manga-9000-12702,1-614392,5,0.7740920892417975,9.90375750391883,9.984826940660398
manga-9000-12703,1-188303,-5,1.1124366285691245,10.796562150235852,10.810026750818109
manga-9000-12704,1-187404,-5,1.0384485937656542,10.99890372119944,11.073678034219178
manga-9000-12705,1-149896,5,0.840980585139036,10.034623906374437,10.025363221125756
manga-9000-1901,1-614567,-2,49.425180383835944,17.059281563063287,9.679807511184396
manga-9000-1902,1-149695,-5,0.692198778429848,9.04710940670661,9.237933121661287
manga-9000-3701,1-187072,4,0.4551402423357125,8.564505463254893,8.7963217307032
manga-9000-3702,1-187355,-5,0.9750518447874477,10.621552948625322,10.703054816707432
manga-9000-3703,1-187495,-5,1.1062492468208198,11.002973425978931,10.994807931634906
manga-9000-3704,1-187465,0,0.7879377414645532,9.294771193570725,9.395109628657812
manga-9000-6101,1-187562,-2,1.0531416092925276,9.941693856854503,10.015204622533158
manga-9000-6102,1-187436,6,0.2892261623861785,9.229549837516917,9.44942902720375
manga-9000-6103,1-187324,5,0.3537844927628164,9.111045087481635,9.328640509529656
manga-9000-6104,1-187966,-5,0.9459960899842486,10.651077132223028,10.767844252325549
manga-9000-9101,1-187554,-5,1.0574663147445307,11.027435864159047,11.035089374144706
manga-9000-9102,1-187505,-5,1.2673211713749524,11.271648125161235,11.130143924233925
manga-9001-12701,1-148841,-5,1.0824239480513995,11.450560058881623,11.45500635704805
manga-9001-12702,1-612718,5,0.4745219919476362,9.921444697801945,9.934020969921866
manga-9001-12703,1-149603,-5,1.0178711182335896,10.849929535877138,10.905222016877335
manga-9001-12704,1-149109,7,0.2691264101420252,8.53239266316958,8.58592635934135
manga-9001-12705,1-149284,-5,1.1871632901995461,11.19732693673804,11.103865270142922
manga-9001-1901,1-148918,-5,0.82156534350122,9.351269255753838,9.498580697431255
manga-9001-1902,1-149329,0,0.8893375463453488,9.791483368905496,9.972677617292954
manga-9001-3701,1-148907,2,0.5545094962232042,9.086966832184514,9.363286607192482
manga-9001-3702,1-149051,-2,1.0464918751995462,10.61707320023804,10.663278672617759
manga-9001-3703,1-149116,-2,1.069270108523103,10.122852817517655,10.19041854838194
manga-9001-3704,1-149228,1,0.7843505065695169,10.308026020587217,10.457320128499639
manga-9001-6101,1-149066,7,0.46750529596991086,8.752665787354957,8.99285825645877
manga-9001-6102,1-148892,7,0.4778598820701667,8.692105913333048,8.895863799271247
manga-9001-6103,1-149105,6,0.5722809469372869,8.786382394424763,9.0066286048287
manga-9001-6104,1-149323,2,1.0223758974747277,10.374711907650026,10.380892910706132
manga-9001-9101,1-148921,2,0.9814690872342524,9.680888610883551,9.696422794884752
manga-9001-9102,1-186744,1,0.286912529430122,8.538260225440728,8.660104321918206
manga-9002-12701,1-373219,2,1.0226321356947352,10.556239124142976,10.602579747827912
manga-9002-12702,1-373161,-2,1.105868846558561,11.241097507945886,11.253587556001369
manga-9002-12703,1-314374,-2,,,11.183614294802622
manga-9002-12704,1-314817,3,0.80072321846718,10.436945247954277,10.571841544963306
manga-9002-12705,1-373102,5,0.514376736999246,9.919994844576582,10.131275326974432
manga-9002-1901,1-373100,0,1.016439014734793,9.885010679705925,9.956663455335988
manga-9002-1902,1-373136,5,0.08832809954187226,9.33552237066908,9.376166190346563
manga-9002-3701,1-373175,-5,1.1563127858783453,10.444449636447397,10.386595266585523
manga-9002-3702,1-373057,-2,1.0751875960066961,9.363515397255316,9.262351404147275
manga-9002-3703,1-314484,-5,1.0800698009032423,10.90211015850543,10.924802192583408
manga-9002-3704,1-373354,-2,1.0051260313582624,10.32615415456466,10.372425910091073
manga-9002-6101,1-373191,-5,0.9958814970271597,10.6826679573893,10.674078154372062
manga-9002-6102,1-373351,-5,0.9781034970347058,10.999846658185046,11.065370545784448
manga-9002-6103,1-373011,1,1.0702048261048773,10.42923559325763,10.40090564575285
manga-9002-6104,1-373407,-5,1.1142114652373643,10.903436403975014,10.904773411298358
manga-9002-9101,1-373327,-5,0.9759128598548656,10.77714952861803,10.867139138492373
manga-9002-9102,1-373381,6,0.5958727654399283,8.77011988594797,8.87591222539799
manga-9024-12701,1-373066,3,0.8790436199215321,10.992251777908253,11.060531643712194
manga-9024-12702,1-314424,2,0.9546473372758406,10.01448918505793,10.105442054801696
manga-9024-12703,1-314013,0,1.0362783046818151,10.898067049883807,10.934868958444623
manga-9024-12704,1-314449,4,0.8824165191464637,10.928801890652936,11.002127167971814
manga-9024-12705,1-314409,3,49.53427481783595,19.179407712463284,11.704528857658932
manga-9024-1901,1-314028,-5,0.9286180799687074,10.75865094730124,10.853109629972838
manga-9024-1902,1-314332,1,0.16746092333571738,9.277498200354898,9.386639843167513
manga-9024-3701,1-314067,-5,0.9617465805700647,10.271186949215924,10.398665542668242
manga-9024-3702,1-314040,-5,1.2363336126937945,11.083132189062905,10.992200814124724
manga-9024-3703,1-262307,-5,1.1056546115524348,11.208849172978812,11.196165127114808
manga-9024-3704,1-314447,-5,0.9843104833831617,11.296039010342465,11.343991201332237
manga-9024-6101,1-314059,-2,1.1917638929816192,10.795371777760405,10.702092620419661
manga-9024-6102,1-593543,5,49.288759226835936,17.523051134363275,10.257688172431243
manga-9024-6103,1-314241,-5,0.8616091597891362,10.745236250048574,10.936757462070618
manga-9024-6104,1-314639,-5,1.0760882859161605,11.194823061184367,11.212829246559158
manga-9024-9101,1-262322,2,0.9140381994298394,10.629886357806601,10.731205869398211
manga-9024-9102,1-314386,3,0.7341614432153314,11.146393068833863,11.137610434060138
manga-9025-12701,1-269031,-5,,,10.673868383161091
manga-9025-12702,1-633871,-5,,,9.159594260605747
manga-9025-12703,1-272054,-5,0.8596670408200708,10.927620715215982,11.02175144984644
manga-9025-12704,1-633942,3,1.0661571135710162,10.899879268934793,10.911968954430167
manga-9025-12705,1-272575,4,0.5781058896566442,9.866597360211422,10.0612375406174
manga-9025-1901,1-272055,3,0.4458620656621086,8.695675607132547,8.826723814636457
manga-9025-1902,1-324033,4,0.4319335446758146,9.919243642274683,10.128043673826458
manga-9025-3701,1-272473,5,0.6972200095010379,10.122332174398895,10.027944570891817
manga-9025-3702,1-272047,3,0.45233318308715553,10.031406598603512,10.171249491497802
manga-9025-3703,1-594452,3,,,10.759803776469667
manga-9025-3704,1-272470,-2,1.0515056775298888,10.282268934089977,10.264073692597535
manga-9025-6101,1-561297,-5,0.8962666705953559,10.854704737305557,10.894902849959431
manga-9025-6102,1-269401,-5,0.914154503460388,11.39316938278195,11.424476541626925
manga-9025-6103,1-269577,3,0.973166612897117,10.901808777198822,10.951646370124116
manga-9025-6104,1-272639,3,1.043334570999999,10.7525199761,10.813113086170262
manga-9025-9101,1-272088,-5,1.0585454240135874,11.545599795744657,11.535983632142795
manga-9025-9102,1-272496,5,0.47299142504668623,9.052655999364147,9.279566570280013
manga-9026-12701,1-93793,-2,1.1241673382518762,10.856732061399729,10.794777944271491
manga-9026-12702,1-94748,6,0.5660630277287773,9.597071485682074,9.828103462870216
manga-9026-12703,1-568997,3,0.9073279647132324,10.798541778460283,10.819128525085848
manga-9026-12704,1-94765,-5,0.9778543606900243,10.887681185465036,10.986870222877256
manga-9026-12705,1-94696,2,1.0691084093643823,10.638983441891032,10.685236409492495
manga-9026-1901,1-594582,1,,,10.318146845102795
manga-9026-1902,1-94773,0,0.8394452509555741,9.752022118386886,9.901846669627085
manga-9026-3701,1-94584,1,0.45738079096861384,9.015736800463301,9.292149700498639
manga-9026-3702,1-94786,-5,1.003886558937289,10.352463623624764,10.440014395674284
manga-9026-3703,1-94783,1,0.5243158099562386,9.938221750472369,10.131913653450843
manga-9026-3704,1-94690,0,0.9623682464254095,9.889529589923253,9.976729534143796
manga-9026-6101,1-94794,0,0.8048601219289893,10.076493929966064,10.13260545011697
manga-9026-6102,1-94746,5,0.3591831382373627,8.860313768275011,9.062972861315249
manga-9026-6103,1-94785,3,1.0384225790121562,10.125489918935742,10.132567045865107
manga-9026-6104,1-94717,1,1.3143272792418017,10.791273452918835,10.629552301541317
manga-9026-9101,1-94784,2,0.9443440828745722,10.675296368749525,10.721847697598399
manga-9026-9102,1-94720,-2,0.9474263098405302,10.328669764149963,10.44922376473298
manga-9027-12701,1-272287,4,0.5360733486564371,10.337855076177169,10.516454721161002
manga-9027-12702,1-272315,6,0.36469693247254753,9.593303188638625,9.83517926134522
manga-9027-12703,1-272361,5,0.44421914339230284,10.380576838103757,10.59085966076699
manga-9027-12704,1-323794,1,0.6201443439984899,10.37136704615316,10.531239989366073
manga-9027-12705,1-633856,7,0.2627161809154117,9.040569449521417,9.23395253612081
manga-9027-1901,1-323888,-2,-0.08272827079704825,9.009073312384785,9.147215511326957
manga-9027-1902,1-323766,-5,0.9166396748099928,9.554105667074621,9.666479603700365
manga-9027-3701,1-272400,2,0.5676449879992447,10.19204254867658,10.424827754649963
manga-9027-3702,1-323886,2,0.7786609202403767,9.657963752749463,9.776505780143227
manga-9027-3703,1-323764,4,0.599540938349115,9.201993046503365,9.428903851050313
manga-9027-3704,1-633947,-2,0.9988887172418011,10.875278778718833,10.939184167523374
manga-9027-6101,1-272080,1,1.0021527670802506,10.165021198413946,10.173005517663684
manga-9027-6102,1-272360,4,,,9.81662967066468
manga-9027-6103,1-323775,1,0.616014732828063,10.154132425542024,10.326178093242287
manga-9027-6104,1-323774,2,48.971088310835945,16.080439358763286,8.761047086356614
manga-9027-9101,1-272321,4,0.7899915744264696,9.74194674642057,9.803255627293082
manga-9027-9102,1-323813,5,0.42563499463721044,8.949208695474512,9.187328912091354
manga-9028-12701,1-269179,3,0.7760971497158557,10.065878283722903,10.197134389990929
manga-9028-12702,1-633759,2,0.9706003827301934,10.318086563490976,10.397548967643454
manga-9028-12703,1-269279,4,0.7184804445151372,10.218504560970924,10.227971499399676
manga-9028-12704,1-633815,3,0.8962928805313091,10.29292946869888,10.385298762899017
manga-9028-12705,1-269070,3,0.5336499971701194,10.277211903418015,10.432581297447042
manga-9028-1901,1-269227,-2,1.0608664231314613,10.157069812399381,10.212911712672174
manga-9028-1902,1-269081,2,1.0016856736470139,9.815657681321287,9.752268229758656
manga-9028-3701,1-269500,2,1.0617058393650538,11.266386740076522,11.206075328067964
manga-9028-3702,1-269212,-2,1.3292076832403765,10.355244476049462,10.14031001995163
manga-9028-3703,1-272175,-5,1.026310348675029,10.905710951611486,10.97345437571417
manga-9028-3704,1-594318,-5,,,11.444263450317152
manga-9028-6101,1-269085,3,0.9695222601872899,11.125671462724819,11.146255203299303
manga-9028-6102,1-594335,-5,,,11.183972689315638
manga-9028-6103,1-269491,3,0.9195602488102637,10.02487875510874,10.174065625428616
manga-9028-6104,1-269331,-5,1.0131341448971192,11.182695078398826,11.208212861742789
manga-9028-9101,1-296824,5,0.5286542485953483,10.48721853710555,10.633460375607086
manga-9028-9102,1-561325,3,1.222645853813276,11.20252139484365,11.03246967315025
manga-9029-12701,1-135072,4,1.061318341828276,10.490808920297205,10.451806384989288
manga-9029-12702,1-135093,2,0.7305731004836034,10.533985838037669,10.664122768015336
manga-9029-12703,1-94514,-5,,,11.05999863014969
manga-9029-12704,1-135285,2,0.9581557711062914,10.485504471987458,10.530185605823114
manga-9029-12705,1-135078,5,0.8130647801239164,10.306033460303635,10.458618210918125
manga-9029-1901,1-135235,0,0.7220309582070001,9.252002945356313,9.4355099196407
manga-9029-1902,1-135239,-5,0.5445281490844138,9.56415523960272,9.731367129825
manga-9029-3701,1-135115,3,0.765867763968977,9.246850296335356,9.515998288323512
manga-9029-3702,1-135091,-2,1.0902756766242945,10.466695989515346,10.505247683586903
manga-9029-3703,1-135244,-2,1.0575656100854331,10.574951633381179,10.624807882384966
manga-9029-3704,1-135086,-2,1.090405367146456,10.57550352745293,10.590173947459428
manga-9029-6101,1-135117,0,1.0854170361805018,10.574261905652495,10.59048962156074
manga-9029-6102,1-594453,6,49.08746145483593,17.06726308916327,9.835800874622185
manga-9029-6103,1-135227,-2,0.9178627102955481,9.858393990189422,9.92194645422941
manga-9029-6104,1-134695,5,0.728853302784298,9.393517132014388,9.427703526490498
manga-9029-9101,1-569178,1,1.296568989968705,10.835666708301238,10.667645307410854
manga-9029-9102,1-633969,-5,1.1633684216621063,11.137688526732545,11.12901924667021
manga-9030-12701,1-269204,-5,1.0692963001338143,10.945651836188349,10.97977411273852
manga-9030-12702,1-269165,3,0.5926991360597853,9.96562485527996,10.152178227597602
manga-9030-12703,1-269313,-5,0.9828491997226472,10.68008799739523,10.709618444234287
manga-9030-12704,1-269248,5,0.7281216619018238,10.11728310927676,10.29132666233323
manga-9030-12705,1-269102,-5,1.0313657764406798,11.145084782210922,11.178150714721816
manga-9030-1901,1-269009,3,0.7769218788569496,9.300511714012421,9.483234869160187
manga-9030-1902,1-297172,1,0.7259791061647469,9.630143015875522,9.814806090872748
manga-9030-3701,1-633722,0,0.8584953847618841,10.726205208901572,10.91063880999552
manga-9030-3702,1-268822,4,0.4915535188078124,10.157398278042294,10.26428643142164
manga-9030-3703,1-561331,0,1.0669923440121565,11.025117520435744,11.001452455008314
manga-9030-3704,1-269099,-2,1.1488185632629246,10.762667109498762,10.69703482597316
manga-9030-6101,1-269109,-5,1.0059229612758394,11.250602443457927,11.2671834659331
manga-9030-6102,1-269119,-5,1.0264541541760686,10.969951977908678,11.006731244588563
manga-9030-6103,1-269131,1,0.979021894579688,10.345909779906052,10.451752672803455
manga-9030-6104,1-272305,4,0.587524511271134,9.314274982279994,9.539973883627484
manga-9030-9101,1-296928,-2,0.883359452487646,11.306891030309194,11.41781367960213
manga-9030-9102,1-272178,3,0.4512796827546417,10.353070797558793,10.46370490322997
manga-9031-12701,1-209823,4,0.6092829008630751,9.523103313659725,9.707039331286031
manga-9031-12702,1-209744,5,0.6230661790135805,9.32340116624465,9.472298517156224
manga-9031-12703,1-134620,1,,,10.524586936050156
manga-9031-12704,1-210020,5,,,9.953534515204606
manga-9031-12705,1-210186,1,0.8559606729781173,10.423106404036185,10.52995622007876
manga-9031-1901,1-209722,0,0.8731416579156885,9.378325351474562,9.567542740023432
manga-9031-1902,1-209707,0,,,9.755656129521363
manga-9031-3701,1-209786,-2,1.0671101762925304,10.720122396554503,10.759223504143968
manga-9031-3702,1-209803,2,0.9213600133267477,9.678865891250245,9.685907365735492
manga-9031-3703,1-569074,2,,,9.854459080860732
manga-9031-3704,1-209772,-5,1.1526352080513966,10.80167200488162,10.80349057415453
manga-9031-6101,1-209952,-2,0.9077690805585661,9.87167171734589,10.022288120503866
manga-9031-6102,1-209770,1,0.5529164721239113,9.317657097503632,9.55056098085079
manga-9031-6103,1-209939,5,0.5175238701042097,9.10689013443261,9.311764453474918
manga-9031-6104,1-209728,3,0.5514628778132753,9.528832553243651,9.71185023471488
manga-9031-9101,1-209935,-2,1.2026243181462668,11.027636991277253,10.961071619353199
manga-9031-9102,1-209706,-5,,,11.066765588993688
manga-9032-12701,1-268479,2,49.531884633835936,18.775070438063278,11.395176067959506
manga-9032-12702,1-268786,1,49.539792521835935,17.898949258863276,10.538363824352778
manga-9032-12703,1-268862,1,0.9934524534372997,10.930041333064416,10.86931446255363
manga-9032-12704,1-268986,4,0.6008672619111444,9.597318032773769,9.760278448697308
manga-9032-12705,1-297126,3,,,11.011908613349155
manga-9032-1901,1-560758,-2,0.5280984119250363,9.397881804911547,9.601968779909228
manga-9032-1902,1-269003,-5,0.8781184711382508,9.258913547871705,9.404409473918475
manga-9032-3701,1-633476,-5,,,10.71843608302489
manga-9032-3702,1-560759,-5,0.9466624268889028,10.95232385861759,11.063532255556616
manga-9032-3703,1-268956,4,0.7321841642399605,10.311225139798479,10.30474680652478
manga-9032-3704,1-268826,2,0.5689975299931191,10.177561507389738,10.320534691649863
manga-9032-6101,1-268785,2,0.8194160632069973,10.84071354085631,10.889161024350155
manga-9032-6102,1-268789,1,1.015125615845239,10.6340735349279,10.670772625921295
manga-9032-6103,1-297084,-5,,,10.66893449593306
manga-9032-6104,1-268764,3,0.5791712506906848,9.381023895610983,9.610842145437923
manga-9032-9101,1-268854,3,0.6137915705421797,10.72342704634298,10.791934739507898
manga-9032-9102,1-633719,5,0.621940630672853,9.378191794339624,9.54590308895516
manga-9033-12701,1-321655,2,0.8181340765298941,10.806460464989982,10.96153404340667
manga-9033-12702,1-576439,-2,,,10.91212423623318
manga-9033-12703,1-321841,2,0.881688293516973,9.389986307530812,9.526427161427979
manga-9033-12704,1-576412,-5,,,11.02246961276777
manga-9033-12705,1-576436,5,0.9554008249999981,10.867439527499998,10.946111180462992
manga-9033-1901,1-198036,4,0.29448471506572815,8.56743589804969,8.692836348086134
manga-9033-1902,1-321823,1,0.6879033960243213,11.003011163671491,11.091301081852139
manga-9033-3701,1-321684,-2,1.1107299919250373,10.804999462911546,10.736762111949204
manga-9033-3702,1-198029,3,0.8986550378773188,9.625501536929395,9.644503581057718
manga-9033-3703,1-197968,2,0.5149347158526929,9.97213266070664,10.141550104217721
manga-9033-3704,1-593544,3,,,10.852800716330389
manga-9033-6101,1-321512,2,1.0398634831089133,10.09808427295008,10.143798322645928
manga-9033-6102,1-198007,0,1.0083179923160053,10.666511783383864,10.733941590450192
manga-9033-6103,1-197946,-5,1.0800635851760703,11.145240020008679,11.137306627599862
manga-9033-6104,1-198395,-5,,,11.26634225596734
manga-9033-9101,1-321426,-5,1.0656421769161568,11.071745289284364,11.084372487037514
manga-9033-9102,1-321725,6,0.4059154636320237,9.72618808566774,9.966186803124893
manga-9034-12701,1-198353,5,,,9.02142499496273
manga-9034-12702,1-198718,-2,1.0088906387158545,11.1706607736229,11.182927969236992
manga-9034-12703,1-198747,4,0.9198818608064876,10.110132853910864,10.215745925287967
manga-9034-12704,1-198212,-5,0.9789992249607629,10.820851905454123,10.943493031981648
manga-9034-12705,1-198664,2,0.67908143883081,9.72261903974282,9.857146675154958
manga-9034-1901,1-198237,1,0.5263961417355638,10.686846401754398,10.842526241499005
manga-9034-1902,1-198238,0,1.0195559296050511,9.602269301854117,9.670995940494716
manga-9034-3701,1-198706,-5,0.9073498983500521,9.424257172322966,9.583245262534573
manga-9034-3702,1-198233,6,0.2849446527355646,9.476548631854396,9.740793611612126
manga-9034-3703,1-198226,1,0.8766523528102645,9.22025894150874,9.417619477650156
manga-9034-3704,1-198663,1,0.6049516254890612,9.140914271918094,9.371332054710324
manga-9034-6101,1-198736,3,0.7380608939304061,9.273145550554037,9.412109273697771
manga-9034-6102,1-198704,2,0.6534924778963642,9.288704606575404,9.441500326979611
manga-9034-6103,1-198461,1,,,10.440403684743863
manga-9034-6104,1-198501,-2,,,11.465868929656022
manga-9034-9101,1-198505,1,,,10.894791642704357
manga-9034-9102,1-321895,-5,1.028614673131461,10.70232464739938,10.771728548561054
manga-9035-12701,1-247727,6,0.2275303997355671,9.3076783895544,9.547172673567882
manga-9035-12702,1-247911,-2,0.740707077803652,9.498485939953524,9.67508328109284
manga-9035-12703,1-209439,0,0.6752564531872913,9.28429251902482,9.462444420000367
manga-9035-12704,1-247897,5,0.42162680649979833,9.167553141744932,9.311783519178398
manga-9035-12705,1-247739,7,0.4341108189454914,9.164780935605986,9.367708060015042
manga-9035-1901,1-247804,0,0.8494427290571593,9.379960937896408,9.44040683545833
manga-9035-1902,1-247769,2,1.4314706111632418,10.502137327128686,9.987716750959247
manga-9035-3701,1-247714,1,0.4294674216811849,9.243708142417173,9.352161285417665
manga-9035-3702,1-247755,0,0.9403854321811664,9.52801883443798,9.560327555024871
manga-9035-3703,1-247871,2,0.35458556521010465,9.015129968308234,9.06753578969635
manga-9035-3704,1-247675,1,0.9808466148064916,10.439521395310868,10.486396470777214
manga-9035-6101,1-247669,1,0.8544767769992454,10.84970872857658,10.931680046505534
manga-9035-6102,1-247674,1,0.6990651930979936,10.886080561189225,10.924332535573003
manga-9035-6103,1-247747,-5,1.1411945634315401,11.004027025129865,10.98668576231356
manga-9035-6104,1-633257,1,0.5895686268813662,9.115482217821851,9.269580651520307
manga-9035-9101,1-247861,-2,1.1414300494890597,10.882860610318094,10.86918359254075
manga-9035-9102,1-247904,2,0.6269734117853609,9.197772015830932,9.337341436691046
manga-9036-12701,1-594082,6,,,9.208989253719114
manga-9036-12702,1-248208,3,0.941865308021395,10.329973059394824,10.135819343427277
manga-9036-12704,1-247975,4,0.5665520638799428,9.516094347212945,9.721756221985185
manga-9036-12705,1-210159,4,0.5816831584315381,9.292449819629864,9.511855297967228
manga-9036-1902,1-248133,-2,0.9429807379607631,9.593301933754125,9.71833391748803
manga-9036-3701,1-248003,-5,,,10.835065625617483
manga-9036-3702,1-594069,-2,,,11.017442385636302
manga-9036-3704,1-248214,-5,0.8824069747628158,10.448304313681634,10.567254634423037
manga-9036-6102,1-248037,4,,,10.53058513961518
manga-9036-6103,1-247664,2,0.31899513948435043,8.857377769100617,8.978448956729412
manga-9036-9101,1-247661,1,1.3585623207355653,10.894690330654399,10.671472763462562
manga-9036-9102,1-248213,2,0.7144801741973694,10.311648737666179,10.404126985909311
manga-9037-12701,1-199210,5,0.3777993868508247,8.92376267524651,9.16920697809102
manga-9037-12702,1-593910,5,,,9.453640882693673
manga-9037-12703,1-247758,5,1.0133864742403738,10.995230694149459,11.006701310497625
manga-9037-12704,1-593929,-5,,,10.908184662064492
manga-9037-12705,1-569199,-2,1.0576952142274614,10.562027075990297,10.550565870535731
manga-9037-1901,1-199442,-2,0.7904131655510191,8.643220213030377,8.809445234335769
manga-9037-1902,1-247775,-2,1.1921697540936478,9.732719209762411,9.651537737484018
manga-9037-3701,1-199415,2,0.489263635146461,8.543912766252934,8.788828506061671
manga-9037-3702,1-199449,-2,0.7412834562832948,9.41061823181574,9.57715733326218
manga-9037-3703,1-247782,-5,0.8336775030626242,9.499951549597768,9.627656654574231
manga-9037-3704,1-199454,-2,0.9815009632772593,9.991060508966832,10.110700794679781
manga-9037-6101,1-199396,2,0.4554174693409081,8.642639989641903,8.858668909577673
manga-9037-6102,1-199407,1,0.7105814569820659,8.953542902490698,9.098750988497821
manga-9037-6103,1-247774,-5,1.0512946427724437,10.615295725771764,10.666351344241606
manga-9037-6104,1-247713,-5,1.0123095643923001,10.929532489203755,10.990975619424157
manga-9037-9101,1-199432,6,0.45972722426904866,8.763820318085603,8.99825541405824
manga-9037-9102,1-247771,5,0.562565292220583,9.502706062100966,9.645381982245796
manga-9038-12701,1-569204,-5,0.9583137062584868,10.926950275215408,11.035837823235939
manga-9038-12702,1-199742,-2,1.064119914021795,10.976541080725884,10.994345312695707
manga-9038-12703,1-248056,4,,,10.705909874991896
manga-9038-12704,1-199741,6,0.44872190702649917,9.04562748320382,9.243868617688998
manga-9038-12705,1-247998,4,0.22786970376019156,8.850817253898082,9.084947860704448
manga-9038-1901,1-199744,0,0.831805682240379,9.791992766949463,9.93339616755983
manga-9038-1902,1-199756,-5,,,9.348030177445807
manga-9038-3701,1-199730,7,0.35243453260552116,8.983088964063919,9.186111209084002
manga-9038-3702,1-199750,2,0.443122999261508,9.423137029789862,9.612077819404913
manga-9038-3703,1-248077,-5,1.132488620101654,10.758429946067952,10.77766166941827
manga-9038-3704,1-199743,2,0.9503871438064877,10.479254029210864,10.596153779120941
manga-9038-6101,1-248055,-5,1.0875140301913362,11.200909124756812,11.216334835060117
manga-9038-6102,1-594097,-2,,,10.60007617015254
manga-9038-6103,1-199488,9,0.25416883752310326,8.259121911417656,8.391910291294328
manga-9038-6104,1-247994,1,0.5380988696381479,9.35228257375458,9.550049705064797
manga-9038-9101,1-248111,7,0.21195606119058397,8.520819750693859,8.722621584447136
manga-9038-9102,1-248096,5,0.6836141462690541,8.978647668285607,9.171267057676122
manga-9039-12701,1-559109,-2,1.0958923962690506,11.246892423285605,11.250666357943102
manga-9039-12702,1-262907,0,1.0593112643793852,10.752250527044588,10.750154180872036
manga-9039-12703,1-263104,-5,0.9650193677097327,11.297800974036065,11.33271308957463
manga-9039-12704,1-263197,2,,,10.784014281683298
manga-9039-12705,1-263495,-5,,,11.199354695978322
manga-9039-1901,1-262831,-2,1.0463791079114557,10.961737541166896,11.015405865309802
manga-9039-1902,1-263219,-2,,,10.650217157161062
manga-9039-3701,1-262966,-5,0.9979614586559826,10.94010361292594,10.981279366974858
manga-9039-3702,1-263083,-5,0.7956164040466867,10.870194888264145,11.075787763830006
manga-9039-3703,1-262876,-2,,,10.880874732068504
manga-9039-3704,1-262904,-5,1.0380057854104123,10.713072047189467,10.802073502433354
manga-9039-6101,1-263429,-5,,,11.32752240271682
manga-9039-6102,1-263490,2,,,10.966922291428322
manga-9039-6103,1-262883,-2,,,11.273059174134605
manga-9039-6104,1-253426,-5,0.9827548166545625,10.897755523417034,10.93702414058325
manga-9039-9101,1-262830,3,0.6639506023937223,10.877093582312659,11.060384279863836
manga-9039-9102,1-593805,-2,,,10.743791102678419
manga-9040-12701,1-296690,4,0.989280729031325,10.522809473578073,10.448462057176592
manga-9040-12702,1-265814,-2,0.9973332958036494,10.541138723753521,10.53072975193967
manga-9040-12703,1-296644,7,0.6342151868324422,9.46637862670691,9.573309159831267
manga-9040-12704,1-296466,3,0.8384754959343574,10.340946752808554,10.319401737130818
manga-9040-12705,1-296440,5,0.559142521749898,10.117727779222466,10.335074589568643
manga-9040-1901,1-296799,1,0.631132325261504,9.379533456389858,9.555507980639742
manga-9040-1902,1-296398,0,0.8498054292772608,9.956321989566833,10.076170583656921
manga-9040-3701,1-269740,-5,0.9934667215381019,11.352720660471208,11.36732982529461
manga-9040-3702,1-296812,-5,0.8373046414066394,10.114902509371827,10.282898414777716
manga-9040-3703,1-269412,-2,0.5093189939816227,9.081861536860405,9.332424319865076
manga-9040-3704,1-296119,2,0.6689006581089174,9.492470425450083,9.64052416865007
manga-9040-6101,1-633819,2,1.0003074636627716,10.594161937098262,10.608885301058239
manga-9040-6102,1-296659,2,0.7777793557451922,10.52735452244453,10.638655954104422
manga-9040-6103,1-633805,2,1.0023685891382499,10.542724461671703,10.597044353481609
manga-9040-6104,1-296599,2,0.6597621596634404,10.39728939588375,10.53201379161489
manga-9040-9101,1-296621,-5,1.0339687299372855,11.27075215972476,11.264269888805545
manga-9040-9102,1-296537,2,0.9131782449684849,10.598058195946049,10.62940450171973
manga-9041-12701,1-264513,5,0.3820500809369811,10.584823649992105,10.793435542666776
manga-9041-12702,1-264059,5,0.7083201206007246,10.246827943668977,10.335945080263754
manga-9041-12703,1-264254,4,,,10.464622170314794
manga-9041-12704,1-264488,0,1.0018983153725962,10.944916612472266,11.003594074362882
manga-9041-12705,1-633308,3,1.1163864027067163,10.952693090222077,10.908141200395608
manga-9041-1901,1-264158,1,1.207861517284048,10.510850329039156,10.416934929062107
manga-9041-1902,1-264510,3,0.7871927481338155,9.815936552988349,10.074037082470799
manga-9041-3701,1-316933,-5,1.010757966969912,11.316871273454957,11.326354297567303
manga-9041-3702,1-633256,4,0.5803538025789372,9.892677586543098,10.082727939149757
manga-9041-3703,1-264054,-2,0.985122840384097,10.482401914822532,10.585023959395047
manga-9041-3704,1-559120,2,0.8088225067259387,10.736210869964268,10.83923600689279
manga-9041-6101,1-264108,-2,1.223281884267628,11.253445676776698,11.130819263448545
manga-9041-6102,1-633214,4,0.4411893123745898,10.226449892649645,10.36501037282372
manga-9041-6103,1-264599,-5,0.9831822320217931,11.215740894525883,11.25511082095307
manga-9041-6104,1-264543,2,0.3523164084577637,10.09414235651933,10.348807029905965
manga-9041-9101,1-593982,2,,,10.447754776086779
manga-9041-9102,1-633219,5,0.5948577297587718,10.225188363189178,10.396764085827824
manga-9042-12701,1-375129,6,,,9.83917814867385
manga-9042-12702,1-375213,3,0.7355590066646442,10.604895978037467,10.681869604792048
manga-9042-12703,1-316872,3,0.7334603196835943,10.501007006966468,10.55053775409548
manga-9042-12704,1-633064,1,,,10.864385283564756
manga-9042-12705,1-316865,-5,0.9171307800135793,11.14824501534465,11.242026827443345
manga-9042-1901,1-375364,-5,,,10.340130675146716
manga-9042-1902,34-28,5,,,
manga-9042-3701,1-632935,-5,,,11.195334979266239
manga-9042-3702,1-316385,-2,,,11.232312384070799
manga-9042-3703,1-593972,-5,,,10.871851868482054
manga-9042-3704,1-593971,-2,,,10.825172218239246
manga-9042-6101,1-375134,3,,,10.430703778718753
manga-9042-6102,1-375053,3,,,10.896019980506935
manga-9042-6103,1-375009,1,0.9852205488473231,10.73923465772229,10.767141018153774
manga-9042-6104,1-316296,-5,,,11.138482695663694
manga-9042-9101,1-316402,3,,,10.964777551037974
manga-9042-9102,1-549071,3,0.673467240276505,10.171543247543413,10.331627693885785
manga-9043-12701,1-632513,-2,,,11.282239076160264
manga-9043-12702,1-632505,-5,1.0756624741338179,11.012112539588351,11.035505783094692
manga-9043-12703,1-632641,-5,0.8124176992732899,11.104651185893276,11.230888103070201
manga-9043-12704,1-632653,7,,,9.23956973394994
manga-9043-12705,1-549076,-2,0.9396265113629703,10.687169322782136,10.783907865052397
manga-9043-1901,1-374844,1,0.9356778085502633,10.479982110286027,10.483962239992957
manga-9043-1902,1-632488,-2,,,10.733642569887525
manga-9043-3701,1-632576,-5,0.9492701287536711,10.785082593320338,10.881260228701766
manga-9043-3702,1-374549,-5,,,10.979381726612976
manga-9043-3703,1-374994,-5,1.0885030473491177,11.021927018403366,11.050314007685595
manga-9043-3704,1-374514,-5,1.106543038435973,11.287808860232985,11.2558150341956
manga-9043-6101,1-374963,1,0.966952821199552,10.698864168838046,10.803352626576928
manga-9043-6102,1-632643,1,,,10.742646589938737
manga-9043-6103,1-374561,-5,1.0274104036621097,11.218850242932549,11.271000071940767
manga-9043-6104,1-315863,1,,,10.737861863005788
manga-9043-9101,1-632309,-5,1.0397342964444505,11.422931444608793,11.450553931487635
manga-9043-9102,1-632731,-5,,,11.217175880709492
manga-9044-12701,1-632610,4,1.1766579529992427,10.60361555017658,10.51080497290915
manga-9044-12702,1-316109,-2,,,11.372243484901931
manga-9044-12703,1-315502,-2,1.0507022596750275,11.740475361711486,11.77275578420224
manga-9044-12704,1-316145,-2,,,10.8879282833305
manga-9044-12705,46-51,0,2099.7331600123634,-2888.5696999908105,
manga-9044-1901,1-315675,-2,,,10.449432113117169
manga-9044-1902,1-632365,1,1.1091209905418715,10.407736018769079,10.370511239170781
manga-9044-3701,1-632371,2,0.9259237751171234,10.739375562091775,10.842511886833297
manga-9044-3702,1-315063,-2,0.9776530587628152,11.169856598081633,11.217541846284774
manga-9044-3703,1-316144,-5,,,10.695605117659065
manga-9044-3704,1-316138,-5,,,11.097236479722342
manga-9044-6101,1-316023,4,0.4763256014998021,9.717329076244937,9.944023953188628
manga-9044-6102,1-316030,-2,1.107704224638148,10.896814524254582,10.862510624791033
manga-9044-6103,1-315062,-5,0.9782252556818172,10.70358636398381,10.814718270341253
manga-9044-6104,1-632410,-2,,,11.258845521766254
manga-9044-9101,1-315626,3,,,10.616620429583548
manga-9044-9102,1-315770,-2,,,11.062074070410654
manga-9045-12701,1-314719,-2,1.022421735672669,11.281626873202743,11.350691780094374
manga-9045-12702,1-631824,6,0.3781515321647504,9.861023372475525,10.091399617185948
manga-9045-12703,1-315103,3,1.1194480492095842,10.64385410610694,10.616284319219405
manga-9045-12704,1-315206,5,0.6090416701348715,10.063219734885664,10.21069565437836
manga-9045-12705,1-374107,-5,1.0016021167067137,11.453027807622075,11.514426877131402
manga-9045-1901,1-314736,0,0.9760028408926793,9.480045756415466,9.633191630888765
manga-9045-1902,1-315099,1,1.033705084210105,11.016168531208235,11.043173584228276
manga-9045-3701,1-315134,1,1.1555159128132821,11.404300551743658,11.300584615523695
manga-9045-3702,1-373717,5,0.3740914385108489,9.362325893543971,9.582668906416975
manga-9045-3703,1-632035,11,,,11.281842084151524
manga-9045-3704,1-631986,1,,,10.956921547060434
manga-9045-6101,1-373995,1,1.0339776653500579,10.613509552022972,10.662534962554323
manga-9045-6102,1-373784,-5,0.9900054309687043,11.408590501401237,11.439386385101724
manga-9045-6103,1-314700,-5,0.9045798357853663,10.866907274230938,11.044696517110195
manga-9045-6104,1-315276,-2,,,11.024025679553075
manga-9045-9101,1-631890,3,0.6457139421947495,10.707968232782633,10.744968548282817
manga-9045-9102,1-314676,-5,1.0659252310466876,10.737537113964148,10.79017675285298
manga-9046-12701,1-559171,-2,0.8107975399684904,11.139638880446052,11.247619798234398
manga-9046-12702,1-296414,4,0.9559512161821999,10.525052215595524,10.576123572384033
manga-9046-12703,1-296301,-5,0.9311748020619603,10.61567613935182,10.714222430472955
manga-9046-12704,1-295671,2,0.79943866826763,10.881680731176699,11.056874373461314
manga-9046-12705,1-296298,7,0.388540808106292,9.49526432868746,9.751510050270042
manga-9046-1901,1-633776,1,1.0092152579842448,10.364962321023027,10.431029067621406
manga-9046-1902,1-265495,1,48.75408821683595,17.976484383363285,10.317231533110812
manga-9046-3701,1-295681,5,,,10.3135761877381
manga-9046-3702,1-633824,0,0.9671514763582572,10.459593244064656,10.5467918178053
manga-9046-3703,1-295307,0,0.5783665162239586,9.242374784387007,9.411164973755188
manga-9046-3704,1-295761,2,0.6849267990694159,9.961492281870095,10.145957386466343
manga-9046-6101,1-295644,2,0.858736388204921,11.248672893941002,11.269627340062208
manga-9046-6102,1-295684,-5,0.9284592066137343,11.269444723445153,11.345630505999248
manga-9046-6103,1-296277,4,0.9341568852676332,10.801047565876702,10.873938755161019
manga-9046-6104,1-295787,-5,0.8595183366900265,11.568056207065037,11.66914015092582
manga-9046-9101,1-296174,-5,1.0188092356961498,11.159637421451878,11.214981529349735
manga-9046-9102,1-296538,-5,1.0871489419454967,11.083725354905992,11.072363880359354
manga-9047-12701,1-296190,-2,1.0277646191314638,11.102213075999384,11.17338442470736
manga-9047-12702,1-295449,2,0.7314570124577635,9.84572537291933,9.987421793783547
manga-9047-12703,1-269638,4,0.897856079217835,10.914093734200165,10.974183199536707
manga-9047-12704,1-295355,-5,0.9628580494254102,11.239233657223252,11.28508900867501
manga-9047-12705,1-270107,5,,,10.251966554315514
manga-9047-1901,1-295721,-5,0.9859315703840963,10.87827755782253,10.913674008232935
manga-9047-1902,1-295760,-2,1.0244185088102569,9.990355321108733,10.02365980554118
manga-9047-3701,1-295343,0,0.42246518498086516,9.509095852836985,9.76247674617615
manga-9047-3702,1-270074,-5,1.0195415914890624,10.792535162518096,10.820827810829
manga-9047-3703,1-295839,-5,0.8537151990837479,11.00406084133816,11.08612482090567
manga-9047-3704,1-295448,1,0.6645725529045734,9.574852346977563,9.732692033766122
manga-9047-6101,1-295474,-2,1.0802599601382532,10.736984317771707,10.725130506327305
manga-9047-6102,1-633981,-5,1.0173261339100321,10.864020670457988,10.882521691979095
manga-9047-6103,1-270072,-5,0.9777941469689715,11.046969481635351,11.080965421750992
manga-9047-6104,1-270129,3,0.6666829940458925,10.854675095942182,10.924816135027498
manga-9047-9101,1-295790,4,0.7561140355530078,9.492411545586826,9.535362487553407
manga-9047-9102,1-270068,3,0.6382755347792362,9.55639202164409,9.719815868201792
manga-9048-12701,1-295299,6,0.2658798393295889,9.275201242468052,9.479104341288966
manga-9048-12702,1-295352,7,0.5469897906199819,9.28805364724924,9.44660084650269
manga-9048-12703,1-296149,5,0.7241816583893694,10.228475053048008,10.243102567645174
manga-9048-12704,1-295955,7,0.34323633985082225,9.322338087546507,9.558876497255136
manga-9048-12705,1-295525,-2,1.0628987845545197,11.070135985733666,11.012676969993143
manga-9048-1901,1-295996,1,0.5892671939684888,10.52805605184605,10.762715315936758
manga-9048-1902,1-295542,-5,0.5884335778350653,10.112598414648602,10.124676995325471
manga-9048-3701,1-295887,-5,1.0467331337149233,11.065211428303305,11.069608904532888
manga-9048-3702,1-296316,-5,1.1671234915040607,10.940416217171649,10.781101646554223
manga-9048-3703,1-295303,-5,0.9416009103990888,11.510228316476079,11.497569553307095
manga-9048-3704,1-295367,-5,0.9044370355850582,11.241937148409006,11.276983104129243
manga-9048-6101,1-318513,0,0.7128227896355206,9.442422692071029,9.58385369038446
manga-9048-6102,1-318518,-2,0.9519145402925311,11.273856028954507,11.329922377392442
manga-9048-6103,1-295709,-5,0.9495503979816213,10.974673633260405,10.999879683763945
manga-9048-6104,1-295935,1,0.5869712310844122,10.715825325802717,10.840624177283905
manga-9048-9101,1-296334,3,0.6435474103690026,10.022050780231037,10.158477082464632
manga-9048-9102,1-633934,-5,1.0635772747287753,10.853015993382073,10.817647329125112
manga-9049-12701,1-295190,3,0.8970158095418732,10.77646153166908,10.860630233345935
manga-9049-12702,1-295476,3,0.7957095209039053,10.788089338671146,10.887572293394207
manga-9049-12703,46-287,-2,2099.6802399986973,-2888.5777999967945,
manga-9049-12704,1-270135,2,0.9944466770762013,10.418089870342417,10.343770847146242
manga-9049-12705,1-269630,-5,1.020681342570061,10.80808304341592,10.857711735286623
manga-9049-1901,1-269632,3,0.429603020978238,10.937561766753433,11.081318497927715
manga-9049-1902,1-295359,-2,0.9528384401403365,9.760545778266096,9.794524991488249
manga-9049-3701,1-295095,-2,0.9290815001821962,9.80991251999552,9.946978601693077
manga-9049-3702,1-269634,6,,,9.808275132999265
manga-9049-3703,1-270160,-2,1.0596551407874486,11.006692622225323,10.992580025333353
manga-9049-3704,1-295155,7,0.36525006266344207,8.600913853183753,8.832722813920832
manga-9049-6101,1-295506,9,,,7.840735114670429
manga-9049-6102,1-295832,2,0.412634193922198,9.526414886493738,9.62426971671914
manga-9049-6103,1-270005,4,0.5209230928926836,9.194423169615469,9.392874502964213
manga-9049-6104,1-269984,3,0.5879309695652637,10.194216991960511,10.392001877816872
manga-9049-9101,1-269986,3,0.9212630212178361,10.278664466400166,10.343993168276832
manga-9049-9102,1-269982,4,0.5384414846564347,9.812315873777168,10.006786830998449
manga-9050-12701,1-318499,6,0.4993520067001036,9.322532775645932,9.516489099568002
manga-9050-12702,1-295241,-5,1.0153757328926787,11.133975793615466,11.187089031970226
manga-9050-12703,1-294992,1,1.0355890453160121,10.912721185683871,10.890945544287867
manga-9050-12704,1-295629,3,0.9090252883840932,10.935420031622527,11.021342309215738
manga-9050-12705,1-295183,2,0.9057691840285784,10.857995776398203,10.878111434678503
manga-9050-1901,1-295212,-2,0.9175935319032504,10.624878970605439,10.751548529380678
manga-9050-1902,1-294969,-2,0.856774957601484,9.9492028224924,10.068734878537947
manga-9050-3701,1-318279,-5,1.1205916958102584,11.008764982808735,10.89359921787224
manga-9050-3702,1-318255,2,0.42196402053810544,9.277474701371212,9.507676452135845
manga-9050-3703,1-318164,-5,0.9655781561208983,10.608786336609414,10.685712187663091
manga-9050-3704,1-318725,2,0.4515123366130993,10.530736468318048,10.697325260666783
manga-9050-6101,1-550824,-5,1.0456529739161589,11.178391521984365,11.205699567113417
manga-9050-6102,1-318728,-5,0.606837683379382,9.128710559944585,9.347396374347557
manga-9050-6103,1-318519,1,0.7921255937853608,10.874193992030932,11.014121342041001
manga-9050-6104,1-295272,-2,1.0118761481420293,10.875410198969583,10.915809135011273
manga-9050-9101,1-318601,3,0.46536141614012294,9.957913718931838,10.166098419506401
manga-9050-9102,1-318621,2,0.9430074942479258,10.352438596945209,10.484972830063974
manga-9085-12701,1-178399,5,0.585512612724731,9.858349088189618,10.076370973736733
manga-9085-12702,1-178549,7,0.4324647780925268,9.515348236387863,9.658955318558208
manga-9085-12703,1-178557,2,0.8287394957981853,10.221668175452162,10.248618095032732
manga-9085-12704,1-178578,2,1.082642817523766,11.097926294603138,10.994228700713622
manga-9085-12705,1-178542,3,0.8474916880435792,10.152756647451758,10.22376842522224
manga-9085-1901,1-177972,-2,0.7163340222101091,9.656357467008238,9.888127802495054
manga-9085-1902,1-178374,-2,0.6083355065418772,10.487799034369084,10.769843868102802
manga-9085-3702,1-178315,1,0.6013958029686108,9.6982660896633,9.823784514957332
manga-9085-6101,1-178403,1,0.9380997456381479,10.62566354535458,10.68505886718494
manga-9085-6102,1-178485,-2,1.032446764017358,11.292748720142528,11.30352003690728
manga-9085-6103,1-178335,5,0.5111785645902529,9.750157865976249,9.990519551193497
manga-9085-6104,1-178526,1,0.9510944215108523,10.156230938843972,10.187306340786224
manga-9085-9101,1-177985,2,0.8804692630936479,10.355920481662412,10.472172610932923
manga-9085-9102,1-178342,5,0.4465189129154048,8.978180590721411,9.198665332973896
manga-9086-12701,1-318397,4,0.8763502534753869,10.609463872435505,10.659311378038037
manga-9086-12702,1-317823,4,0.533084370406641,9.567871663271829,9.797518901722789
manga-9086-12703,1-265530,3,0.9175815583990925,10.86450205327608,10.908133688061362
manga-9086-12704,1-265551,3,0.8291481883793885,9.785595455444591,9.903515929508425
manga-9086-12705,1-296030,6,0.4730286146892695,9.392106580702082,9.59655751255341
manga-9086-1901,1-318122,0,0.817397724021788,9.808412431725877,9.98358930512682
manga-9086-1902,1-318137,0,0.865792343327989,10.031172673862969,10.199804526095287
manga-9086-3701,1-317860,-2,0.9064325863007419,9.8803112394962,9.984850775998817
manga-9086-3702,1-317878,0,0.8179863642772602,9.477724798066834,9.641508813014559
manga-9086-3703,1-295953,3,0.6113397509754037,9.862118915135627,9.9690294420308
manga-9086-3704,1-317857,-2,0.8075646481420264,9.64638514896958,9.80532275410913
manga-9086-6101,1-318474,3,0.882159246186756,11.130459546056592,11.059729985407396
manga-9086-6102,1-318141,4,0.39452920671652336,9.229420719529319,9.532597699057984
manga-9086-6103,1-318128,1,0.9621450910135785,10.664600825444648,10.740410854029525
manga-9086-6104,1-318370,0,1.1273591144890602,10.357085961818093,10.278883869758056
manga-9086-9101,1-265548,-5,1.0439885757322784,10.938051552285364,10.939139203503093
manga-9086-9102,1-295998,-5,0.8864054027322794,10.870041137985366,10.947232213483844
manga-9087-12701,1-376312,4,0.8412319660933782,10.710757834328295,10.820338099489302
manga-9087-12702,1-376355,6,0.37905544583138706,8.860847285949133,9.042378598139877
manga-9087-12703,1-317981,6,0.4006422743409068,9.104433095141903,9.314206512127194
manga-9087-12704,1-633593,4,0.5204523788268602,9.913222589688306,10.102529747553032
manga-9087-12705,1-446131,5,0.49031774600669564,10.273052882255314,10.496374669142584
manga-9087-1901,1-376195,-2,1.0523737265381001,10.360753705971208,10.344209477814426
manga-9087-1902,1-376323,-2,0.8076995141708743,9.393944382162365,9.537598744880215
manga-9087-3701,1-376344,-2,0.8720928827724457,10.353451869771767,10.494783308924003
manga-9087-3702,1-317979,0,0.647061551645816,9.411268996667575,9.589252384496499
manga-9087-3703,1-376341,-5,1.0200208824315347,10.95618918802986,10.99958157290893
manga-9087-3704,1-633628,2,,,10.246661041538065
manga-9087-6101,1-443132,1,0.48248381782818583,10.024419794959272,10.1839584729451
manga-9087-6102,1-376388,-5,0.9932079242335874,11.290541790477137,11.32039557023647
manga-9087-6103,1-376166,-5,1.0691102623937248,10.986286168312663,10.963980384812725
manga-9087-6104,1-376179,1,0.8773897371995467,10.32156138443804,10.441908696322825
manga-9087-9101,1-376071,3,,,10.835504767834944
manga-9087-9102,1-317951,3,1.0051871807301893,9.769987665290973,9.798174663086117
manga-9088-12701,1-265639,4,0.6039145392710381,10.517856120142053,10.61415448586129
manga-9088-12702,1-265589,2,0.8723271829059911,10.959728915365535,11.013056424844345
manga-9088-12703,1-265772,5,0.6490101830067019,9.56926591895532,9.703113323885738
manga-9088-12704,1-265560,5,0.6109199631565438,10.764357968594298,10.903133414268806
manga-9088-12705,1-296074,2,0.8943653616137333,10.580930633945151,10.703240635799137
manga-9088-1901,1-296694,6,0.3832371413048712,9.239577375786432,9.428034311293853
manga-9088-1902,1-265547,0,0.8207485326961503,9.555023684151877,9.733861444276489
manga-9088-3701,1-265704,-5,0.889973793383156,10.656279291342459,10.768493065587071
manga-9088-3702,1-265632,1,0.9391083322479261,10.21604266274521,10.333793765710697
manga-9088-3703,1-265618,1,1.2586663402485918,10.398025220730695,10.170560923363201
manga-9088-3704,1-265758,-5,1.0580121856750324,10.78104568831149,10.792917427854684
manga-9088-6101,1-296005,2,0.5697700520217879,9.847179656525878,10.082160398205163
manga-9088-6102,1-265769,4,1.0204574972097475,10.476439236015256,10.330667375973567
manga-9088-6103,1-265801,-5,1.0459550765585632,11.064123720945888,11.11467102079406
manga-9088-6104,1-296457,-2,1.1102478367566881,10.76244870439479,10.689068998399096
manga-9088-9101,1-265117,5,0.5663730096320236,9.53599355426774,9.744999799010097
manga-9088-9102,1-265750,11,,,11.172775097176741
manga-9089-12701,1-376168,5,0.2957122166183481,10.37265552368515,10.485041066855741
manga-9089-12702,1-318105,5,0.35061260252038196,10.191134562296163,10.422977019810977
manga-9089-12703,1-318146,11,0.8295319343210785,11.045059723114635,10.99886021982767
manga-9089-12704,1-318089,2,0.9154399850931618,10.52307299437311,10.587265219786664
manga-9089-12705,1-594190,-2,,,11.32995894665093
manga-9089-1901,1-376342,-2,0.6925697261647521,9.371976457875526,9.567255810752808
manga-9089-1902,1-317862,-5,1.0582221724104102,11.206264748889467,11.199316274253103
manga-9089-3701,1-376321,0,0.9196007796477694,10.136804628044707,10.237186705913755
manga-9089-3702,1-318009,5,0.3746100323023356,9.566912159061745,9.774593599169663
manga-9089-3703,1-318069,5,0.4355789361934228,9.449931507811666,9.66795980089255
manga-9089-3704,1-376348,3,0.6580435771798747,9.646259510625402,9.662226912730592
manga-9089-6101,1-376025,2,0.6376926926265547,9.990904653187307,10.10394048508302
manga-9089-6102,1-318024,-2,0.9470736300701681,10.904115620133048,10.97350700269713
manga-9089-6103,1-559146,0,1.1396574462629196,10.992499084798759,10.90990834942562
manga-9089-6104,1-317809,2,0.6510211351959541,10.85342584353635,10.948500011579233
manga-9089-9101,1-318145,2,0.6798175107778128,9.562082035935186,9.731782905405636
manga-9089-9102,1-265597,3,0.46908417524037915,9.409531513249464,9.65794935015627
manga-9090-12701,1-561324,-5,0.9740933211420248,11.049306813269581,11.113909943754038
manga-9090-12702,1-296681,6,0.33923359493795147,9.210232182370712,9.45190918693322
manga-9090-12703,1-269177,4,0.8711713878035603,10.139123175936518,10.087277286954594
manga-9090-12704,1-296849,5,,,10.182873814429028
manga-9090-12705,1-633755,3,1.035330555237362,10.978730842975011,11.02636981157372
manga-9090-1901,1-296900,-2,0.9646605348102604,9.996446437708737,10.08992982668225
manga-9090-1902,1-296716,3,0.7701614270515762,9.409553365477802,9.489677291663698
manga-9090-3701,1-296733,2,0.8525557459562378,10.42434600807237,10.442866855486681
manga-9090-3702,1-297190,2,1.0841191582288836,10.500610379659667,10.506856655023324
manga-9090-3703,1-269135,1,0.9542790002101071,10.101876806808235,10.196355836873465
manga-9090-3704,1-633775,1,0.5249594353377063,10.229604418953203,10.359763410026682
manga-9090-6101,1-265670,2,0.551285384654566,9.119837292217037,9.337616976392729
manga-9090-6102,1-296822,2,0.6118882739816236,9.025627984860407,9.255465481992463
manga-9090-6103,1-269055,0,0.9829777487724449,10.250697630371768,10.317319386423318
manga-9090-6104,1-269084,0,1.0122666017067097,10.366363521122071,10.440187806374768
manga-9090-9101,1-633584,4,49.43677974583594,18.598612517263277,11.1545548199938
manga-9090-9102,1-296801,-5,1.0791612583711796,11.078033886463363,11.059979716944161
manga-9091-12701,1-633458,0,1.0529248312925326,10.917646457054506,10.925511656050379
manga-9091-12702,1-265272,11,0.9098008937301927,11.128812393590975,11.23899398884514
manga-9091-12703,1-264729,4,0.7203728014518767,9.837780050728533,9.896243393096729
manga-9091-12704,1-633683,3,0.7491079108281866,10.904891781259273,10.891589302314527
manga-9091-12705,1-265285,-5,0.9929092087421694,10.643526599450304,10.72391927399742
manga-9091-1901,1-265375,-2,0.6540217270523954,8.900727775751735,9.14457732082055
manga-9091-1902,1-265713,1,1.0558003278677823,10.378113599577201,10.390406924056792
manga-9091-3701,1-317727,1,0.9959319306242911,10.894842220915343,10.937542464566528
manga-9091-3702,1-317791,-5,0.9998042695231035,10.631032422617656,10.66398063022569
manga-9091-3703,1-265124,-2,0.8885334414315338,10.09300289492986,10.288472800599783
manga-9091-3704,1-318148,1,0.36415048804348515,9.65667378243475,9.805627254119871
manga-9091-6101,1-265134,2,1.0933658842101117,10.386724971208242,10.384217171636019
manga-9091-6102,1-633545,-5,1.0152253729032452,10.925342103705434,10.991562302151971
manga-9091-6103,1-264682,6,0.06511091586308027,8.28466283015973,8.286031848287074
manga-9091-6104,1-265783,3,0.8038441035674317,10.210462280792827,10.323219088410129
manga-9091-9101,1-265247,5,0.381589147988862,9.436053129263028,9.604103958121426
manga-9091-9102,1-265474,1,0.9297664087259321,10.669220338164262,10.651660761183157
manga-9092-12701,1-317568,-5,0.9805903777891345,10.733581773848574,10.81151535330348
manga-9092-12702,1-633414,-2,,,11.286530567447736
manga-9092-12703,1-548979,4,0.49697288853197463,9.815971826684367,10.033737299402201
manga-9092-12704,1-318071,-2,0.9625298221103407,11.32688818515899,11.41435320059581
manga-9092-12705,1-633549,2,1.0084185013875917,10.932564349725816,10.951179608987733
manga-9092-1901,1-317967,-2,0.40233814918729394,8.882234472624823,9.15749303338262
manga-9092-1902,1-317962,0,0.6953496309808642,10.231543391436983,10.254448978025131
manga-9092-3701,1-317534,-5,0.9308234157384057,10.686570415732671,10.766116027385413
manga-9092-3702,1-375992,4,0.47563980971389697,9.680714861224837,9.831745672413133
manga-9092-3703,1-317471,-5,1.0077658070513955,10.86021819578162,10.909203423005891
manga-9092-3704,1-317540,-2,1.014891983284052,10.609088009639162,10.632696139076051
manga-9092-6101,1-318034,3,0.7780290935695184,10.69699398228722,10.724136545251493
manga-9092-6102,1-317560,5,0.5221588891401225,9.30223866323184,9.53414799617254
manga-9092-6103,1-317742,-5,0.8879856142403746,11.010177228149459,11.090194544626987
manga-9092-6104,1-559150,-2,0.9531017840466909,11.20811288626415,11.302380720311971
manga-9092-9101,34-30,5,2099.55578003168,-2888.596849982501,
manga-9092-9102,1-317938,3,0.8081806271196612,10.101434186076927,10.148402117453188
manga-9093-12701,1-265338,3,0.7094629528474421,10.212829330039536,10.29026172139099
manga-9093-12702,1-265069,6,0.30057114080035774,9.112858694384483,9.364123056110087
manga-9093-12703,1-296766,-5,1.034732403061959,11.066234888451818,11.09241533852659
manga-9093-12704,1-296922,4,0.6120400683521368,9.908259371817355,10.117976865135478
manga-9093-12705,1-594273,5,0.2857308433663839,10.186585486847491,10.419063124492547
manga-9093-1901,1-265373,0,0.7496132824671804,9.366075150354279,9.52905801572464
manga-9093-1902,1-265646,6,-0.01002437513221821,8.389185862277198,8.40232673670661
manga-9093-3701,1-559154,-5,1.0067298872403825,10.377677252449466,10.39513585591216
manga-9093-3702,1-633582,4,0.4803918289931204,9.29510664828974,9.541723984651771
manga-9093-3703,1-265671,-5,0.9182570444747249,9.919474005350022,10.03250594243681
manga-9093-3704,1-296702,-5,0.9634860337891382,10.386987123448577,10.496818985699855
manga-9093-6101,1-561319,1,1.0882225872615088,11.262838000589863,11.165555908930905
manga-9093-6102,1-296732,2,0.77877486738684,10.207433970123327,10.300025614903866
manga-9093-6103,1-296892,4,0.30987140082006803,9.857015791215979,10.054329560005737
manga-9093-6104,1-296778,7,0.4754955450701672,8.665262946633046,8.741822620842393
manga-9093-9101,1-296771,2,0.8990093177628147,10.18365897498163,10.288155289727682
manga-9093-9102,1-297192,9,0.5188197078945684,9.030054829824289,9.257227250037804
manga-9094-12701,1-317497,4,0.7862646341879582,9.919300431310306,9.969994741086662
manga-9094-12702,1-265226,-2,0.9129931083922997,11.294594699603753,11.37525747306131
manga-9094-12703,1-594116,2,0.7604051970897849,10.233936519687068,10.266231696689893
manga-9094-12704,1-559153,-2,0.9076552143725962,11.159125413372266,11.23249803706485
manga-9094-12705,1-317783,3,0.5127499619039106,9.532681931771151,9.739828573789008
manga-9094-1901,1-264755,1,1.0854712376372113,10.288798446774514,10.312873109187237
manga-9094-1902,1-265404,9,0.10271597610740457,10.41677185500324,10.532463903157277
manga-9094-3701,1-317653,4,0.5360186928200648,10.768196708415974,10.91751863796602
manga-9094-3702,1-559157,-5,1.0909372265524375,11.189988069478815,11.161008437306002
manga-9094-3703,1-265378,-5,1.0964939705796937,10.804852951506055,10.817659225195884
manga-9094-3704,1-317694,-5,0.9573721167445335,10.836861582359049,10.944869416800634
manga-9094-6101,1-264784,2,1.0277268644264694,10.394472085420569,10.255077028600937
manga-9094-6102,1-264715,-5,1.00491056087834,10.992705648947393,11.031368062885774
manga-9094-6103,1-264815,-5,1.0528730376050568,11.153676944654121,11.193769992409807
manga-9094-6104,1-265180,3,0.31852036594944266,9.88925659140004,9.973950846785376
manga-9094-9101,1-317695,0,1.0401593557724453,11.512375914071766,11.51597446126444
manga-9094-9102,1-559149,-5,1.007957772108913,11.317843482850078,11.352307962842767
manga-9095-12701,1-376413,2,0.7395234890163245,10.893922836845448,10.97947507563457
manga-9095-12702,1-376419,2,0.891441301457764,10.85592082281933,10.892402397246059
manga-9095-12703,1-318330,2,0.6709305492968767,11.17105255546039,11.241919853150197
manga-9095-12704,1-318315,4,0.7472023294753853,10.352857844035505,10.467800425116174
manga-9095-12705,1-376608,4,0.5396780273295825,9.923944993268048,10.135733566275803
manga-9095-1901,1-317822,2,0.5928793657438938,10.395270430131943,10.431953682119799
manga-9095-1902,1-376429,0,0.8902123161934234,9.809911665811669,9.912498917377562
manga-9095-3701,1-376285,2,0.6505274557001037,10.152926181545931,10.294624924079969
manga-9095-3702,1-318401,1,0.7468525323650468,9.176245986376516,9.325298051125467
manga-9095-3703,1-318434,0,0.9718332552584883,10.373599791115407,10.441588315905493
manga-9095-3704,1-376616,0,0.9596949427792332,10.70214807444409,10.69626200462675
manga-9095-6101,1-318435,4,,,10.26343721796771
manga-9095-6102,1-318321,1,0.7846226506810581,10.630421270399921,10.712309539432594
manga-9095-6103,1-318364,-5,1.088670284960763,11.225593271454123,11.12251077061032
manga-9095-6104,1-318463,2,0.7018057918376961,9.779368155732158,9.886636217651507
manga-9095-9101,1-317837,6,0.23757603115258874,9.183717863339778,9.396516667268777
manga-9095-9102,1-318334,3,0.5748523658596945,10.252224555313218,10.419387326087646
manga-9181-12701,1-71950,-5,1.0738244584066372,11.080405904071826,11.057996832763125
manga-9181-12702,1-71872,-5,0.9768381273958049,11.382467932307048,11.422758863386964
manga-9181-12703,1-71976,-5,0.644464603400511,10.842484310084984,11.024756504174883
manga-9181-12704,1-71953,-5,0.9981409886477763,10.954246149944712,11.022618050044663
manga-9181-12705,1-548626,3,0.6424234553922155,10.717114560365824,10.759151671752038
manga-9181-1901,1-121803,-2,0.8301733943295915,9.745908892968057,9.865201131978683
manga-9181-1902,1-122057,-2,0.6272774759215309,9.430041467508254,9.621530430206203
manga-9181-3701,1-121784,0,0.6549003708813608,9.506687048221849,9.669754674180464
manga-9181-3702,1-71736,-5,1.1419491988548671,11.420734633518032,11.33970379543123
manga-9181-3703,1-584664,5,0.3909940038405324,9.012488739549964,9.230482130863015
manga-9181-3704,1-548609,-5,0.9233424508003623,11.336317415384489,11.340878192319437
manga-9181-6101,1-548613,-5,0.9764504411368335,10.867112627562804,10.844227959637166
manga-9181-6102,1-71790,1,0.6057784352070037,9.382009686056316,9.57484581888207
manga-9181-6103,1-548617,-2,0.5677854013486332,10.873055702314062,11.208688532944102
manga-9181-6104,1-122067,4,0.6122270778375132,9.012674307655743,9.238593019866615
manga-9181-9101,1-71763,2,0.5486606072178333,9.340739179000165,9.553800527119176
manga-9181-9102,1-122044,4,0.7509357624891813,9.666674174535341,9.777328206770521
manga-9182-12701,1-71891,-2,1.034417341093377,11.462909446828295,11.428447438314064
manga-9182-12702,1-43864,5,0.6257591274847094,10.100376321253444,10.186232850295186
manga-9182-12703,1-43868,3,0.8385139342990477,10.662072708392712,10.767520965369798
manga-9182-12704,1-72289,3,0.8826588984577661,10.647014015519332,10.707721726942129
manga-9182-12705,1-72209,4,0.574396225611558,9.541677766912827,9.691613641072019
manga-9182-1901,1-72056,-5,1.0191373089372853,11.106234448624761,11.139957755812176
manga-9182-1902,1-71820,2,0.6606087000271614,10.8073278046893,10.948500011579233
manga-9182-3701,1-604915,4,0.43019480857893555,9.552357021143097,9.809241115181122
manga-9182-3702,1-72231,-5,1.1743428201821935,11.330392531995518,11.244578918632365
manga-9182-3703,1-72199,0,1.02017793429253,11.003253034354504,11.028286509426277
manga-9182-3704,1-72166,-5,0.9688159565381014,11.009248198971209,11.030603769425953
manga-9182-6101,1-72087,2,0.7854095024263437,10.532951255303317,10.683896774848863
manga-9182-6102,1-71987,1,0.6037618300762055,10.48069450264242,10.62631777936778
manga-9182-6103,1-72325,-2,0.9699428252110422,10.814686344127837,10.865135967871982
manga-9182-6104,1-72350,0,1.041504085258488,10.430028944115406,10.45186162487951
manga-9182-9101,1-72275,-5,1.0470473233768374,11.121193673560171,11.165994713051564
manga-9182-9102,1-72203,4,0.6463982576714287,10.160114600809788,10.296636675041249
manga-9183-12701,1-121911,-2,0.5575337619057734,9.202621383331277,9.474593557426585
manga-9183-12702,1-604992,5,0.6354522127437718,10.076481333835623,10.22636529705611
manga-9183-12703,1-72242,3,0.6490217520677817,9.640125814006003,9.780788082748755
manga-9183-12704,1-122059,1,0.9794097274263507,10.854747402803323,10.883790285119165
manga-9183-12705,1-153938,-5,0.4586300499816218,9.844790226460406,10.110771469949285
manga-9183-1901,1-72155,-2,0.8369138742758402,8.92268289175793,9.076829700943831
manga-9183-1902,1-121992,-2,0.9781918370466869,9.503203108564145,9.592758388994467
manga-9183-3701,44-50,-5,,,
manga-9183-3702,1-72211,0,1.045230972327989,9.898671017762968,9.943237721508812
manga-9183-3703,1-122304,0,0.3153215521454946,9.93460364789526,10.187563020187039
manga-9183-3704,1-122141,0,0.9447124864958489,10.607314465690418,10.6648694035826
manga-9183-6101,1-122284,-2,0.568593714961608,9.873063769256719,10.04414369769495
manga-9183-6102,1-122151,-2,0.7995108070802495,8.764765762413944,8.902422832790274
manga-9183-6103,1-584741,-5,,,10.921934498621303
manga-9183-6104,1-72070,-2,0.9608372861239189,10.84727454490364,10.871977271561025
manga-9183-9101,1-122094,3,0.8121311659807766,10.33889129107812,10.275714358663436
manga-9183-9102,1-122119,6,,,9.357132184766565
manga-9184-12701,1-201913,4,1.0850498118383385,11.056747260927759,11.091891958789411
manga-9184-12702,1-201916,6,0.3446015449727504,8.620054770852999,8.810327971616557
manga-9184-12703,1-153018,7,0.4093543021089161,8.913334905850082,9.177859575624064
manga-9184-12704,1-153103,-2,0.9346805069652042,10.658149021277021,10.735985122266623
manga-9184-12705,1-201875,3,0.8687069483650482,10.80678205197652,10.871387269997262
manga-9184-1901,1-153224,-5,0.6345469404073043,8.971713295457311,9.181154456152136
manga-9184-1902,1-153248,2,0.8312676776355197,9.140695812871027,7.840500671268175
manga-9184-3701,1-153077,-2,1.1318939891048743,10.158984796557629,9.999309357207123
manga-9184-3702,1-153086,1,0.9746597904996257,10.132955582488295,10.216719967190278
manga-9184-3703,1-153247,3,0.5163337093643889,8.722103311891036,8.926100017954754
manga-9184-3704,1-201922,3,0.007356150386961247,9.223428661340575,9.557391695493424
manga-9184-6101,1-201822,-5,0.9297800027226479,10.69932364469523,10.692284527144848
manga-9184-6102,1-201973,1,0.9577033043841006,10.664748457222533,10.705819254667823
manga-9184-6103,1-201915,1,0.8210162394577587,10.571345198619326,10.688322806867363
manga-9184-6104,1-201816,3,0.7719852836115528,9.991387834712821,10.076836978422937
manga-9184-9101,1-201938,-5,,,11.147849389333524
manga-9184-9102,1-153207,6,0.33349421529905143,9.023985445492713,9.29264587508718
manga-9185-12701,1-177231,5,0.6621241426372109,10.173731222274512,10.379332716970776
manga-9185-12702,1-177685,-2,0.7720687939555795,10.84909849968689,11.032634875374827
manga-9185-12703,1-634624,-5,,,11.218569638266121
manga-9185-12704,1-177308,-5,1.0623270769156932,10.841230844374566,10.890333815787736
manga-9185-12705,1-547339,7,,,9.211165944826737
manga-9185-1902,1-176983,4,0.5432578582314136,10.145595060444814,10.310370391530292
manga-9185-3701,1-177104,-5,,,11.29641506991221
manga-9185-3703,1-177049,-5,0.9643553364747213,11.02216134255002,11.093400670404685
manga-9185-6101,1-561034,1,0.8724741462690524,10.764780508285606,10.924757780333401
manga-9185-6102,1-176960,7,,,8.993248363017461
manga-9185-6103,1-546965,-2,1.0595298999161606,10.909179508584367,10.943761539745715
manga-9185-6104,1-547418,4,0.5540244378926822,9.181387109115468,9.349698986893555
manga-9185-9101,1-634515,-2,0.4228855136237186,10.604923785827644,10.661280609191264
manga-9185-9102,1-547375,1,1.0639202839215294,10.930651740308253,10.906838014761748
manga-9186-12701,1-178065,4,0.7560200365108471,9.89802713534397,10.026239004906744
manga-9186-12702,1-178022,5,0.6572162282826319,10.371761891830255,10.48827143741275
manga-9186-12703,1-178138,5,0.7793653020994071,9.597550728477195,9.665761987497564
manga-9186-12704,1-178180,-5,1.0055538013500502,10.936850189622966,10.965018628259266
manga-9186-12705,1-177965,5,0.6389252653636355,9.959963749367619,10.144639580353154
manga-9186-1901,1-178031,2,0.5224835162640353,9.292940591235471,9.47511598244147
manga-9186-1902,1-547551,1,0.8483135200802501,10.138250390713946,10.265753851131688
manga-9186-3701,1-177942,-2,0.9091808799114531,9.904541986366894,10.046229746096534
manga-9186-3702,1-178103,2,0.9872305141103332,9.865219842358984,9.945602496569528
manga-9186-3703,1-547596,3,0.6486522456627704,9.912437413298262,10.054590075404953
manga-9186-3704,1-178027,2,0.9417932685078299,10.196313378269517,10.295217324603005
manga-9186-6101,1-178095,2,0.9301454220121599,10.764695770235745,10.802427519607695
manga-9186-6102,1-178497,5,0.7830516664753873,10.611918670735506,10.70704018388451
manga-9186-6103,1-634665,2,0.7740458059304096,10.888659009754042,10.924474674619608
manga-9186-6104,1-178183,-2,0.9647398975078332,9.97993652216952,10.093736784562338
manga-9186-9101,1-547548,2,49.298083879835936,18.199984256663274,10.792679489330075
manga-9186-9102,1-547579,1,0.8948440568118592,10.860159522913822,10.901829792140393
manga-9187-12701,1-96290,-5,0.9849364308630726,11.143608516659723,11.19191747672906
manga-9187-12702,1-96597,6,0.41391526744445173,9.374341460708795,9.631633477731961
manga-9187-12703,1-96632,6,,,9.771385350970016
manga-9187-12704,1-595895,5,,,10.634149662389097
manga-9187-12705,1-96747,4,0.44542791526150793,9.85109992538986,10.012752887491216
manga-9187-1901,1-96245,1,1.0388841528630763,10.274547546859726,10.322795903026268
manga-9187-1902,1-96474,-5,0.7716107149215361,9.209061762408258,9.36630152458912
manga-9187-3701,1-96537,3,0.8162657048813635,10.74289930762185,10.859528566443577
manga-9187-3702,1-96548,4,0.8001485391593732,10.208343384812098,10.295670438758854
manga-9187-3703,1-96585,-2,1.013030747051399,10.223867949781624,10.300671554839232
manga-9187-3704,1-96475,-2,0.37773424740663586,9.152001803971825,9.382307076045784
manga-9187-6101,1-96483,-2,0.7875733816319261,10.920634342529798,10.908918025095854
manga-9187-6102,1-595900,5,,,9.502116994038282
manga-9187-6103,1-96589,2,0.854061944223961,10.225252219187006,10.307354815763512
manga-9187-6104,1-96461,0,0.46409409532151,9.86720163392501,10.059305869668705
manga-9187-9101,1-96448,5,0.637393636888909,10.318174309617596,10.519046610851671
manga-9187-9102,1-96469,8,0.20339129169379788,8.63495512796291,8.877859508705832
manga-9188-12701,1-51079,6,0.3744145351708781,8.999731253262368,9.232927532165009
manga-9188-12702,1-50963,7,0.26910777763201565,9.578341783067733,9.827325970701235
manga-9188-12703,1-51128,5,,,10.343071663338165
manga-9188-12704,1-583321,4,,,10.221395978831646
manga-9188-12705,1-51136,7,0.37714776185694987,8.83492858931242,9.088483385385915
manga-9188-1901,1-51001,1,0.3738721191621259,10.309014500491974,10.450807787462647
manga-9188-1902,1-50955,2,0.5475785479221962,9.129921827893737,9.361756158647207
manga-9188-3701,1-51008,9,0.44428143192503455,8.578887286911543,8.84233147689039
manga-9188-3702,1-50956,-2,0.9298574351913409,10.600401570256816,10.706385748658487
manga-9188-3703,1-51165,1,0.3465121981042074,8.581240879232608,8.827923420355665
manga-9188-3704,1-50971,-2,1.0269454941420229,10.489327127569577,10.53650288972446
manga-9188-6101,1-50949,-5,0.682384734123918,11.362399361703638,11.561423405743845
manga-9188-6102,1-51113,4,0.6363164396199856,10.965508173149244,11.123881028321188
manga-9188-6103,1-51120,2,0.6133558021658629,10.237201098912234,10.315092477681013
manga-9188-6104,1-51118,1,0.8321163409687031,9.708039782401237,9.839378104149286
manga-9188-9101,1-639823,5,,,11.09856412670549
manga-9188-9102,1-50982,7,0.39162493208135984,9.791907669350653,10.011811416512327
manga-9189-12701,1-51314,3,0.6092375165516799,9.444779312315857,9.610616518559278
manga-9189-12702,1-51436,-5,0.9148855635231001,10.831822718017655,10.898920350905177
manga-9189-12703,1-51327,5,1.0667303905231016,10.939538303717653,10.932829780777292
manga-9189-12704,1-51329,5,0.4722205793321237,10.691577705134598,10.85163987088699
manga-9189-12705,1-51430,4,0.8391732072274571,10.820730592290293,10.899492743521808
manga-9189-1901,1-51521,-5,0.9064878034944286,9.852777263081512,9.93494564524127
manga-9189-1902,1-51568,0,0.5805827769221956,9.167619531793736,9.38166730374205
manga-9189-3701,1-583421,1,,,10.373603379160608
manga-9189-3702,1-51332,3,0.46809021099924664,9.225250097976582,9.466793502343535
manga-9189-3703,1-639142,-2,,,11.326128907180324
manga-9189-3704,1-51414,4,0.28352368306515174,9.446240892422448,9.615944793822129
manga-9189-6101,1-639143,-5,,,11.297377462958215
manga-9189-6102,1-604068,2,0.237757794236785,10.025738781329164,10.243583675998192
manga-9189-6103,1-51326,-2,0.5066560712232011,8.70913884468451,8.954337078829314
manga-9189-6104,1-51336,3,0.8793751467158621,9.59689111642291,9.709523508140823
manga-9189-9101,1-51296,3,0.645125834645814,10.265913711967574,10.417282322779448
manga-9189-9102,1-51315,4,0.3947006223948364,10.254635713749371,10.458977598735457
manga-9190-12701,1-51387,7,0.3809839822547154,8.951507936417533,9.213174967387719
manga-9190-12702,1-51369,5,0.9450450561905868,10.64140310519386,10.619448137873926
manga-9190-12703,1-604111,5,0.8141983589607626,10.290007264854124,10.451451761739191
manga-9190-12704,1-51612,5,0.50332552310892,9.185248396950085,9.412242085209915
manga-9190-12705,1-51348,6,0.747698379346005,9.519475380351437,9.647454368518243
manga-9190-1901,1-51621,0,0.8248047448208276,9.289619537778938,9.470520741320987
manga-9190-1902,1-51623,-2,0.6117291384202161,8.528186209416473,8.679269777371408
manga-9190-3701,1-51539,-5,0.846579700152585,11.268494071239775,11.408829933469994
manga-9190-3702,1-51523,3,0.6316277891059876,9.516793657915269,9.63374611327414
manga-9190-3703,1-51755,5,0.2485353339494516,8.607175440200049,8.796585433247028
manga-9190-3704,1-51616,11,0.3472793316416478,9.08581579775787,9.347636353244853
manga-9190-6101,1-51739,2,1.2203028626372152,9.538615534274516,9.371791698885946
manga-9190-6102,1-51378,3,0.4066128352342524,10.091070517683551,10.338751235691184
manga-9190-6103,1-51610,7,0.539415871136832,8.442549840562803,8.689238691361306
manga-9190-6104,1-51737,1,0.8623449128102614,9.554145517508736,9.701497179786323
manga-9190-9101,1-51397,3,0.7572120080626235,10.427370245097766,10.517794784815356
manga-9190-9102,1-51727,6,0.7406598782206757,9.159848619717975,9.364139956445129
manga-9191-12701,1-179062,2,0.8403043876660625,11.1427083843673,11.196281221288885
manga-9191-12702,1-635330,4,0.5307059103663789,10.637455456547487,10.772973392858681
manga-9191-12703,1-179083,5,0.6149388596960605,10.338997368874407,10.478534751979938
manga-9191-12704,1-178957,-2,0.9425629945313112,10.866000026098884,10.917395740485958
manga-9191-12705,1-635343,5,0.5288784816458083,10.094526459667568,10.275746582843535
manga-9191-1901,1-179028,-5,0.48998707950122267,9.01839621335384,9.231905195585558
manga-9191-1902,1-179198,5,0.36414536971323486,9.387686623960285,9.598643893956602
manga-9191-3701,1-178731,4,48.70861837583594,17.61384225026328,10.81522366065448
manga-9191-3704,1-178972,1,0.9034215215040611,10.518592090171648,10.575135865083897
manga-9191-6101,1-178745,2,0.7012667424399304,10.440437056647973,10.541888630935318
manga-9191-6102,1-178735,1,0.8820051575087646,10.456372623949584,10.488384299071484
manga-9191-6103,1-376993,-5,0.9131515804784982,11.406881493347896,11.443854164421083
manga-9191-6104,1-178988,-2,0.702579956949446,10.791051249500041,10.942929268611625
manga-9191-9101,1-179060,2,0.6152780446403483,11.060791654666213,11.070444249972947
manga-9191-9102,1-179069,5,0.6387487951708763,10.354906219262364,10.531814726734774
manga-9192-12701,1-289694,4,0.8102241691157097,10.161480614222409,10.264390399153948
manga-9192-12702,1-109223,2,0.7170816225094327,10.906321400635072,11.05618423928603
manga-9192-12703,1-37603,5,0.7437812286982322,10.123296996206728,10.262930210512087
manga-9192-12704,1-37601,5,0.3889933483487553,10.521878955931312,10.706961737817027
manga-9192-12705,1-293356,-5,0.767549451820063,11.139019635315975,11.251621188958106
manga-9192-1901,1-37421,2,0.738483421836488,9.635963174278437,9.734325285655755
manga-9192-1902,1-109206,2,0.8727596530936452,9.62842963066241,9.70003359098065
manga-9192-3701,1-37169,2,0.9502815855313145,10.037819584198886,10.117456908588547
manga-9192-3702,1-37143,-5,0.7047526118799432,9.484809774012946,9.603049055641359
manga-9192-3703,1-109275,1,0.5447102516906881,9.583638584710982,9.804471332814494
manga-9192-3704,1-37396,2,0.5163596447423515,9.13481107772672,9.375961574885146
manga-9192-6101,1-37415,6,0.2114348525406342,9.669195937395894,9.949045850531661
manga-9192-6102,1-37418,2,0.9803708632417951,10.31191866731883,10.293066293580008
manga-9192-6103,1-37568,-5,1.046715266233587,11.186548162677138,11.154998796858298
manga-9192-6104,1-37407,4,0.3583865659652048,9.45474077817702,9.714592101676617
manga-9192-9101,1-37409,11,0.26691415395228546,8.62199720873878,8.86431049986206
manga-9192-9102,1-37606,2,1.153851579714921,10.675480766903302,10.58257012299916
manga-9193-12701,1-37440,1,0.8831677289235245,10.535052045364704,10.45483266911511
manga-9193-12702,1-37822,7,48.76407632883594,16.802362762563277,9.54760489134693
manga-9193-12703,1-109270,0,0.6453194165796923,8.919282390106055,9.130738920969693
manga-9193-12704,1-37863,1,49.110131526835936,17.984417104363278,10.446948588865217
manga-9193-12705,1-37388,2,1.300311108305177,11.224586525279555,10.993877795862188
manga-9193-1901,1-109234,1,0.9859375190347066,9.716401738385047,9.711930331969867
manga-9193-1902,1-37791,-5,1.0550903264406841,10.309612787210927,10.314250748038209
manga-9193-3701,1-37784,5,0.401275847803646,8.944682906953519,9.208535407558811
manga-9193-3702,1-37813,1,0.8042696375902558,9.488963770276253,9.655793225981684
manga-9193-3703,1-37877,0,0.864879774960766,10.219357030454125,10.356555488173324
manga-9193-3704,1-37341,-5,0.6971793821743795,9.626895560765657,9.810671296725038
manga-9193-6101,1-37797,-2,0.9870662792629226,10.211937005098761,10.229044136131204
manga-9193-6102,1-37386,2,0.7342361895510159,10.138363531430373,10.248355865801368
manga-9193-6103,1-37787,-2,0.9535799692772606,9.888995103566833,9.977273534506464
manga-9193-6104,1-37338,2,0.37833370760147744,9.171692847492395,9.44003962335259
manga-9193-9101,1-37385,2,0.8617312975782703,10.722482639897148,10.820500960250273
manga-9193-9102,1-37335,5,0.2581914840135795,9.058488541744651,9.194122884222024
manga-9194-12701,1-37400,-2,0.22657846925187997,9.54167933349973,9.811700316599183
manga-9194-12702,1-289729,7,,,9.554639350253462
manga-9194-12703,1-603974,4,0.7636874825693063,10.570609709332036,10.625795874712832
manga-9194-12704,1-37427,6,0.34113800462429467,9.220178814315346,9.462588147297563
manga-9194-12705,1-37796,6,0.4888893889917014,9.359886796980836,9.6230486413647
manga-9194-1901,1-37775,-5,0.8147090421314616,9.487813465299382,9.679608663592939
manga-9194-1902,1-37755,0,0.9591629808691984,9.668787732166333,9.777813092895196
manga-9194-3701,1-603965,-5,0.8617025027724416,11.093782211771764,11.24297848421569
manga-9194-3702,1-37862,1,0.21942219785269046,10.431341906906638,10.785862053475379
manga-9194-3703,1-37846,-5,0.7979712835524317,11.00535984817881,11.142777279338684
manga-9194-3704,1-37754,-5,0.9429359539727464,10.709259512752993,10.815555169736768
manga-9194-6101,1-37336,2,0.8437629432826306,10.850604098330255,10.883384306612802
manga-9194-6102,1-547747,1,0.7671723400173569,9.972586341742526,10.101093766736659
manga-9194-6103,1-37633,-2,1.0087557952479216,10.250530716045207,10.279703437849738
manga-9194-6104,1-37751,4,0.6098091041579607,9.4268057790032,9.60732632430073
manga-9194-9101,1-37818,3,0.6762788629904897,10.873185915927113,10.998138538922701
manga-9194-9102,1-37904,-5,0.7127300550067908,10.984025259172325,11.19173877195371
manga-9195-12701,1-42680,6,0.5399714894996244,8.839326263388292,9.098799421026243
manga-9195-12702,1-42813,3,0.9452806363180919,11.31592914223872,11.285307461570708
manga-9195-12703,1-41910,4,0.4047549543749511,8.611112930461235,8.832815365369948
manga-9195-12704,1-602964,7,0.43128199770973197,9.039230827036064,9.289225402059802
manga-9195-12705,1-602993,4,0.9347672557259372,10.004802905864267,10.026688487865203
manga-9195-1901,1-42253,-2,0.8794918936660636,8.703453768967302,8.755971608752507
manga-9195-1902,1-42615,2,0.4819292769752792,9.606376605818376,9.77244933533222
manga-9195-3701,1-42707,-5,0.6978081294140992,8.919301994029642,9.098889352823258
manga-9195-3702,1-42250,1,0.7068401295256379,10.839202465363272,10.928601683639833
manga-9195-3703,1-603039,1,0.5410452759127793,10.04651336033786,10.240631606667844
manga-9195-3704,1-42660,2,0.7756125363051751,9.924089360079552,10.075966455076692
manga-9195-6101,1-42703,-2,1.0052173331760699,10.889052726808679,10.903398769144557
manga-9195-6102,1-42704,-2,0.5924415976818196,8.91276255618381,9.124197632545755
manga-9195-6103,1-558630,-5,0.9664673578889094,11.222392950717595,11.276303223270464
manga-9195-6104,1-603028,4,0.4504251845802614,10.459094001193133,10.63930516335686
manga-9195-9101,1-42646,3,0.7041033587261474,10.277587216019448,10.379399801098309
manga-9195-9102,1-558592,-5,0.9717317219652024,10.859610577777017,10.8701187693614
manga-9196-12701,1-595146,2,,,10.71804307098042
manga-9196-12702,1-25771,-2,0.9279428155313134,11.175948177198887,11.263962554221985
manga-9196-12703,1-24660,3,0.718473942185117,10.779807679492496,10.799857259189611
manga-9196-12704,1-24652,2,0.9380329647566832,10.498859609194787,10.52489439842758
manga-9196-12705,1-24519,-5,0.9971289743725968,11.006643429372264,11.069734678695697
manga-9196-1901,1-24547,0,1.139303704120902,10.28248026340942,10.250968623385027
manga-9196-1902,1-24553,1,0.7052429787587755,9.672876949089181,9.829038611415685
manga-9196-3701,1-24623,-2,0.9965257240217937,11.189205631725882,11.2132600257061
manga-9196-3702,1-24641,0,0.9118245004220853,10.840785623255677,10.815751033106556
manga-9196-3703,1-24661,1,0.9326037092239616,10.840297980687007,10.861014379967925
manga-9196-3704,1-24798,3,0.9631019790121584,10.300612298935745,10.313854570831094
manga-9196-6101,1-24557,0,0.9901638204134287,10.94978811694415,10.980233418506375
manga-9196-6102,1-24533,-5,1.0412906541314584,10.967943494499377,11.000399367242576
manga-9196-6103,1-24603,4,0.8176624648024422,10.209969755278873,10.314480281121002
manga-9196-6104,1-24822,3,0.5495108530435786,10.505029948951757,10.665671029783722
manga-9196-9101,1-24814,3,0.6074886283786363,10.364402657321175,10.502986698753512
manga-9196-9102,1-24524,-5,1.0266254310466891,10.454059333964148,10.464501470248535
manga-9484-12701,1-121566,9,,,8.736662575537666
manga-9484-12702,1-121546,-2,0.8451890595319718,11.546916562784364,11.62958695077245
manga-9484-12703,1-153300,3,0.8102927646190992,10.254823152608566,10.357019579049672
manga-9484-12704,1-153332,3,0.6163295185936306,10.396687257003528,10.445484327680303
manga-9484-12705,1-153116,11,0.4620544745910955,10.664285131778843,10.763330640785671
manga-9484-1901,1-121648,0,0.9071977131464593,10.771165716052934,10.86055001032959
manga-9484-1902,1-153284,4,0.3401291474876409,8.550798354809189,8.822390402157472
manga-9484-3701,1-153260,2,0.895814274046689,10.19519394526415,10.284667557161432
manga-9484-3702,1-121576,2,0.8865647808677828,10.6922880618772,10.805183346936252
manga-9484-3703,1-121604,-5,1.006955684374951,10.789346973461235,10.850165120880494
manga-9484-3704,1-153263,-5,0.8553198633937242,10.666359317412661,10.83350664306403
manga-9484-6101,1-153153,5,0.7699468457326333,9.972425664677724,9.92371174747931
manga-9484-6102,1-153279,5,0.5184836699699105,9.239370510754958,9.413368507959806
manga-9484-6103,1-153339,4,0.502848033074784,9.950565830712584,10.122173266157747
manga-9484-6104,1-548620,-5,1.1109727780513943,10.828333211881619,10.790453358981663
manga-9484-9101,1-153293,3,0.8339896891048753,10.52547886655763,10.563523800783711
manga-9484-9102,1-121622,6,0.5061806098102615,8.887921420208738,9.14721860566141
manga-9485-12701,1-71869,1,0.9577544742629271,10.544417879598765,10.61777068755949
manga-9485-12702,1-121612,7,0.3366549992925272,8.574668825854502,8.775171927813743
manga-9485-12703,1-121936,5,0.6353617669684866,9.71847020614605,9.93849720932592
manga-9485-12704,1-122054,-2,0.8632107082772578,9.690515848466832,9.861731501177587
manga-9485-12705,1-153627,3,0.5073312372503622,10.460470169973812,10.577119387796195
manga-9485-1901,1-122002,0,0.35647037738684517,10.305662911123331,10.39489100658779
manga-9485-1902,1-121607,-5,1.0016577578208263,10.780881096078938,10.847323979042638
manga-9485-3701,1-121789,1,0.6820672256020472,9.587819589539938,9.63574906793621
manga-9485-3702,1-121837,1,0.783331168363631,9.723177206667614,9.86366005106563
manga-9485-3703,1-121871,-2,0.8324854541368367,9.887739185862806,9.919975056232543
manga-9485-3704,1-605037,-5,0.9494181577451961,10.625746380644532,10.67786052125699
manga-9485-6101,1-121851,1,1.0064316362403787,11.159303588349465,11.14837125733224
manga-9485-6102,1-121947,-5,0.997300505364386,11.198731235491035,11.255226660488374
manga-9485-6103,1-71811,-5,0.8748713948677853,11.190373169277201,11.315056737345508
manga-9485-6104,1-121973,1,0.9584887021760657,10.223078204708676,10.314648668609976
manga-9485-9101,1-71516,-5,0.9361381255524357,11.106955270378812,11.194916537059632
manga-9485-9102,1-121994,9,0.3866676533937259,8.434881206412664,8.668829304383285
manga-9486-12701,1-122088,5,0.7495031513091313,11.031969220634075,11.085832661808274
manga-9486-12702,1-72207,4,0.3666101097272616,10.388610687635229,10.57808997876641
manga-9486-12703,1-122364,4,0.5102634097445282,8.999927888659045,9.20173568738695
manga-9486-12704,1-72393,5,0.42102809555452225,9.084746695833669,9.342047446258668
manga-9486-12705,1-122412,0,1.1578060590135806,9.957238674244651,9.869859232510903
manga-9486-1901,1-122333,0,0.6686283700931632,8.83665819787311,9.008855563996212
manga-9486-1902,1-122586,1,0.974193123376839,10.975491253560172,11.051943183341951
manga-9486-3701,1-548633,-5,0.6060815825789341,8.808784384543095,9.03606570385912
manga-9486-3702,1-72169,4,0.42280918820842217,8.93817232566522,9.207690905457673
manga-9486-3703,1-72193,-2,0.3397212179752813,9.286717448918377,9.554690209371143
manga-9486-3704,1-72128,-2,0.7549045434317172,9.065975707845812,9.237161551732708
manga-9486-6101,1-72210,-5,1.0142854890135808,10.87529208724465,10.89198044619004
manga-9486-6102,1-122361,0,0.9907796127499005,10.678300087322468,10.685679947981484
manga-9486-6103,1-122329,-5,0.9021698607384039,11.06719196523267,11.178884901622947
manga-9486-6104,1-122334,-5,0.8806243755850609,10.597575142409008,10.694669241680389
manga-9486-9101,1-548636,-2,1.1799450398379037,11.028405985387337,10.890732235484217
manga-9486-9102,1-72382,4,0.44549383810052134,9.480272931672049,9.556133575620084
manga-9487-12701,1-44618,5,0.7274462540497098,10.314217691538603,10.473665030790048
manga-9487-12702,1-45151,6,0.22256519780223272,9.164318532723692,9.428788983795698
manga-9487-12703,1-45529,2,0.46477679607620814,10.128806573242422,10.31861629066767
manga-9487-12704,1-45581,4,0.23063304885806346,9.971904030449132,10.181454834729632
manga-9487-12705,1-45606,-5,0.9490656363160106,10.71944254378387,10.810395179889449
manga-9487-1901,1-44625,-5,1.0528269600619602,10.48398361715182,10.516526119424675
manga-9487-1902,1-45175,-2,1.0392033493279946,10.228033108462972,10.257901663344825
manga-9487-3701,1-45187,-2,0.9533396115782686,10.465048417297146,10.530484010355817
manga-9487-3702,1-574506,0,49.43044751683593,17.814072413363274,10.52890513606944
manga-9487-3703,1-45539,1,0.27870504544915775,9.655674148586114,9.754833587396387
manga-9487-3704,1-44974,5,0.3406932433643881,9.055277991291037,9.260750932586667
manga-9487-6101,1-45020,1,0.6005279229842415,9.397258872523022,9.58886418453577
manga-9487-6102,1-45131,5,0.3290149458313856,9.233550735949132,9.371734500614417
manga-9487-6103,1-45089,3,0.3459128715510218,8.668356097630378,8.8663068375824
manga-9487-6104,1-45593,4,0.5010763686320203,9.294339141167738,9.538596352722092
manga-9487-9101,1-45179,2,1.119058331267631,10.939867804476702,10.84157468700757
manga-9487-9102,1-574504,2,49.23067013483595,18.100358277163284,10.701910623037278
manga-9488-12701,1-384095,5,0.454129420283202,9.77484379919873,9.951163571857325
manga-9488-12702,1-384128,7,48.92051624483594,16.637974878163277,9.349786335134485
manga-9488-12703,1-605249,6,0.4440323023457964,8.883806986796257,9.133596384718736
manga-9488-12704,1-384125,5,0.6272027439032435,8.733230959805432,8.966773699377756
manga-9488-12705,1-412736,8,0.4195705372772629,8.776856312366837,8.881346418910816
manga-9488-1901,1-412833,-2,0.9114925971020362,9.62901308666075,9.646871100983748
manga-9488-1902,1-384110,-2,0.27232630282082226,8.623021355578933,8.772487469937207
manga-9488-3701,1-384097,-5,0.8035045365319746,9.331181663484367,9.494508010430643
manga-9488-3702,1-384124,3,0.9349946174399264,9.798887819147971,9.820318394449384
manga-9488-3703,1-412892,4,0.5202417115700584,9.135768021315917,9.313312402782806
manga-9488-3704,1-412880,-5,1.019749505531312,11.074180456198883,11.1043710107921
manga-9488-6101,1-384171,0,0.7314991635258465,9.273497015697522,9.385768880181503
manga-9488-6102,1-384105,-2,0.5891248220435799,8.668733486851758,8.855313165228484
manga-9488-6103,1-384344,2,0.7599088375094283,9.227768957135066,9.386142108930818
manga-9488-6104,1-556821,-5,0.7388947491464641,10.520078023652939,10.78981542155871
manga-9488-9101,1-412858,3,0.5849719214944287,8.715665576881513,8.943402503000481
manga-9488-9102,1-384100,6,0.23961298684732313,9.49295268352229,9.685638749349614
manga-9489-12701,1-384246,-5,1.0281732759114561,11.399275269966896,11.430081508616656
manga-9489-12702,1-383753,7,0.4717691796014769,8.788517802692393,8.92785777235544
manga-9489-12703,1-383806,6,0.17954176981327663,9.427285910443654,9.646917125375307
manga-9489-12704,1-556819,6,0.4551553089454927,8.904383754605988,9.141443501954726
manga-9489-12705,1-384253,5,0.500393510271131,9.578285493179989,9.797563895895284
manga-9489-1901,1-412812,-2,0.8386277752732845,9.100535757493272,9.315808766247779
manga-9489-1902,1-384147,-2,0.8540249146900258,9.265165706865039,9.428395616482074
manga-9489-3701,1-412566,0,0.9972356733749486,9.969163293361232,10.036676792847485
manga-9489-3702,1-383812,-2,0.7062298878379032,9.112941542187338,9.291719519311648
manga-9489-3703,1-605216,5,0.217898654937283,9.010434577224759,9.123106497263722
manga-9489-3704,41-95,1,2099.678280004262,-2888.578099997403,
manga-9489-6101,1-384186,-5,0.8768318882840518,9.51812524513916,9.66361989977218
manga-9489-6102,1-383751,2,0.7400152686810593,9.812298934199923,9.905502835058027
manga-9489-6103,1-584895,-2,,,9.808871705352324
manga-9489-6104,1-605215,4,0.8652244131048761,9.90256837495763,9.963594239926044
manga-9489-9101,1-384256,4,0.9224864073831611,10.681007398742466,10.797045834753844
manga-9489-9102,1-384185,0,0.8029644461511687,9.301370292530873,9.382213421814145
manga-9490-12701,1-382729,-2,,,9.96523934138665
manga-9490-12702,1-382980,7,0.3505955560933707,9.524978703328289,9.73255538380197
manga-9490-12703,1-383562,4,0.5538565593051743,9.513723709379551,9.729283880245166
manga-9490-12704,1-383648,6,,,9.336975777258274
manga-9490-12705,1-412544,2,1.090615412046688,10.980025141064147,10.98319493536444
manga-9490-1901,1-383667,-2,,,9.954930562138996
manga-9490-1902,1-383017,-2,0.8328728173357156,9.702963195754895,9.855681455771414
manga-9490-3701,1-383608,0,0.9786986077874431,10.09336903192532,10.057316093445914
manga-9490-3702,1-383025,7,0.5335845358874884,9.27691926320869,9.510477984281346
manga-9490-3703,1-383612,-5,1.1133812558745753,10.214891743049527,10.117596066246993
manga-9490-3704,1-383589,0,0.29195187574377357,9.505985207135625,9.7134552604843
manga-9490-6101,1-383208,4,,,10.466708992379102
manga-9490-6102,1-383264,2,0.8750379319684924,10.054944607646053,10.127250619043195
manga-9490-6103,1-383623,-5,1.037066403203319,11.015020455435913,11.098356408151751
manga-9490-6104,1-383292,3,0.4738278785418686,8.551679379569077,8.799305390858132
manga-9490-9101,1-556855,-5,1.0219023815902517,11.105576460676248,11.14133687351863
manga-9490-9102,1-383319,-2,1.0038681015902533,11.337673312676252,11.382190005100231
manga-9491-12701,1-382817,3,,,11.09350223231401
manga-9491-12702,1-382816,7,,,9.501097620919579
manga-9491-12703,1-382465,4,,,9.800217214637394
manga-9491-12704,1-382809,3,,,10.350860252022049
manga-9491-12705,1-382748,-5,,,11.108734108602365
manga-9491-1901,1-382806,-2,,,10.077273404153706
manga-9491-1902,1-382793,2,,,11.100463598251205
manga-9491-3701,1-382711,-2,0.4837262189379494,9.26624458077071,9.531661537790619
manga-9491-3702,1-382860,1,,,9.457015470518174
manga-9491-3703,1-383214,-2,,,10.59494032198922
manga-9491-3704,1-383107,-2,,,10.62265224229337
manga-9491-6101,1-382712,3,0.33512454803790703,10.285787884216147,10.481608861238335
manga-9491-6102,1-382818,3,,,9.652580880029864
manga-9491-6103,1-382848,5,,,9.136384413627084
manga-9491-6104,1-382839,-5,,,11.189032477107327
manga-9491-9101,1-382505,3,0.4058160300497029,9.353686333138597,9.566945149028086
manga-9491-9102,1-382736,6,,,9.264784777606996
manga-9492-12701,1-382648,6,0.5406302827423559,10.148839523526725,10.34134548013507
manga-9492-12702,1-297860,0,0.8802169100135799,11.11018699834465,11.208105293215187
manga-9492-12703,1-298089,4,0.4857712043337621,9.915820548956834,10.080088696627376
manga-9492-12704,1-382459,3,0.8716831861048746,10.74048874925763,10.787973814567797
manga-9492-12705,1-382322,4,0.42351773220558186,10.784692689526482,11.029473062699232
manga-9492-1901,1-297902,-2,0.9733459334890533,9.998099034718088,10.08351695274497
manga-9492-1902,1-297822,-5,0.7351714356386303,10.104838335883416,10.340011588126455
manga-9492-3701,1-297987,-2,0.87520077167569,9.954847352057431,10.094778484975707
manga-9492-3702,1-297924,1,0.7504352302955475,10.05671124218942,10.248355865801368
manga-9492-3703,1-297910,-2,0.9669257923409091,10.274607948941906,10.375659956728796
manga-9492-3704,1-297846,0,0.8520730330332853,9.912377788476142,10.047496826668194
manga-9492-6101,1-382326,2,0.9032197747536692,10.004665051920338,10.103386324167968
manga-9492-6102,1-382349,3,0.8966957925707248,10.448240389561867,10.496125320610677
manga-9492-6103,1-297950,2,0.6628349234140956,10.160925139429636,10.304337549900232
manga-9492-6104,1-556831,2,0.889184234772447,10.047599732971769,10.177611521067954
manga-9492-9101,1-297936,-5,1.0498894140701687,11.529023174533048,11.561108542290308
manga-9492-9102,1-382306,6,0.6030174983486312,9.050711245014062,9.27928813979783
manga-9493-12701,1-384809,4,0.6562506488064876,9.175576264710864,9.392649477178896
manga-9493-12702,1-384930,7,0.3502782631525889,8.100956734539778,8.318691354889847
manga-9493-12703,1-385415,-5,0.9558705454890557,11.083680763918087,11.189616625333572
manga-9493-12704,1-385455,5,0.35126292928404723,9.329520698239154,9.528586356678888
manga-9493-12705,1-385499,7,0.4663999908313876,8.670475945449134,8.89903379387389
manga-9493-1901,1-384424,-2,0.7797894742615092,9.678471532289864,9.861584587790384
manga-9493-1902,1-413033,2,0.970702891239835,10.238423939581226,10.140303732025501
manga-9493-3701,1-384789,-5,0.9990435513749496,10.803745423161233,10.87403685836881
manga-9493-3702,1-384429,5,0.5244746476050537,8.635439795654118,8.848386198840332
manga-9493-3703,1-385422,-2,1.0314955921760713,10.10905190370868,10.179238595598141
manga-9493-3704,1-384952,5,0.2594020121464631,9.445715856952937,9.698686751983514
manga-9493-6101,1-413061,2,0.7453946053923026,10.920898982303758,11.019294958596547
manga-9493-6102,1-384945,1,0.6942150276646402,10.872535549137464,11.0042181628307
manga-9493-6103,1-384929,2,0.5653487182736647,9.498214242725606,9.713428376571937
manga-9493-6104,1-413040,3,0.36873899002858224,9.307275690998205,9.550361679344155
manga-9493-9101,1-384936,3,0.561230875728775,9.305347942482072,9.478303819508662
manga-9493-9102,1-413103,3,0.44062008535137664,10.238130596314859,10.402484922073764
manga-9494-12701,1-412866,5,0.5479178134761398,8.591070276519387,8.807689236111218
manga-9494-12702,1-605233,6,0.411874702258487,8.833774618815406,9.016163880586152
manga-9494-12703,1-384413,5,0.4620292193650535,8.989939098076523,9.221088068482732
manga-9494-12704,1-384396,6,0.36110781976272577,9.876015746243697,10.09656591549778
manga-9494-12705,1-384849,6,0.3294203074890625,8.512407158118096,8.750698887236675
manga-9494-1901,1-384818,1,0.9421094831913344,9.91989744705681,10.017517474733998
manga-9494-1902,1-412851,-2,0.6894071111621223,9.23304908769197,9.411084082603287
manga-9494-3701,1-384400,1,0.582977675861585,9.600310343376933,9.925634340146848
manga-9494-3702,1-383782,-5,0.8477880084298448,9.848540879706606,9.99559264042719
manga-9494-3703,1-384486,-5,0.40464384655847496,9.059108173988186,9.268498406338445
manga-9494-3704,1-384821,3,0.3827704487438943,10.187439025431944,10.332119186642025
manga-9494-6101,1-412897,-2,0.9509800984066423,10.38841502807183,10.481261993236528
manga-9494-6102,1-384388,5,0.5756524115169768,8.370867461330814,8.563439552515439
manga-9494-6103,1-384394,10,0.473776732619104,8.206551101408571,8.374378030007673
manga-9494-6104,1-384808,1,,,10.816234006435423
manga-9494-9101,1-384872,-2,0.9875009048121477,10.989284569907673,11.072194733930493
manga-9494-9102,1-384848,4,0.5355741811401238,9.96504718043184,10.138166861196325
manga-9495-12701,1-383662,5,,,9.950886473381482
manga-9495-12702,1-383414,5,,,9.629011823454752
manga-9495-12703,1-298490,6,0.4874420171420226,8.719854826869577,8.831312317258105
manga-9495-12704,1-298347,6,0.3165051168208244,8.786783482978937,8.924692186494568
manga-9495-12705,1-605106,5,0.8002192798404444,9.47665928613296,9.525368786523636
manga-9495-1901,1-298498,-5,0.4794218672479218,8.653036131245205,8.744209246204418
manga-9495-1902,1-298361,1,0.34143116177923716,8.569709087344094,8.829746206064149
manga-9495-3701,1-383464,4,0.86894219696077,9.172598630654129,9.310236478935975
manga-9495-3702,1-298319,1,48.87034546683593,16.938467158363267,9.649388411904567
manga-9495-3703,1-383698,3,0.5968744653813793,9.85146858362197,9.945209506853086
manga-9495-3704,1-383484,7,0.32855984773840774,9.112417706932673,9.235725349761953
manga-9495-6101,1-298482,1,0.7575680293180902,9.083611558538717,9.259431406118138
manga-9495-6102,1-383459,4,0.626569833868448,9.466451629362684,9.687602972242617
manga-9495-6103,1-298466,3,,-3.78975656666425,7.2690480470812675
manga-9495-6104,1-605047,-2,1.0207506626559812,10.821179809325937,10.858870309595593
manga-9495-9101,1-298366,-5,,,13.390362732480643
manga-9495-9102,1-298360,6,0.4431040064890581,8.98633703901809,9.11960226267014
manga-9496-12701,1-229615,4,0.5777730735734714,9.914027976262666,10.065878352857393
manga-9496-12702,1-229614,4,0.6214631414248366,9.882916785956482,9.966481992383752
manga-9496-12703,1-229705,2,0.9430479385584718,10.850534771188185,10.792111409087168
manga-9496-12704,1-298273,3,0.6824299944577632,10.01733666911933,10.187438930408064
manga-9496-12705,1-298311,3,0.5518193349555744,9.748832642786887,9.972602224124637
manga-9496-1901,1-604923,5,0.4329905826818141,8.974270019683807,9.208774474415558
manga-9496-1902,1-298310,0,1.1727079054890588,10.079550739918092,10.009119311620445
manga-9496-3701,1-382889,1,0.9157426069752788,10.065804908818375,10.083280399142918
manga-9496-3702,1-556811,2,,,9.06469753390034
manga-9496-3703,1-298308,3,0.277490232999245,9.10589585817658,9.174565656616792
manga-9496-3704,1-556851,-5,0.9270114508099923,10.72520046867462,10.793772230522755
manga-9496-6101,1-383380,5,,,9.135119924612077
manga-9496-6102,1-229606,7,0.39457715834090834,8.561930859541903,8.812396572933583
manga-9496-6103,1-298367,3,0.7365420122274635,9.542969617790298,9.689568115035929
manga-9496-6104,1-604956,7,0.543245960508763,9.564638071249583,9.776057253816964
manga-9496-9101,1-298280,4,0.8547322860966666,11.04385566519733,11.049152097968696
manga-9496-9102,1-298298,3,49.49488535983594,17.39671052466328,10.039683734325022
manga-9497-12701,1-229567,2,0.6830939038512724,10.408826652276806,10.487715165410462
manga-9497-12702,1-298206,5,0.5619098614235085,9.462394247585513,9.676078762194717
manga-9497-12703,1-556805,4,,,10.701314068739794
manga-9497-12704,1-229665,4,0.3597983747536695,8.570387911920337,8.796955041168095
manga-9497-12705,1-298111,3,,,10.904716626957239
manga-9497-1901,1-217527,2,0.1765258557618843,8.837720075001572,8.931351063831418
manga-9497-1902,1-556829,-2,0.9409329264958508,10.041038069690417,10.13627336237322
manga-9497-3701,1-298090,2,0.46183636570973974,9.634304615836072,9.859784752518921
manga-9497-3702,1-217537,0,0.6487339710677773,9.404068426906,9.556988385426676
manga-9497-3703,1-229673,2,0.44700542197498194,10.049579635525262,10.164067198364423
manga-9497-3704,1-229452,-2,1.0103158111678603,10.207327810627449,10.286079048956402
manga-9497-6101,1-298114,-5,,,11.375288587373316
manga-9497-6102,1-229458,1,0.9531319739379498,10.83753285127071,10.89645787135589
manga-9497-6103,1-298228,-2,0.9278900315902554,11.045559075676252,11.112028240243392
manga-9497-6104,1-298197,-5,0.7884725283923011,10.764419421603757,10.930297865227443
manga-9497-9101,1-229538,10,0.262272750903243,8.470848483505431,8.699040354343891
manga-9497-9102,1-229470,0,1.021110620682478,10.809241656629753,10.769064048383651
manga-9498-12701,1-556699,5,0.47830521827093975,9.651843948684542,9.894946550489236
manga-9498-12702,1-229660,4,0.3931449869668917,9.951558758882207,10.025207523305207
manga-9498-12703,1-163668,3,0.6816658534305127,9.971071414392094,10.121750196116055
manga-9498-12704,1-163666,6,0.10192750802858086,9.307306844798205,9.47327524552288
manga-9498-12705,1-217752,5,,,9.859054794200983
manga-9498-1901,1-217824,-5,1.0070223773725964,10.123474336672265,10.165689376017617
manga-9498-1902,1-229699,2,0.8049915271089176,9.240576953350082,9.38572778756328
manga-9498-3701,1-217733,-2,1.0616610381934173,11.246972196011662,11.193920075939435
manga-9498-3702,1-217859,1,0.36831541907620036,10.284315782542414,10.567006357551291
manga-9498-3703,1-556749,-5,,,10.521323796450316
manga-9498-3704,1-217782,-5,0.8999727638630759,10.109754686959725,10.2121689533202
manga-9498-6101,1-217662,0,0.9609269041995496,10.277991264138043,10.367529231448415
manga-9498-6102,1-298217,0,0.922100912476143,10.083515497419391,10.23355956562593
manga-9498-6103,1-217842,-2,0.6997485483486336,9.915678000014065,10.060969661381097
manga-9498-6104,1-217828,1,0.9174494601565364,10.097625051294292,10.127726625673384
manga-9498-9101,1-604832,-5,,,11.367654046647408
manga-9498-9102,1-217732,1,1.0222604149910346,10.81035576839535,10.79878250181156
manga-9499-12701,1-604935,7,,,8.890105663551575
manga-9499-12702,1-604902,7,,,9.504383858954363
manga-9499-12703,1-145679,4,,,10.603863990135693
manga-9499-12704,1-163963,6,,,10.079485145832438
manga-9499-12705,1-556677,2,,,10.740653174814243
manga-9499-1901,1-163876,-2,0.83553890768248,9.911704728329756,9.956285155450644
manga-9499-1902,1-604940,4,0.16694217672047174,9.290765898662906,9.61219769340484
manga-9499-3701,1-163709,1,0.8845822396381422,10.231089960754575,10.262795066587511
manga-9499-3702,1-217876,1,0.913807730133815,9.97519524918835,10.072091742971237
manga-9499-3703,1-217887,3,0.5567391327724422,8.661232544771764,8.903557687367842
manga-9499-3704,1-218096,2,,,10.04870587374086
manga-9499-6101,1-163789,2,49.59660101983594,17.837332230663275,10.404024217423189
manga-9499-6102,1-218102,5,,,10.259591490020842
manga-9499-6103,1-218047,-2,,,10.745566609262399
manga-9499-6104,1-604912,1,0.8883992222109534,10.572412271810833,10.517078398138828
manga-9499-9101,1-164052,2,0.8191723438474448,10.311645168139538,10.325380181761394
manga-9499-9102,40-10,-2,2099.545000025033,-2888.5984999791403,
manga-9500-12701,1-605487,5,0.29935442605716034,9.620011720596409,9.873546120573264
manga-9500-12702,1-605504,3,0.5562383912669944,10.202572824270527,10.33859592357683
manga-9500-12703,1-386120,2,1.056947460059785,11.20994372367996,11.092011443277139
manga-9500-12704,1-605482,2,1.0309321311464643,10.257173359852937,10.27881302665816
manga-9500-12705,1-564429,-2,0.9424264203711772,11.00794202066336,11.084336724386437
manga-9500-1901,1-385623,0,49.04816519283593,17.46449574496327,10.164825562970867
manga-9500-1902,1-385715,-5,0.6528303310081185,9.178416741143293,9.403912857447022
manga-9500-3701,1-385637,1,1.4794669802615026,10.763923116889856,10.334373318799205
manga-9500-3702,1-385771,5,0.3031706052690488,8.521118865185603,8.678762316642988
manga-9500-3703,1-386126,-5,0.9368877076041038,10.624735109255017,10.535342231635216
manga-9500-3704,1-386077,-2,0.9455236344803843,10.540070272927064,10.696469098428915
manga-9500-6101,1-386108,1,0.723570961523766,9.770020325003138,9.883524028759277
manga-9500-6102,1-386107,-5,1.2124416029816203,10.747925698760405,10.592724001161391
manga-9500-6103,1-385781,2,0.7677409691403305,10.82882081216609,10.910448303860132
manga-9500-6104,1-385732,1,0.4908699306824822,9.027141177629758,9.260660388050812
manga-9500-9101,1-385361,5,0.31945208957826665,9.119482407097145,9.28992769494595
manga-9500-9102,1-386078,4,0.4612271414399274,9.61894570754797,9.838354720816529
manga-9501-12701,1-385070,4,0.6513372698895772,9.686702555103082,9.895462326918043
manga-9501-12702,1-385090,1,0.5433663474768089,9.63308010706534,9.72791764508824
manga-9501-12703,1-385222,-5,1.0135154088313811,10.525188289249126,10.589650292757314
manga-9501-12704,1-385225,4,0.4471460472232067,10.084444106284515,10.354264065477242
manga-9501-12705,1-605418,5,0.5502139575040523,9.432638537771641,9.614190385559072
manga-9501-1901,1-385109,2,0.7998663895381029,9.62849347927121,9.74842449800339
manga-9501-1902,1-385052,0,0.7932667904753821,9.0638694191355,9.180590327555931
manga-9501-3701,1-585207,-2,,,10.138359547541125
manga-9501-3702,1-385080,-2,1.0078767897853602,10.260159555630933,10.322750463498569
manga-9501-3703,1-385051,5,0.77438775204633,9.337360899452563,9.377309894463
manga-9501-3704,1-385026,-5,0.9611600852925299,9.804080988454503,9.941521867502313
manga-9501-6101,1-384726,7,0.12269279642767827,9.07961784107429,9.2997817784512
manga-9501-6102,1-385091,1,1.0604472511157041,10.407303420422405,10.344783159271614
manga-9501-6103,1-385219,1,0.5437511244263469,8.63851877550332,8.851019727052275
manga-9501-6104,1-385272,-5,1.032951154017347,11.057643269142519,11.095817692740145
manga-9501-9101,1-385101,3,0.7414726162929206,9.578768461105867,9.702474480687624
manga-9501-9102,1-385547,3,0.6757685018280633,10.085806263442022,10.227794182324864
manga-9502-12701,1-384507,-2,0.9782034726559843,11.225157380325939,11.269073757911094
manga-9502-12702,1-385135,7,0.23004409903470702,9.361590416385045,9.501512500311293
manga-9502-12703,1-385099,3,49.45707126783594,18.13688892746328,10.856398362577009
manga-9502-12704,1-585188,4,,,10.11455427541322
manga-9502-12705,1-585171,5,,,10.104900040982397
manga-9502-1901,1-385167,3,0.5693350328838918,9.25322774916746,9.37751023412112
manga-9502-1902,1-385076,-2,0.8361786376566442,9.206224327011421,9.331166033857354
manga-9502-3701,1-556703,1,0.9455978208874924,9.896062656708693,9.992695314141008
manga-9502-3702,1-385131,-5,1.037181743349116,10.820181792003364,10.849306371951112
manga-9502-3703,1-605306,0,,,9.667156784505464
manga-9502-3704,1-385108,-2,0.8754374081760652,9.699559309308675,9.86032602586831
manga-9502-6101,1-385123,2,0.7418383688036521,10.425414028053524,10.541874912795512
manga-9502-6102,1-385149,3,0.4263702366477702,8.19119014674471,8.392981700806375
manga-9502-6103,1-385124,1,1.1219343275230997,10.648523190417652,10.626138060184166
manga-9502-6104,1-585210,-5,,,10.62874643714092
manga-9502-9101,1-605311,-5,,,11.25495873465785
manga-9502-9102,1-385129,4,0.4595759690529917,9.45219291690763,9.58659180510939
manga-9503-12701,1-229731,2,,,10.65442106459843
manga-9503-12702,1-229820,5,0.5082662708508217,9.717470839646506,9.918069148808597
manga-9503-12703,1-556689,7,,,8.928123820886714
manga-9503-12704,1-217978,4,,,10.111823507046177
manga-9503-12705,1-604984,7,0.17913568747955466,8.86517963874521,9.137100804579124
manga-9503-1901,1-217931,5,,,8.602087133884885
manga-9503-1902,1-229890,1,0.7865625389391653,9.670090806823692,9.940673340504281
manga-9503-3701,1-556680,3,,,10.801507297136235
manga-9503-3702,1-218019,0,,,9.718205138063484
manga-9503-3703,1-217962,-2,1.0186902773711743,11.355404979363358,11.361440729131607
manga-9503-3704,1-229879,1,0.9766138106416449,10.216621776657867,10.23543248752611
manga-9503-6101,1-229811,1,0.9697830722925289,10.457862630154503,10.53960295736061
manga-9503-6102,1-229862,1,,,10.352809379738515
manga-9503-6103,1-217999,-2,,,10.721192108843725
manga-9503-6104,1-229878,4,,,9.802220074527916
manga-9503-9101,1-556679,-2,0.745597534991699,10.446157205580835,10.593074407680783
manga-9503-9102,1-218060,4,,,9.615879591388191
manga-9504-12701,1-146283,4,0.8726598816947302,10.750444132742974,10.833679927647637
manga-9504-12702,1-164258,6,48.87031391883593,16.467282231563274,9.174382572468943
manga-9504-12703,1-146452,5,0.498533038768187,10.567160427445057,10.757957515176612
manga-9504-12704,1-164370,4,,,10.765932180127152
manga-9504-12705,1-164359,9,,,8.801289804269194
manga-9504-1901,1-164265,4,0.636269432784605,10.02712154480751,10.143536265325016
manga-9504-1902,1-164256,4,,,10.86369512292054
manga-9504-3701,1-164336,2,0.8694431340931601,10.073327270273108,10.179810222878796
manga-9504-3702,1-556494,6,,,9.535381476618719
manga-9504-3703,1-164405,5,0.3545142668064898,9.040817628510865,9.304770488523259
manga-9504-3704,1-164244,2,0.4351260645095536,10.076267858752317,10.231925564079509
manga-9504-6101,1-164351,-5,,,10.853038361709391
manga-9504-6102,1-164352,6,,,8.715061072398356
manga-9504-6103,1-146265,5,0.5510123439379555,9.538944018270715,9.765824217333543
manga-9504-6104,1-164367,9,,,8.874811037698203
manga-9504-9101,1-146266,2,0.5788498605953514,9.614399966305552,9.78781881442105
manga-9504-9102,1-556492,3,,,11.009365898346244
manga-9505-12701,1-387106,2,0.8526220997315157,10.748299750482866,10.793779911224934
manga-9505-12702,1-386735,7,0.6302609081020307,9.103658616760745,9.274866464492863
manga-9505-12703,1-387016,4,1.0623972684711305,10.163996267008795,9.968422236479716
manga-9505-12704,1-387161,4,0.5093006853180952,9.372834888138723,9.612040683577563
manga-9505-12705,1-387086,6,0.594493127494431,9.668334831481516,9.885635394957683
manga-9505-1901,1-386727,-5,1.0192475322274603,10.600413649790294,10.645445850309718
manga-9505-1902,1-387045,-2,0.7461294369931153,9.557028281089735,9.65068433111583
manga-9505-3701,1-413676,2,0.65550145944135,9.026792076735948,9.212688219825974
manga-9505-3702,1-387140,4,0.4120735404890574,8.85380979841809,9.104586113706224
manga-9505-3703,1-387066,5,0.8357768388200739,8.856959677015984,8.995176091384058
manga-9505-3704,1-387085,0,0.8208961050173542,9.237403503242525,9.447870929699048
manga-9505-6101,1-387035,1,0.9978272806242963,10.366705705915347,10.458896083041598
manga-9505-6102,1-387081,4,0.5818210788838947,9.534364767767462,9.719022032165752
manga-9505-6103,1-567284,-5,,,11.069068401063118
manga-9505-6104,1-387155,6,0.3455721666511842,9.045955332610065,9.306868746270128
manga-9505-9101,1-605709,-5,0.8760722383242161,9.000726567965094,9.166879865622517
manga-9505-9102,1-387014,6,0.4313832648036531,8.858448261653525,9.14426277376199
manga-9506-12701,1-385918,4,0.8935343422547142,11.338712612417535,11.330549722770778
manga-9506-12702,1-385950,2,0.8013517528364851,10.749443366378435,10.863291922973286
manga-9506-12703,1-386274,6,0.45856856962052106,9.276017525417473,9.529518898293079
manga-9506-12704,1-299793,3,0.5398499404821742,9.895211354728756,10.085262028763719
manga-9506-12705,1-386197,2,0.9713963193554207,10.792879354786384,10.786677614197457
manga-9506-1901,1-385978,1,0.6162946048118556,9.33866414971382,9.503936331075458
manga-9506-1902,1-386154,0,0.8955592286639984,9.497744015631486,9.665683221098313
manga-9506-3701,1-605531,2,0.4739070943023336,10.534216983261743,10.634359359830222
manga-9506-3702,1-385928,4,0.6235273469689702,10.015794001635351,10.19475570368221
manga-9506-3703,1-386322,0,0.919820619167858,9.529079403427447,9.670720718952806
manga-9506-3704,1-386212,-2,0.987376902508764,11.145260403449582,11.17772979730731
manga-9506-6101,1-385925,3,0.3554629331089174,8.789495027950082,8.842225942913316
manga-9506-6102,1-386150,2,0.44025285508374523,9.46823799093816,9.729245807225306
manga-9506-6103,1-385935,-5,1.0649666279114491,11.412577333166888,11.394644268735318
manga-9506-6104,1-386302,-2,0.7759185478452331,10.084431376127895,10.299393970754107
manga-9506-9101,1-385972,4,0.988793438742178,11.04647849245031,11.075083223141933
manga-9506-9102,1-386298,4,0.7919148954733046,9.690169182141119,9.795256270195551
manga-9507-12701,1-298752,6,,,9.7300511093993
manga-9507-12702,1-299013,3,,,10.532263769503816
manga-9507-12703,1-299166,-2,0.910744732300742,11.253346448096199,11.32361918687793
manga-9507-12704,1-605367,11,0.3145046007380081,10.066683358462077,10.215513310478682
manga-9507-12705,1-585206,3,,,10.244254848718866
manga-9507-1901,1-299094,-5,0.8504480663160088,11.048024856783867,11.211723754084863
manga-9507-1902,1-385077,-2,1.0218565551525884,10.306370951739778,10.36051389291039
manga-9507-3701,1-384690,0,0.9500751867226462,10.876451339095228,10.912090206615979
manga-9507-3702,1-299204,-5,0.9649008591171224,11.133858746491772,11.186625829669417
manga-9507-3703,1-385158,2,0.4620277754384148,9.36953439270113,9.467553352913187
manga-9507-3704,1-385153,1,0.5659443957724477,9.565260578071769,9.628412432409862
manga-9507-6101,1-299015,-5,,,10.638259569259807
manga-9507-6102,1-299195,5,0.48025297119133725,8.604151827856812,8.833522572841611
manga-9507-6103,1-299176,-5,1.135680396227464,11.074082432190298,10.955115528387013
manga-9507-6104,43-130,5,2099.7243400001516,-2888.5710499987617,
manga-9507-9101,1-299163,-5,1.0031935240427217,11.244761459590594,11.322392977792385
manga-9507-9102,1-299016,-2,0.8856745867067168,10.380811484622077,10.503534659762034
manga-9508-12701,1-298823,5,0.6782604895760969,10.965828791704363,11.034363708948804
manga-9508-12702,1-605195,3,1.2589048891579644,10.794907122503203,10.625350527244683
manga-9508-12703,1-298950,1,,,11.049977373774919
manga-9508-12704,1-298938,4,,,10.935489631700042
manga-9508-12705,1-298798,3,0.7019572988146052,10.29897733471462,10.381010331779324
manga-9508-1901,1-298835,1,0.3653265105782708,9.315891818197148,9.536156786995
manga-9508-1902,1-298864,-2,0.5995347804958477,9.540279861090417,9.71349390319299
manga-9508-3701,1-298677,3,0.5404718899910392,8.884024490895357,9.099898079134954
manga-9508-3702,1-298867,-5,0.9534479051462625,9.99260029297725,10.119915410257992
manga-9508-3703,1-298845,4,0.40122054334600676,9.24835179275144,9.488655047447102
manga-9508-3704,1-298778,2,0.9363557475073492,10.365135145640682,10.406564023398063
manga-9508-6101,1-298953,2,,,10.262436850333655
manga-9508-6102,1-298940,-5,0.91654534397275,9.991883561753,10.075280463700603
manga-9508-6103,1-298926,-2,,,10.364989758127901
manga-9508-6104,1-298966,2,,,10.5219405250843
manga-9508-9101,1-230005,5,0.46242769366211434,8.683493381932553,8.905156106305437
manga-9508-9102,1-298842,2,1.0646518237165203,11.228944794229317,11.122690884070813
manga-9509-12701,1-298640,5,0.766111982457673,9.498107042981395,9.454783902119168
manga-9509-12702,1-230060,7,0.38191982404668323,8.695423850264142,8.945922338384078
manga-9509-12703,1-230042,2,1.0738108403840982,11.084499114822531,11.073025125162262
manga-9509-12704,1-230052,5,0.6012274625902521,9.466376877776248,9.713842372280896
manga-9509-12705,1-230021,-5,1.0036363934761425,11.07026015451939,11.12119860258469
manga-9509-1901,1-218245,1,0.4579763162929247,9.386271731105872,9.633624975382235
manga-9509-1902,1-230050,-5,0.9052043764890634,9.702067406018097,9.844908770467567
manga-9509-3701,1-229940,-5,0.9944601871209002,9.815438398709418,9.907990929015245
manga-9509-3702,1-218233,9,,,9.27285532459727
manga-9509-3703,1-230144,3,0.7829673720189518,9.279250773908073,9.418856236807779
manga-9509-3704,1-230100,-2,1.0051638297618872,10.181297358401574,10.26706372823937
manga-9509-6101,1-230129,5,0.47557121408543424,8.71624070978118,8.886750096357211
manga-9509-6102,1-298626,-5,0.9307669393582607,10.09000609736466,10.215579406902268
manga-9509-6103,1-605075,4,0.5281163241292859,9.692130842067057,9.900093901543398
manga-9509-6104,1-230149,4,0.5795501945381005,9.510347804771207,9.714242556732055
manga-9509-9101,1-218306,1,0.9774966127499027,11.129441987322469,11.153220159636364
manga-9509-9102,1-230045,2,0.5311201411708808,9.62146334786237,9.81676478992113
manga-9510-12701,1-584931,6,,,9.813678377024821
manga-9510-12702,1-230334,6,,,8.90642393914471
manga-9510-12703,1-230670,3,0.8519758422110435,10.792574658827839,10.896895321132536
manga-9510-12704,1-605247,-2,1.0375036385087668,11.197426981049585,11.18465168963499
manga-9510-12705,1-298906,-2,,,11.330845823437697
manga-9510-1901,1-230426,4,,,8.349452375949912
manga-9510-1902,1-230478,-2,0.8271849603491219,10.539173726703368,10.749832900576
manga-9510-3701,1-230227,1,,,9.857397032621495
manga-9510-3702,1-230395,3,0.5171464922274609,9.785084785790296,10.006838135216649
manga-9510-3703,1-230467,-2,0.9543508889114527,9.583799088266893,9.70356476857554
manga-9510-3704,1-230291,0,,,9.148544045772326
manga-9510-6101,1-605294,6,0.30716993183648356,9.244627415278433,9.519757136327906
manga-9510-6102,1-230406,3,0.9603205725352595,10.486555389953399,10.499260825118053
manga-9510-6103,1-230628,6,0.31958809585082193,9.924867547146507,10.158483112699248
manga-9510-6104,1-218695,-5,1.00954264565598,10.831709794625937,10.863556007715067
manga-9510-9101,1-230422,3,,,9.520710119007342
manga-9510-9102,1-230439,4,0.568781696672854,9.741867374939627,9.9551227520326
manga-9511-12701,1-213414,3,1.0626636293460017,10.937841755351435,10.852188332854443
manga-9511-12702,1-213815,2,,,10.351902549223357
manga-9511-12703,1-213614,7,0.5243552527853659,9.619564108930936,9.85014365750782
manga-9511-12704,1-605353,4,0.9601255770347095,10.834785106185048,10.842390165165238
manga-9511-12705,1-76519,-5,1.0674366851420238,11.100117745669577,11.136631797168702
manga-9511-1901,1-213603,1,1.001901444696152,9.524098143351878,9.590302252597999
manga-9511-1902,1-559875,1,0.992633593787442,10.034568084525318,10.070133955181577
manga-9511-3701,1-213435,1,1.1129056700466826,10.501349728864142,10.500099191915723
manga-9511-3702,1-213464,-5,0.880845541713235,10.726186949160285,10.831362267962982
manga-9511-3703,1-213825,-2,0.9801985655902499,10.669391655076245,10.768544129583871
manga-9511-3704,1-213820,1,,,9.732741056508331
manga-9511-6101,1-76518,1,0.733096001102794,10.183360373263243,10.343743295010094
manga-9511-6102,1-213422,1,0.8365196342095871,9.755177589606943,9.973449297334575
manga-9511-6103,1-213651,3,0.5072818934645547,10.506141416770728,10.651704343897263
manga-9511-6104,1-213402,-5,1.1246768643554255,10.22922361428639,10.125380406582122
manga-9511-9101,1-76561,2,0.9739359294263465,10.77822820100332,10.828070557447285
manga-9511-9102,1-76534,-5,0.9920143626726698,11.312930678902744,11.387448558915931
manga-9512-12701,1-53870,4,0.5863994301008653,10.103470339428982,10.284932781258394
manga-9512-12702,1-54008,-5,1.0411069114890559,10.91132293451809,10.963551733574096
manga-9512-12703,1-53954,-5,1.0806725577762215,10.81144473968941,10.863781304430537
manga-9512-12704,1-585546,6,,,9.26448253156831
manga-9512-12705,1-54258,6,0.42254701386920246,8.839832772466336,9.05437554466839
manga-9512-1901,1-53885,-2,,,10.415119931025592
manga-9512-1902,1-54001,4,0.7881680973840943,9.432152493522528,9.540916064380843
manga-9512-3701,1-53883,-5,0.9085312917384023,10.353800413332667,10.485217494554188
manga-9512-3702,1-53753,0,,,10.475666482231636
manga-9512-3703,1-53968,-5,0.9006230898677821,9.668755093777198,9.828596745268683
manga-9512-3704,1-53880,1,0.6979723926965704,10.347903316685281,10.439947440617521
manga-9512-6101,1-53897,-5,0.9164567278036522,10.657414914953524,10.72243729397309
manga-9512-6102,1-53916,-2,1.0136060606381463,10.48309875185458,10.52680047031149
manga-9512-6103,1-53987,2,0.8232455952206728,8.870172384417971,9.044904132647613
manga-9512-6104,1-53985,-5,0.9895999738926804,9.719529366715467,9.84376892843329
manga-9512-9101,1-605753,3,0.7699463552968737,10.044696670060386,10.084547681471431
manga-9512-9102,1-53952,1,0.660675510969913,8.841768043854959,9.070794911664912
manga-9513-12701,1-41864,9,0.25144400938316025,8.656602336942463,8.941186832758266
manga-9513-12702,1-42585,5,0.8073566524603848,10.11909735868195,10.240778814565452
manga-9513-12703,1-42874,-5,1.021891127410413,11.209822939389468,11.281024271980092
manga-9513-12704,1-41833,5,0.3741128161872993,9.489932802324827,9.736334341920863
manga-9513-12705,1-41771,4,,,10.078717751359125
manga-9513-1901,1-42626,1,0.9591227676559839,9.82934006482594,9.897887589837831
manga-9513-1902,1-41918,2,0.08939259747472406,9.138883877650022,9.230765585407521
manga-9513-3701,1-42867,1,0.7965456104733057,9.171892988641119,9.32278144551042
manga-9513-3702,1-42862,-5,1.1182826201103317,10.329038686958981,10.33149005715558
manga-9513-3703,1-41982,3,0.8177267155380967,10.823042325871203,10.901262108931384
manga-9513-3704,1-41829,0,0.9445762439051322,10.04700277500437,10.167763217798226
manga-9513-6101,1-581166,7,0.4654132806938023,9.169155647862913,9.389998422607333
manga-9513-6102,1-41843,7,0.24668302015117405,8.970973835930879,9.129606118121945
manga-9513-6103,1-42899,-2,1.0260268335700609,10.530793391515918,10.57496486526174
manga-9513-6104,1-42583,-2,1.0900331739689726,10.584961887335352,10.550953203110057
manga-9513-9101,1-42896,4,0.3700797716115538,9.731803515512823,9.998942074036094
manga-9513-9102,1-42588,3,0.5278786265789392,9.7066174049431,9.905452085214856
manga-9514-12701,1-42176,5,0.6129666773486306,9.94921739391406,10.148334222292295
manga-9514-12702,1-42078,-2,0.8116302300657345,10.799187904549694,10.851695481544134
manga-9514-12703,1-42177,3,0.20968751203790248,10.080328376616142,10.265100966221937
manga-9514-12704,1-42199,2,0.45499368644529525,10.17361836649046,10.41160792261976
manga-9514-12705,1-42030,5,0.7375064173132948,9.859560606222846,9.88542511543054
manga-9514-1901,1-42214,1,49.38841208383593,18.118970433063275,10.63066479075362
manga-9514-1902,1-42247,2,0.4481510199155281,9.257422100338662,9.402075585077178
manga-9514-3701,1-42082,-2,0.7243009926900186,10.37242765666503,10.569301326035445
manga-9514-3702,1-603212,5,0.5688391817792393,9.880295269344096,10.097114951641801
manga-9514-3703,1-42193,7,0.5989727214876446,8.803203798209193,9.056961991588105
manga-9514-3704,1-42195,1,0.9347889766938025,10.426403361462913,10.51097908768593
manga-9514-6101,1-42141,0,,,11.11118519429155
manga-9514-6102,1-603378,-2,,,10.586241756861996
manga-9514-6103,1-42192,3,0.2608380313337548,8.803265534656829,9.011337799051992
manga-9514-6104,1-42238,-5,0.8956818917536715,10.80302697662034,10.865408407292762
manga-9514-9101,1-41746,2,0.6372566339931147,10.394381673789736,10.56161531274747
manga-9514-9102,1-42227,-5,0.987790729495849,10.596205416990417,10.595770600428251
manga-9862-12701,1-455941,-2,0.93158518526905,9.332619263185604,9.469194412042143
manga-9862-12702,1-456867,1,0.9277604809114557,9.691293255466894,9.858202023907184
manga-9862-12703,1-456987,2,49.01656455983595,16.802894804663286,9.61359554618723
manga-9862-12704,1-456920,-5,0.8331459009555751,9.186781993386887,9.31191695567213
manga-9862-12705,1-456907,-2,0.8740794234835931,9.43752939733766,9.550846934868604
manga-9862-1901,1-456594,-2,1.1377033485465837,10.160144876786559,10.149268391502806
manga-9862-1902,1-456933,-5,1.097823077937285,9.860299806524761,9.90013817600526
manga-9862-3701,1-456960,-2,0.6529603059820701,9.214145128390703,9.431797841638305
manga-9862-3702,1-456931,1,0.9455770752840493,10.023737626839157,10.160330447343899
manga-9862-3703,1-456980,-2,0.9191279346477756,9.179940638544712,9.325786499838864
manga-9862-3704,1-623641,-5,0.968279967613725,9.885435788545143,10.046690221370056
manga-9862-6101,1-456372,1,1.0273928452373617,9.750238481975012,9.847335706613599
manga-9862-6102,1-456721,0,0.8913021668405285,8.973972122849961,9.116617704756633
manga-9862-6103,1-456617,2,0.9421109254747257,9.981866782450023,10.088199898711965
manga-9862-6104,1-623684,1,0.9284627356900259,10.045992017965037,10.181248883236607
manga-9862-9101,1-456958,6,0.34585096104271784,9.225336676290592,9.459867237767204
manga-9862-9102,1-623930,1,0.9684409733068691,9.277354348722579,9.418766830834244
manga-9863-12701,1-457140,6,0.20659148201735533,8.522010813942526,8.590708116563713
manga-9863-12702,1-456589,2,1.0201999469182468,9.737677814739223,9.81132829943908
manga-9863-12703,1-456894,3,0.9602586613500499,9.578716055622964,9.696321434048464
manga-9863-12704,1-591260,3,0.9948600437067121,9.768146803322074,9.892986773297055
manga-9863-12705,1-456639,-2,0.9758763382732916,9.523901380793278,9.669900507368821
manga-9863-1901,1-591255,-2,1.1321932379372903,9.989891302524766,9.996832896221736
manga-9863-1902,1-456974,-5,0.6937934015850615,9.21375135900901,9.515212630415798
manga-9863-3701,1-455659,5,0.8135775528118607,8.761076416513824,8.8996574746585
manga-9863-3702,1-455918,-2,,,9.791369896388085
manga-9863-3703,1-456704,-2,1.0346660522758384,10.246417071557927,10.284001867867715
manga-9863-3704,1-456418,-2,0.98261623510421,9.84891131593261,9.96484442571027
manga-9863-6101,1-455924,1,0.9586125696961538,10.042242480851879,10.205496683278398
manga-9863-6102,1-456518,-2,0.4815338494891819,8.726158506235342,8.98157625849275
manga-9863-6103,1-456632,2,0.897536771672673,9.481128660802746,9.61922172083267
manga-9863-6104,1-623756,-5,1.0528530093491213,9.830685512603369,9.932547324685244
manga-9863-9101,1-455654,7,0.5164336301027923,9.084283537163243,9.329290055169004
manga-9863-9102,1-456471,4,0.6366001401401213,9.499514467331839,9.69992093599959
manga-9864-12701,1-197186,-5,1.0621243689018307,11.059165322976767,11.078859024801725
manga-9864-12702,1-576470,-5,,,11.244853323089938
manga-9864-12703,1-245736,4,,,9.735942048337842
manga-9864-12704,1-197264,2,1.2136781066906899,10.882044205210986,10.742583746617438
manga-9864-12705,1-197454,3,1.327358061275838,11.077810653457925,10.89058419790781
manga-9864-1901,1-245733,-2,0.8314582337158569,9.785476068122904,10.036780552613928
manga-9864-1902,1-197278,-5,1.059035639372592,9.865784380872261,9.92985810740622
manga-9864-3701,1-197166,-5,1.1823503685179233,10.840499599002207,10.816167563127244
manga-9864-3702,1-197230,-5,,,11.136891715195306
manga-9864-3703,1-197121,1,0.9072785122547096,10.317871199417528,10.43093247258941
manga-9864-3704,1-197092,3,0.6748281116566481,9.957889940411425,10.160999444367466
manga-9864-6101,1-197280,0,,,10.106262310218032
manga-9864-6102,1-197270,1,0.9722930776205203,9.867270348217472,9.958300551192448
manga-9864-6103,1-197307,3,0.8383697310529925,10.168077751107633,10.310342762153653
manga-9864-6104,1-197292,-5,1.089789493854866,10.957920818018032,10.978927445308862
manga-9864-9101,1-592810,11,0.8418464076714329,10.162857165809791,10.241944733244267
manga-9864-9102,1-197456,-2,0.625240363508766,9.151683238549584,9.353948912321
manga-9865-12701,1-246570,5,0.7006543707162187,10.228993254057126,10.275145438488469
manga-9865-12702,1-246618,6,0.49404271056535265,9.69136512603798,9.913998653028544
manga-9865-12703,1-246270,-5,1.048410943167859,11.263452391827448,11.272598059665029
manga-9865-12704,1-246656,5,1.1965408893119651,10.24401257105188,10.122061799316457
manga-9865-12705,1-246543,5,,,9.841137260099268
manga-9865-1901,1-246298,-2,0.5293030259139861,9.042509779791578,9.257784136388214
manga-9865-1902,1-246484,0,0.8556054849917025,9.323994230580839,9.428992811848026
manga-9865-3701,1-246635,1,0.6307689000513932,9.092349402081618,9.34071571183357
manga-9865-3702,1-246219,1,0.468299469971992,8.977895983249343,9.172710907677256
manga-9865-3703,1-246760,2,1.1266822312101077,10.501983148908238,10.485420438447003
manga-9865-3704,1-246542,1,0.9897998939100319,10.319364646457988,10.389547032803875
manga-9865-6101,1-631732,5,,,8.797426822193716
manga-9865-6102,1-246633,-5,,,11.061953588884936
manga-9865-6103,1-246565,2,0.8497525034307927,9.403462357738468,9.55962657633643
manga-9865-6104,1-246743,-2,0.7997173160619546,10.499531656751817,10.720894912615872
manga-9865-9101,1-198159,-5,1.14221378323359,10.81544496737714,10.781756810334334
manga-9865-9102,1-246614,5,,,9.823944134502327
manga-9866-12701,1-271967,4,0.5612761708500678,10.510846727523088,10.657204099897198
manga-9866-12702,1-271724,4,0.7310311840871542,10.240399387703514,10.254777610074612
manga-9866-12704,1-272009,1,1.0632320838405285,10.772758467549961,10.791280717362111
manga-9866-12705,1-272289,-2,0.9398637454843524,10.55773700370062,10.679366109738535
manga-9866-1901,1-271697,0,0.7620851215258462,9.295711673497525,9.417373696012248
manga-9866-1902,1-272299,-2,1.0094491244550206,9.996190408478997,10.099224703360697
manga-9866-3701,1-271717,0,0.942939778441346,10.231704919635945,10.246429639692092
manga-9866-3702,1-271959,-5,1.0648338342373584,10.966608181875007,11.00939564934689
manga-9866-3703,1-323420,-5,1.0975550299114545,10.335277111366896,10.354790092153234
manga-9866-3704,1-272265,0,1.0596662521995484,10.618799170938043,10.633361383742093
manga-9866-6101,1-271795,0,0.8833310579039093,10.569309585371148,10.674026641004666
manga-9866-6102,1-272266,1,1.0077707269607608,10.894124453654122,10.934268113097652
manga-9866-6103,1-271708,3,0.5591266063009179,8.937046403231914,9.151899752281084
manga-9866-6104,1-323475,0,0.9798657229018275,10.368569964376764,10.455765806232295
manga-9866-9101,1-560743,-5,1.0381118031042078,11.033440184732607,11.044774874256442
manga-9866-9102,1-272298,5,0.8064389720296958,9.903373144713989,9.943511333362242
manga-9867-12701,1-197772,7,,,9.338093766042636
manga-9867-12702,1-197552,4,0.5384536832335876,9.544899697377137,9.781621117426331
manga-9867-12703,1-246252,7,0.44579539769379295,9.025970212562903,9.26239650284056
manga-9867-12704,1-197842,5,0.6324693695094297,9.994733558335067,10.196919185107559
manga-9867-12705,1-198093,-5,1.0401332176726719,11.169974439402747,11.21592294624128
manga-9867-1901,1-198052,0,1.1285397389039105,9.74875676247115,9.646417450888249
manga-9867-1902,1-198163,1,1.104846580284054,10.29694186233916,10.278637011522616
manga-9867-3701,1-197573,-2,0.9093687295585653,10.19489550324589,10.317898355245541
manga-9867-3702,1-197579,1,0.17669665350375752,9.276744373499456,9.411981467318512
manga-9867-3703,1-198173,3,0.3990942748855275,9.212069811531551,9.42128302264261
manga-9867-3704,1-631655,3,0.6469600217628191,9.760230701381637,9.97875143740466
manga-9867-6101,1-197630,3,,,10.867544675812196
manga-9867-6102,1-198001,1,1.0904422181462685,10.482628121277255,10.51402814793428
manga-9867-6103,1-197788,-2,1.0143376750997781,10.954201401369025,10.99524371449228
manga-9867-6104,1-197773,2,,,10.387980349958754
manga-9867-9101,1-197736,5,0.6321193136103531,10.198218493259109,10.33040971450329
manga-9867-9102,1-197780,5,,,9.966738067228395
manga-9868-12701,1-321290,5,0.8922083955695186,9.37025883048722,9.453044525887872
manga-9868-12702,1-321299,0,1.0128575730854372,10.727347556681183,10.779714787927501
manga-9868-12703,1-321582,1,0.6049087683875953,9.034020119425819,9.240995792842206
manga-9868-12704,1-593328,1,,,11.103019916160681
manga-9868-12705,1-321271,3,0.6307245030163244,10.504616704245448,10.67071423014551
manga-9868-1901,1-321167,-5,0.9975913479652085,10.772922254377024,10.831960589256632
manga-9868-1902,1-321374,5,0.678875032681816,8.91477783468381,9.118188643469072
manga-9868-3701,1-321215,1,0.6353353015545196,9.181040670433665,9.36298923286715
manga-9868-3702,1-321354,1,0.5248929223486343,9.250551403414065,9.494797208259973
manga-9868-3703,1-321377,5,0.2916906716855898,9.303907259981681,9.374612722339227
manga-9868-3704,1-321221,-5,1.0354600975902493,10.740063956276245,10.815912305084817
manga-9868-6101,1-320912,4,0.61870150109241,9.86429727977062,10.039909606374097
manga-9868-6102,1-321256,2,1.0469385476874749,10.572477976780618,10.64513624827473
manga-9868-6103,1-321170,-2,1.0577024508889075,10.677583437017592,10.702753552066145
manga-9868-6104,1-321409,-5,0.893996722254716,11.127263510417535,11.222263736808769
manga-9868-9101,1-321165,3,0.7619680026566478,9.302009248511425,9.461696570327355
manga-9868-9102,1-321276,4,0.822970012223962,10.922076437987007,11.04757857255429
manga-9869-12701,1-135536,7,0.8837782185258511,9.267282356197528,9.346030067997496
manga-9869-12702,1-211257,3,0.835479370528379,10.424276264222208,10.436946215129128
manga-9869-12703,1-634089,2,0.9797921730497059,10.649156654438599,10.691616291344943
manga-9869-12704,1-135142,3,0.7976640228745708,9.120172982749523,9.303766099779155
manga-9869-12705,1-135500,6,0.3957947276128806,9.073206505483789,9.233516443990085
manga-9869-1901,1-135193,-2,1.232427584300737,10.531086961296197,10.427867328888292
manga-9869-1902,1-211266,-2,0.6386548672518799,9.10932823529973,9.248260247536004
manga-9869-3701,1-135101,1,1.037000020810261,9.732744240308737,9.799623782523412
manga-9869-3702,1-210932,0,1.0553244252629241,10.544244653698764,10.588344550130028
manga-9869-3703,1-135059,-5,1.0166468941511724,10.540735329330875,10.60934037404137
manga-9869-3704,1-135418,2,0.33816343439372076,9.030335913512658,9.175166675968645
manga-9869-6101,1-135491,3,0.901260052147034,10.008912989200482,9.959859100092617
manga-9869-6102,1-135511,-2,0.8127248903486297,9.42050087221406,9.582462230379308
manga-9869-6103,1-135534,1,0.9135347952832937,9.914721516715737,9.929350455069319
manga-9869-6104,1-135583,2,0.8795193161420194,9.639567427769574,9.815237617040308
manga-9869-9101,1-211028,2,1.0787014884005117,10.623916543584984,10.643802931893227
manga-9869-9102,1-135524,1,0.852872110431715,10.43544310754581,10.526283694479785
manga-9870-12701,1-322308,4,0.5568800809372831,8.73818411382476,8.953742300282286
manga-9870-12702,1-198938,9,0.2971975317656579,9.200523296999444,9.395920192670632
manga-9870-12703,1-198831,3,0.8470231002049182,10.621969573140998,10.68436414091451
manga-9870-12704,1-198887,7,0.7090609183486372,9.178173527014065,9.358311833803624
manga-9870-12705,1-199283,7,0.43180346056912455,8.694696921435852,8.921746284377598
manga-9870-1901,1-322336,2,1.1180717187618825,11.252189968301568,11.1863205239916
manga-9870-1902,1-199340,0,0.85391824249443,9.437889877981513,9.577434349677487
manga-9870-3701,1-322291,-2,0.8882973445498905,9.717353614384514,9.889905931976973
manga-9870-3702,1-198949,2,0.8194332272485845,10.373393992430689,10.480061585844963
manga-9870-3703,1-199321,-2,0.5786258340081183,8.683263438443293,8.86754408664314
manga-9870-3704,1-198879,-2,0.7781874125796904,10.762680033706053,11.025334544142114
manga-9870-6101,1-199360,0,0.805931217473308,9.160288032341121,9.332549544296137
manga-9870-6102,1-198885,5,0.5159203594784927,9.086121762247892,9.340446097915416
manga-9870-6103,1-569138,2,0.8484450187261459,10.393841402019445,10.526296621372765
manga-9870-6104,1-199384,8,,,9.022770557729848
manga-9870-9101,1-199368,3,0.8909451108099873,10.574425174674616,10.683107402778523
manga-9870-9102,1-199224,-5,1.1397764362584866,11.335199438215405,11.285525804638448
manga-9871-12701,1-321938,7,0.5101909518121488,8.825840297607673,9.037761054701175
manga-9871-12702,1-593698,2,1.103226072340913,10.98671989694191,10.982209703629529
manga-9871-12703,1-632214,8,0.4142954681821891,9.015853068795515,9.141271001697858
manga-9871-12704,1-322277,5,49.01098622283594,16.62770383796327,9.390622514456775
manga-9871-12705,1-593702,3,,,10.394011910199257
manga-9871-1901,1-321914,7,0.3055452456014791,8.794625483292394,8.98969226073334
manga-9871-1902,1-321911,6,0.4649768983068654,8.635504046222575,8.832564473299017
manga-9871-3701,1-236176,5,0.52978856167503,8.829510109911487,9.056455085638042
manga-9871-3702,1-321932,3,0.9433110288036524,9.912739194053524,9.972967504655577
manga-9871-3703,1-322258,4,0.46090108139372177,8.58782564121266,8.807346928359015
manga-9871-3704,1-236175,-5,0.9852933275313056,10.513318956398878,10.607377808443037
manga-9871-6101,1-236268,3,0.5811028303500514,9.972672373522965,10.175569792734992
manga-9871-6102,1-322240,1,0.9078135408313841,10.630289850449131,10.753427542904122
manga-9871-6103,1-236158,3,0.722233261735564,9.080421673754397,9.247617342588507
manga-9871-6104,1-322262,11,1.149150629802051,9.894977896227509,9.886987341692835
manga-9871-9101,1-321936,6,0.6514667124761395,8.948552797419387,9.18020618640032
manga-9871-9102,1-236303,-2,0.7476722064237222,10.967984508019768,11.13506583170099
manga-9872-12701,1-322161,5,0.4124824558783473,9.205881473447398,9.42206429813628
manga-9872-12702,1-322506,6,0.5619846244563469,9.417023554810427,9.597862949114083
manga-9872-12703,1-593862,8,,,10.289100431009366
manga-9872-12704,1-322451,7,,,8.785975101468491
manga-9872-12705,1-322586,3,0.9387607539632441,10.45199624432081,10.464045189244993
manga-9872-1901,1-322159,-2,0.5435832859454912,8.935923765305986,9.171957431035537
manga-9872-1902,1-322575,-2,0.9282813881157033,9.287906167122404,9.379637231914282
manga-9872-3701,1-633000,-2,0.7357089148935216,9.649282388657594,9.7555882791681
manga-9872-3702,1-322172,6,,,8.836253204696405
manga-9872-3703,1-199287,-2,0.30882291090577496,9.04602425923128,9.456419177803356
manga-9872-3704,1-322436,1,0.8322059243793873,10.27781805304459,10.458572888819036
manga-9872-6101,1-322581,5,0.6402580721593765,9.553433675112101,9.774318385715075
manga-9872-6102,1-322507,5,0.48495347208544004,8.808647497581184,8.97277611747801
manga-9872-6103,1-322183,7,0.5983094788452377,8.7050101082279,8.900012446607732
manga-9872-6104,1-322353,5,0.4903694674876391,8.808034466809188,9.040167036482847
manga-9872-9101,1-322563,3,1.0252499972498121,10.904370479444145,10.900574120338021
manga-9872-9102,1-593934,5,,,10.629903761103103
manga-9873-12701,1-456758,-2,1.0274841724444563,9.350593796208798,9.436847750779444
manga-9873-12702,1-623451,-2,0.7793074302485898,9.042531979730693,9.197782119791524
manga-9873-12703,1-623416,0,0.9471477825524381,9.747734249078814,9.88857484213799
manga-9873-12704,1-456550,-5,0.8195575257874452,9.34849406572532,9.517511273932667
manga-9873-12705,1-456623,-5,0.9766758400466884,9.750607155864149,9.881591197140619
manga-9873-1901,1-623608,-5,1.0460240018064901,9.891024517010866,9.952788569720404
manga-9873-1902,1-456361,0,1.0508804019522877,9.907518705538783,9.969648840480724
manga-9873-3701,1-456568,2,1.0127626906726732,9.326203943702748,9.422392836227372
manga-9873-3702,1-456556,2,0.6989593422070008,9.055508719756315,9.234466663490261
manga-9873-3703,1-456864,-2,1.1287795663068678,9.656299045022577,9.707141631154453
manga-9873-3704,1-457194,-2,0.6417655199374082,8.704764950602476,8.916372346163163
manga-9873-6101,1-456929,-2,0.7950906602765002,9.14350564954341,9.284620202828213
manga-9873-6102,1-456909,1,1.0048821171338176,9.238832870888352,9.339069650927621
manga-9873-6103,1-456853,1,0.7966701641913403,9.491559064156814,9.778943837960785
manga-9873-6104,1-623655,-5,1.0211112945782723,9.83873371259715,9.905763509386432
manga-9873-9101,1-456614,-5,0.9847355362335861,9.556413499677136,9.673773584860689
manga-9873-9102,1-457208,0,0.6809752934305102,8.781598598392092,8.95594257706093
manga-9874-12701,1-404264,-2,0.6007949647749804,8.774376292717383,9.006568720431261
manga-9874-12702,1-456861,3,0.5705194069632427,8.749098726620808,8.977833764969331
manga-9874-12703,1-456957,3,0.7866614815350808,9.317093845216522,9.557402525524685
manga-9874-12704,1-404292,-5,0.770310331826856,9.532726261988302,9.691719639375908
manga-9874-12705,1-456672,-2,1.0229592828783431,9.838647939147394,9.920720071035284
manga-9874-1901,1-456668,-5,1.0349132694315344,9.93727932972986,10.046951460522758
manga-9874-1902,1-457006,1,1.0625864664784963,10.280838195947895,10.348738940527479
manga-9874-3701,1-591253,-2,0.9903956261403337,9.906292090866092,9.966099475003897
manga-9874-3702,1-404306,0,1.0349937953711752,10.18519999316336,10.214682281636252
manga-9874-3703,1-623640,1,1.1682692513582609,10.021762616564658,9.96782400243138
manga-9874-3704,1-456716,1,1.005930861426343,9.937707042203318,10.01546454355833
manga-9874-6101,1-456952,0,0.9230323395350837,9.425724133016523,9.541102256551879
manga-9874-6102,1-456896,1,0.6775920314235044,8.714674874585508,8.933381485280483
manga-9874-6103,1-456972,3,0.8433321420427191,9.002365203390593,9.1921993456976
manga-9874-6104,1-457160,3,0.8493803847663202,9.167708364484925,9.334288848794724
manga-9874-9101,1-623985,-2,0.9430234022925319,9.979322193154506,10.121241310434515
manga-9874-9102,1-404358,1,0.9363589441913369,9.714550842156813,9.856945077768405
manga-9875-12701,1-456600,0,0.571473426205575,9.353896624926476,9.584354974197606
manga-9875-12702,1-456889,-2,0.9660059046961464,8.661403169351875,8.81544358771836
manga-9875-12703,1-404160,2,0.8221932289391738,8.922157365823699,9.068538350932567
manga-9875-12704,1-404293,2,1.093436199558564,10.737943240245889,10.75385105919879
manga-9875-12705,1-457231,-2,1.1709860995691237,10.06341427633585,10.033278966526815
manga-9875-1901,1-456832,-2,1.1432401540173558,9.530898569142526,9.517141772772627
manga-9875-1902,1-456299,0,0.7706108709752826,9.17456127121838,9.336247538169411
manga-9875-3701,1-456615,1,0.750694485431719,9.286953460045813,9.460947430644847
manga-9875-3702,1-456905,-2,0.6675202370121625,8.99124848673575,9.304361254225308
manga-9875-3703,1-456955,1,0.6301010852690503,9.320536193185605,9.791331277798058
manga-9875-3704,1-456640,-2,0.8776689526621091,8.900279338832549,9.085179938592216
manga-9875-6101,1-456828,2,0.7660163055203846,9.758996159596165,9.82110196553028
manga-9875-6102,1-456580,-5,0.9343492875298871,9.346668665089975,9.382895554701335
manga-9875-6103,1-404242,-2,0.9127515772840553,8.918634755039163,9.04753186250349
manga-9875-6104,1-623605,-2,0.8730117148282766,9.257671754597206,9.373027922042443
manga-9875-9101,1-456884,1,0.9906406950173512,9.135070432242522,9.240367006044176
manga-9875-9102,1-624022,-5,0.9874934239018245,9.587160143476762,9.681297330123588
manga-9876-12701,1-456850,2,0.30657430137117814,9.191039357763362,9.165689376017617
manga-9876-12702,1-456717,1,0.9597463396055197,9.848533427763918,9.987847183271695
manga-9876-12703,1-456916,-5,1.0505731565465837,10.693354089586558,10.748862985266118
manga-9876-12704,1-591279,-5,,,8.74737296048876
manga-9876-12705,1-457097,9,0.3960844546137352,8.989111360245152,9.224856655856959
manga-9876-1901,1-456877,-5,0.8386611203840921,9.008644942822524,9.165463941071263
manga-9876-1902,1-456618,0,0.8376018756982369,9.307757423906732,9.494701293785822
manga-9876-3701,1-456710,1,0.6837308218405305,9.117754463349963,9.319636886294104
manga-9876-3702,1-456714,11,0.6732078361239218,9.222740789903641,9.391063963990108
manga-9876-3703,1-456616,7,0.3260368321171221,8.717024880791772,8.869499256611519
manga-9876-3704,1-457163,-2,1.3731310363875942,10.084625478225817,9.859458343873946
manga-9876-6101,1-623893,5,0.44225626859797984,9.533468940868177,9.775614816411702
manga-9876-6102,1-457151,1,0.8907059366900221,9.295628447065035,9.45148708353085
manga-9876-6103,1-404164,4,0.739221711439928,9.096873974547972,9.262270689532032
manga-9876-6104,1-623710,-5,0.7350264474301156,8.772713359240726,8.99631155289108
manga-9876-9101,1-404243,2,0.9989771560513958,9.95019537168162,10.022465488785775
manga-9876-9102,1-457147,2,0.9032479187536708,9.907099842320337,10.065000518319213
manga-9877-12701,1-623330,1,1.0020647134843514,9.920387732500618,10.035085368273887
manga-9877-12702,1-456573,-2,0.700463383620523,9.832963572817475,10.057441673124272
manga-9877-12703,1-624291,2,0.8511226574338906,9.077047080638598,9.276521544278673
manga-9877-12704,1-456627,-5,1.1701649478375131,11.283261284655742,11.293216660306404
manga-9877-12705,1-456694,-5,0.8989295445850622,9.53977500030901,9.689345270835949
manga-9877-1901,1-623662,1,1.0239745414996193,9.630786316588289,9.731981788978628
manga-9877-1902,1-456976,1,0.859672035613734,8.77571288734515,9.01879616603166
manga-9877-3701,1-456287,4,0.41948905399048897,8.656667234027113,8.842616727381907
manga-9877-3702,1-456564,3,0.6266429667628124,9.406126640881629,9.628261177591115
manga-9877-3703,1-457172,3,0.5423072171020351,8.976530528660751,9.251599290346498
manga-9877-3704,1-456557,2,0.9732633444399283,9.132062294847971,9.151041783463082
manga-9877-6101,1-456703,0,0.755707696174376,8.964775698165655,9.151694606811532
manga-9877-6102,1-457197,-2,1.0669172169051322,9.632515209304369,9.698304155018835
manga-9877-6103,1-456565,0,1.0278662323725989,9.559170757172268,9.643921264234658
manga-9877-6104,1-456956,0,0.8841989141103355,8.635787482358985,8.843833645133225
manga-9877-9101,1-456794,3,0.7385665307355609,8.843355681654394,9.078706882267515
manga-9877-9102,1-456859,0,0.7975696310000018,9.483266182100003,9.753981171127867
manga-9878-12701,1-457977,5,0.5896574988473198,9.862996102722287,10.085283441039424
manga-9878-12702,1-457614,3,0.9764141527499,10.864774841322468,10.924582152534303
manga-9878-12703,1-457790,6,0.5041974422758386,9.188327200557927,9.2730638059668
manga-9878-12704,1-626306,4,0.6901313273292828,9.91677419347493,9.997864107633228
manga-9878-12705,1-458007,3,0.6650077274903907,10.363990730489062,10.497569553307095
manga-9878-1901,1-591700,0,,,10.264541580529748
manga-9878-1902,1-458011,1,1.022645281042724,9.716438148290596,9.836529185959478
manga-9878-3701,1-522679,-5,1.164001228916156,11.041733982484363,10.989390187076614
manga-9878-3702,1-591690,2,0.7836690957627255,9.503032277843698,9.54279680488972
manga-9878-3703,1-457602,1,0.8987390605830967,10.190518471252796,10.208409105650881
manga-9878-3704,1-457562,3,0.6391336125674414,8.986372632692838,9.139570564817367
manga-9878-6101,1-522568,2,1.1086547352925287,10.746572343454503,10.764814770653812
manga-9878-6102,1-522651,-5,,,10.728385439717446
manga-9878-6103,1-457771,-5,1.1492037630524017,10.28817410335174,10.32590339975938
manga-9878-6104,1-568594,-2,0.9755481681042113,10.72089916623261,10.797355499066828
manga-9878-9101,1-458047,4,0.5128426970936495,9.068944371062415,9.263330653385083
manga-9878-9102,1-457965,5,,,9.661595010666806
manga-9879-12701,1-457424,1,0.9900123654194672,10.62739354107213,10.579301033166528
manga-9879-12702,1-457427,3,,,10.893017332705824
manga-9879-12703,1-403619,3,0.8554221996102598,9.847028427000241,9.798283860445244
manga-9879-12704,1-568564,3,0.7029792287749785,10.29144245511738,10.431292984476027
manga-9879-12705,1-457321,8,0.4746451802274585,8.701787966590294,8.897058838421557
manga-9879-1901,1-457265,1,0.9623703995313129,9.337149911598885,9.45678190628468
manga-9879-1902,1-403617,0,1.0237879022479248,9.628944269745208,9.742621453701434
manga-9879-3701,1-457401,3,,,9.316551114311643
manga-9879-3702,1-403613,2,0.7841734497846069,9.312986759507515,9.43762057202694
manga-9879-3703,1-457448,3,0.5574248515381015,9.364641843471208,9.598395414488719
manga-9879-3704,1-457386,3,0.7885903882694123,9.45604172587797,9.51097640952569
manga-9879-6101,1-401640,6,0.5372894036137303,8.723906696145148,8.929546129820006
manga-9879-6102,1-457054,4,0.6861243297899797,10.326083166950006,10.41474779034961
manga-9879-6103,1-403662,4,0.8849421100086801,9.427696904871265,9.6041601476776
manga-9879-6104,1-403609,-5,0.5161270875502666,9.137118969186028,9.420145607612628
manga-9879-9101,1-624369,5,0.46902847671652026,9.486373636529315,9.722652017760243
manga-9879-9102,1-457402,1,,,9.667696649793836
manga-9880-12701,1-591276,-5,1.0324590515313155,10.317151444798888,10.282259483083982
manga-9880-12702,1-457185,3,0.5770978781102443,9.25157857782105,9.39929636157968
manga-9880-12703,1-404199,3,0.5464017893610063,8.844199696004994,8.92344090943779
manga-9880-12704,1-624109,1,0.9358276934803804,9.691242749827062,9.88316384044218
manga-9880-12705,1-456996,3,0.9411840864427639,10.066125821665775,10.141139228075312
manga-9880-1901,1-456625,-5,0.9496423314958484,8.961657195190416,9.0726395213909
manga-9880-1902,1-456969,-2,1.040832361806487,9.671920913010863,9.734935775274193
manga-9880-3701,1-591200,1,0.7694097810774068,10.195130651196134,10.385600911904945
manga-9880-3702,1-456981,2,0.8510890542690461,9.7228686110856,9.953715245529786
manga-9880-3703,1-457149,0,0.8911683971062949,9.322312528587462,9.465010864717408
manga-9880-3704,1-457201,4,0.5929428723433858,8.679342624888822,8.858484260944062
manga-9880-6101,1-456649,-2,0.9309605698313881,9.499992594349134,9.635121683866135
manga-9880-6102,1-457211,2,0.9382580371995459,9.51349567443804,9.664363637103452
manga-9880-6103,1-456989,0,1.0700550323357163,10.005625972254897,10.020543581759386
manga-9880-6104,1-457156,3,1.0502121086372114,9.410356792874513,9.422995057917927
manga-9880-9101,1-591263,-5,0.9487329778099891,8.867335224374619,8.986647248523653
manga-9880-9102,1-457238,3,0.8995508477762186,9.222845058689408,9.441368310156632
manga-9881-12701,1-568582,5,0.35631533190456466,9.943779695877556,10.203032887014711
manga-9881-12702,1-523178,2,1.1574285098889057,10.677982993917592,10.603305713913503
manga-9881-12703,1-626840,-2,1.0907139752288835,10.557567114359667,10.584468050812179
manga-9881-12704,1-523188,1,1.0733824905230982,10.393632653717653,10.407448693237844
manga-9881-12705,1-523085,3,0.4706050612970003,10.380883434419498,10.513625059515531
manga-9881-1901,1-458316,0,0.9134444039032488,9.484382665805436,9.632980357597024
manga-9881-1902,1-523211,-2,1.0313835552373583,9.994715822975008,10.043114600600855
manga-9881-3701,1-523239,2,1.0071271160694124,11.397364226570092,11.360695633016887
manga-9881-3702,1-457872,2,,,10.146264506785357
manga-9881-3703,1-458301,-2,1.058445959613728,10.028702195745144,10.09154034317853
manga-9881-3704,1-568583,-2,1.0310391207762173,10.410254402989406,10.5061477086777
manga-9881-6101,1-523206,0,1.0085566653749503,10.571803160561235,10.649355307074057
manga-9881-6102,1-523167,4,0.9042791851239151,10.449847845803635,10.512102457380836
manga-9881-6103,1-458223,-5,1.0905796295078325,11.05157240336952,11.07355706337788
manga-9881-6104,1-627173,-5,1.057677182761882,10.542977290701568,10.601966607975283
manga-9881-9101,1-523203,-5,1.1375963805524414,10.710879730878819,10.700022326797464
manga-9881-9102,1-458248,8,0.26706378731809366,9.293262116338722,9.438390437811924
manga-9882-12701,1-523032,3,0.740419346716525,9.857555953529321,10.041250529155533
manga-9882-12702,1-523221,5,0.478663531345795,10.120319990696254,10.349409641710071
manga-9882-12703,1-422947,2,0.9360651575510133,9.978841660230371,10.062878932591337
manga-9882-12704,1-537083,5,0.625731094384097,9.019795146222531,9.241511616108008
manga-9882-12705,1-537118,4,0.5450744965175467,10.16517802307836,10.306633010160036
manga-9882-1901,1-568619,-2,1.1078780916386286,9.873240785483416,9.902967824489002
manga-9882-1902,1-568611,-2,1.0510583925700594,10.10396719841592,10.155029189630708
manga-9882-3701,1-523031,-2,1.043636207888909,10.494875285717596,10.541571756046135
manga-9882-3702,1-537081,0,0.8499829040936433,10.728266914762408,10.846661165430532
manga-9882-3703,1-523056,3,0.9277801456183496,9.764192417585152,9.768896973088491
manga-9882-3704,1-627331,-2,1.2183284976961524,10.600786225651879,10.531107052900525
manga-9882-6101,1-523058,3,0.7213995660332913,9.054830378776145,9.226702989585222
manga-9882-6102,1-523039,2,0.5423578704359748,8.958976231432986,9.176565828305288
manga-9882-6103,1-422912,2,1.1723721218208247,10.558185048478936,10.533878776507896
manga-9882-6104,1-422897,2,0.8958978668066102,9.954588750388577,9.995393852839795
manga-9882-9101,1-523057,1,1.1796592090936464,10.922974910262411,10.88239303439689
manga-9882-9102,1-537120,3,0.8650478372518755,10.376868502299725,10.481972631563957
manga-9883-12701,1-176644,2,,,10.787060711323782
manga-9883-12702,1-176908,0,,,10.471639300951855
manga-9883-12703,1-177034,3,0.9109039439687052,10.81136230970124,10.882067235060644
manga-9883-12704,1-176925,4,49.43381292483595,18.178135106163285,10.899612056697004
manga-9883-12705,1-177632,7,0.31681779780648966,9.040808940610866,9.06735731403754
manga-9883-1901,1-176659,-5,0.6861854571701222,9.236935789418018,9.405213131053452
manga-9883-1902,1-176647,2,,,9.27357069296551
manga-9883-3701,1-594855,2,,,10.061806706820342
manga-9883-3702,1-176882,-5,,,10.890227024147377
manga-9883-3703,1-176928,-2,1.0175689370701697,10.176275373833048,10.235543596450823
manga-9883-3704,1-177461,4,0.4814853382335862,9.130723177877135,9.315102988984668
manga-9883-6101,1-212201,-2,,,11.254651986005856
manga-9883-6102,1-176417,3,1.1515446843793882,9.735419249044591,9.593585095453896
manga-9883-6103,1-177105,-2,,,10.682940704166587
manga-9883-6104,1-177027,-5,1.05591409015258,11.32832170023977,11.354258302533474
manga-9883-9101,1-561014,-5,1.0601192941511677,11.678790849330873,11.659731799593699
manga-9883-9102,1-176947,4,,,10.17948285006148
manga-9884-12701,1-319961,2,,,10.558301678797575
manga-9884-12702,1-319977,3,,,11.003503614742536
manga-9884-12703,1-196310,4,,,10.52121917931847
manga-9884-12704,1-196274,7,,,8.831872972313512
manga-9884-12705,1-196630,3,,,10.20846285563324
manga-9884-1901,1-196277,3,,,10.475069440812698
manga-9884-3701,1-196372,1,1.0948838048452387,10.4316461948279,10.421985411998639
manga-9884-3702,1-196327,1,,,11.094334844309564
manga-9884-3703,1-196267,2,,,10.76033727493208
manga-9884-3704,1-196637,1,,,10.341010905654583
manga-9884-6101,1-576458,1,,,10.907896982991549
manga-9884-6102,1-196655,-5,,,11.564313278617803
manga-9884-6103,1-196720,2,,,10.842856267926459
manga-9884-6104,1-196714,1,,,11.122386284935283
manga-9884-9101,1-196331,4,0.6579681473922108,10.58379577756582,10.733403526066668
manga-9884-9102,1-196523,-5,,,11.455355046716916
manga-9885-12701,1-376122,6,0.5344168917618859,9.136264182601572,9.328079775604365
manga-9885-12702,1-442322,9,0.7736813675230998,8.558719654417654,8.611844341436075
manga-9885-12703,1-376116,-2,0.969536095888909,11.039799306517594,11.104954613874035
manga-9885-12704,1-376117,4,0.7076442978758983,9.571515887541418,9.69190683984353
manga-9885-12705,1-376334,4,,,10.411244165078317
manga-9885-1901,1-376102,0,0.5145795282029582,9.36608346328479,9.595630677981386
manga-9885-1902,1-442354,-2,0.9428251632479245,9.90358540484521,10.024571861263604
manga-9885-3701,1-442359,1,0.9172143434550186,10.052480921378995,10.184972354017006
manga-9885-3702,1-375718,2,0.7749971909689748,9.508097502035355,9.666822067404604
manga-9885-3703,1-376346,1,0.8711212627575691,10.347238039035462,10.376664537028288
manga-9885-3704,1-376347,2,0.5724477348526946,9.76260335360664,9.944129170536772
manga-9885-6101,1-442338,6,0.16191028154658227,9.102715547086556,9.189543649759315
manga-9885-6102,1-442358,-2,1.0845805657445275,10.999005688259045,10.982768577251012
manga-9885-6103,1-376132,5,0.5687319254044638,9.485027464339503,9.59001658245561
manga-9885-6104,1-376330,1,0.9508394423554236,10.34207311408639,10.352163215705444
manga-9885-9101,1-442983,4,0.46852015917606593,8.777544323408675,8.988237799118847
manga-9885-9102,1-442076,3,0.3685190418036477,9.390506092353519,9.640779477344857
manga-9886-12701,1-441573,3,0.5651352080762031,9.842603082442418,10.079347693698592
manga-9886-12702,1-375869,3,0.6693894548061792,9.893296495478204,9.950370696863486
manga-9886-12703,1-317062,4,0.3944546042682937,9.562749873962183,9.823657428887515
manga-9886-12704,1-375964,5,0.37184128231600866,8.801997602383869,9.032655017689159
manga-9886-12705,1-633344,5,0.6226969157158564,10.413166434322905,10.6271507046257
manga-9886-1901,1-375679,1,,,10.55449037142328
manga-9886-1902,1-317099,5,0.6963050185979824,10.59707520586818,10.785645118008716
manga-9886-3701,1-594067,10,,,8.618576254255736
manga-9886-3702,1-317589,9,,,8.852046092437144
manga-9886-3703,1-317100,-5,1.00651104971492,11.122432543903301,11.18070779542898
manga-9886-3704,1-594081,5,,,10.341222766767082
manga-9886-6101,1-375434,-5,1.0464029650762896,11.100628682119886,11.184787929980734
manga-9886-6102,1-317060,7,0.23166662881214606,8.464268178307671,8.538562423907457
manga-9886-6103,1-375678,0,,,10.672917623124423
manga-9886-6104,1-317575,3,0.8985792284903837,9.813455609589058,9.781385528525073
manga-9886-9101,1-375801,6,0.4541778144444564,9.0875938984088,9.28666076914181
manga-9886-9102,1-375863,-5,1.1355972245418755,11.000857508169082,10.943674033351158
manga-9887-12701,1-559160,4,0.9339057575365892,10.044140363824365,9.950823737079421
manga-9887-12702,1-264422,-5,0.9992653833725988,11.025389571272267,11.10163711205645
manga-9887-12703,1-297266,-5,0.9878242662373609,10.916805593075011,11.013721778051064
manga-9887-12704,1-633396,-5,,,11.103232265007028
manga-9887-12705,1-264375,2,0.9462179311403354,10.761823926366093,10.788613047691994
manga-9887-1901,1-297219,-5,49.31862453183594,18.077005949863274,10.594684192234983
manga-9887-1902,1-264349,-2,0.9571698683051757,11.177907241279552,11.228992874101069
manga-9887-3701,1-264482,3,0.6718668962532028,10.039491757649763,10.109838303512577
manga-9887-3702,1-264427,2,1.1685195138132762,10.479248500843653,10.361374592100638
manga-9887-3703,1-264944,3,0.8284278832178344,10.932932670600165,10.99422694029286
manga-9887-3704,1-264886,-2,0.9230936746477738,10.83060067254471,10.836543739735415
manga-9887-6101,1-264865,-5,1.0608486600619536,11.264827887151814,11.28805238429455
manga-9887-6102,1-594053,-5,,,10.727162100502541
manga-9887-6103,1-264920,5,0.7541967395465825,9.224321554886554,9.392360992391476
manga-9887-6104,1-633475,2,,,11.26443528661788
manga-9887-9101,1-264890,4,0.8187465564603897,10.948556205081953,11.038449271399752
manga-9887-9102,1-561335,-5,0.9599645076937975,11.074577873562909,11.176230211058755
manga-9888-12701,1-593975,2,,,10.942621587756289
manga-9888-12702,1-316728,2,0.9867882602049143,10.931803889140998,10.9415005005991
manga-9888-12703,1-317381,-5,1.0803637834301227,11.423801716840732,11.417067935561775
manga-9888-12704,1-316945,4,0.39951513060183785,10.46203278026383,10.657385753067842
manga-9888-12705,1-375695,3,0.40057048651337723,10.406277347089581,10.595110255778039
manga-9888-1901,1-316700,-2,0.8795919053453432,10.65600909580549,10.81567601791394
manga-9888-1902,1-317315,-5,0.9966214422101096,10.82894738900824,10.859003723246095
manga-9888-3701,1-593989,0,,,10.34323523533362
manga-9888-3702,1-316773,-5,1.1440210379051337,10.900278120404371,10.880603823108949
manga-9888-3703,1-316675,-5,1.0322755727656592,10.774771090099446,10.837958819295812
manga-9888-3704,1-317211,-2,1.0080755498548655,11.008734007618031,11.069649600159877
manga-9888-6101,1-317226,-2,0.9810207536477762,11.057884511444714,11.133743234171165
manga-9888-6102,1-549010,-5,1.1362660085350846,11.298852300916524,11.273929091400825
manga-9888-6103,1-549008,-2,1.0363737221338134,10.978483136388348,11.024994372634962
manga-9888-6104,1-317388,-2,0.960637653552439,11.499514815178816,11.542866490112107
manga-9888-9101,1-316920,4,0.6181233091470375,10.035323607900485,10.120876515865373
manga-9888-9102,46-184,-2,,,
manga-9889-12701,1-439699,2,,,10.909080291188733
manga-9889-12702,1-633191,2,0.8828084096441806,10.361114564303485,10.364406519164994
manga-9889-12703,1-375445,-5,,,10.949788983869068
manga-9889-12704,1-375635,4,,,9.910715095741129
manga-9889-12705,1-375452,3,49.48789309683593,18.78260559136327,11.329304297634463
manga-9889-1901,1-375609,2,,,9.619247811762309
manga-9889-1902,1-440292,3,0.13977073823153674,9.218722344362064,9.466185257056047
manga-9889-3701,1-440254,-5,,,11.175123151782774
manga-9889-3702,1-439740,-5,,,10.771637447591804
manga-9889-3703,1-375532,-5,,,11.234517283512687
manga-9889-3704,1-439736,2,,,10.602356296209319
manga-9889-6101,1-440356,5,0.5971018204835978,9.133495110037664,9.325082384278906
manga-9889-6102,1-440301,9,0.37479703187834446,8.668778515047396,8.890225905771368
manga-9889-6103,1-375061,5,,,10.288580075744578
manga-9889-6104,1-375502,-2,0.548042090566895,9.115410853224597,9.32596286308267
manga-9889-9101,1-439760,-2,,,10.847334472147358
manga-9889-9102,1-375625,-5,,,10.927137239376387
manga-9890-12701,1-315503,3,0.96361195522746,10.808409439090294,10.835464172155444
manga-9890-12702,1-316437,3,,,10.862756122898041
manga-9890-12703,1-263718,-2,,,10.980326584660853
manga-9890-12704,1-632868,4,,,10.7383833302795
manga-9890-12705,1-316607,7,,,9.222958256446049
manga-9890-1901,1-316277,0,,,10.594289766236832
manga-9890-1902,1-316583,5,,,9.288810180928401
manga-9890-3701,1-315494,-5,0.9941381606947317,11.266763531642974,11.299960314991168
manga-9890-3702,1-315462,0,,,11.207413529182825
manga-9890-3703,1-316482,-5,,,10.733470118606771
manga-9890-3704,1-315931,-2,0.9938629161027919,10.350698159763242,10.416648827076251
manga-9890-6101,1-263694,1,,,10.920884240622675
manga-9890-6102,1-316593,2,,,10.598017497046232
manga-9890-6103,1-263747,1,,,10.682284100585724
manga-9890-6104,1-633021,2,,,10.76366155122953
manga-9890-9101,1-315799,0,,,10.377371827498578
manga-9890-9102,1-632854,-5,,,11.267844949667955
manga-9891-12701,1-374333,-5,1.0644982340466846,11.296879181264144,11.286371129458303
manga-9891-12702,1-374377,-5,1.022081600694733,11.099829995642976,11.11414374967188
manga-9891-12703,1-593748,5,,,8.969270035740458
manga-9891-12704,1-373830,4,,,10.578806478528856
manga-9891-12705,1-374773,-2,1.2411669580513944,11.21822700988162,11.073469063415018
manga-9891-1901,1-593648,-2,,,9.676506136811948
manga-9891-1902,1-373827,2,,,10.787592230670016
manga-9891-3701,1-373870,0,0.7334399934301175,10.896964227840726,11.181540619034898
manga-9891-3702,1-631872,1,,,11.303720782882166
manga-9891-3703,1-374423,-5,1.1057069654550133,11.119850501578991,11.100735750370866
manga-9891-3704,1-374400,-5,,,10.904991826596067
manga-9891-6101,1-436574,1,0.9760397048508231,10.946106649046508,10.98444449696657
manga-9891-6102,1-373878,4,,,9.755209952584881
manga-9891-6103,1-373953,-5,1.0078270355230998,10.546673033217653,10.613289885609811
manga-9891-6104,1-374081,-2,,,10.764380897687062
manga-9891-9101,1-374007,-2,0.8830479146818142,11.217683100883807,11.358239508171772
manga-9891-9102,1-436646,1,1.043762771812144,10.67189121960767,10.737701407714631
manga-9892-12701,1-294986,3,0.5963189988895721,9.666306309003078,9.858011154211553
manga-9892-12702,1-295059,11,49.45193634983594,17.870751933663282,10.43603536260787
manga-9892-12703,1-295107,5,0.4858513512403775,9.722272494849463,9.932063629557941
manga-9892-12704,1-295044,3,0.7565424155237643,10.469961476403137,10.621047428892188
manga-9892-12705,1-295062,3,0.521322813254713,9.247588078517532,9.483357609274064
manga-9892-1901,1-294999,-2,0.9314560713725939,9.875238672072264,10.018425857862534
manga-9892-1902,1-294778,-2,0.5768824310597829,9.163425539779958,9.333358592787851
manga-9892-3701,1-295463,-5,0.854475132151169,11.019554615130874,11.157970243604714
manga-9892-3702,1-295446,-5,0.9549291467536705,9.896694097120337,10.014978112888643
manga-9892-3703,1-295093,1,49.16754316483594,17.680737450163278,10.433083057921126
manga-9892-3704,1-294923,1,0.7858657104843552,9.526321505200622,9.658470265464324
manga-9892-6101,1-295070,-2,0.8664010578473196,10.659179709622286,10.754725885416644
manga-9892-6102,1-295411,11,49.21168188083595,17.869720245763283,10.469823488160353
manga-9892-6103,1-295041,2,0.7044948425313109,10.263707282898883,10.382490723782274
manga-9892-6104,1-295025,0,0.9997550800657287,10.364425839549689,10.457080664078493
manga-9892-9101,1-295374,4,0.4897117522990513,10.169379692192715,10.311270572045805
manga-9892-9102,1-295128,7,0.4036124306982316,8.963050894406727,9.158217703135115
manga-9893-12701,1-325663,3,0.6195036089820682,10.206337045690702,10.346272759503725
manga-9893-12702,1-324605,4,0.36388062942208776,9.768645617155679,9.964336014039583
manga-9893-12703,1-324658,3,0.7429241435530081,10.595796168386826,10.60603938484515
manga-9893-12704,1-326095,5,0.4487059437354759,9.253395614937393,9.388396080505926
manga-9893-12705,1-324762,6,0.45839958522066837,9.16800001341797,9.380194955363164
manga-9893-1901,1-324637,-5,0.8255436452676292,9.3735510818767,9.511432797368114
manga-9893-1902,1-324790,1,49.50404464183593,17.149402750863274,9.84423852781199
manga-9893-3701,1-324619,1,0.8579962456646442,9.775701872937468,9.854318797116031
manga-9893-3702,1-324633,0,0.738182382380046,9.60660158603007,9.77411021728562
manga-9893-3703,1-326103,1,1.048867575371176,10.77500123116336,10.779339589981259
manga-9893-3704,1-325913,1,0.7434896230475303,10.180611120006276,10.277547331525998
manga-9893-6101,1-324624,-2,0.8914225224876446,10.698457167309192,10.813089043331315
manga-9893-6102,1-325918,2,0.9164768621102475,9.823951892221054,9.830981088420106
manga-9893-6103,1-324635,1,0.9320703304603875,10.576165468481951,10.628327613559836
manga-9893-6104,1-326102,4,0.4787819572485894,9.149421595430693,9.392302920456858
manga-9893-9101,1-324738,-5,1.015859910785366,10.933121736730937,10.96827555845261
manga-9893-9102,1-324789,4,0.6653726533745861,9.516164475749644,9.633275505174536
manga-9894-12701,1-294489,6,0.27565045308441327,9.327247806002717,9.5592085610606
manga-9894-12702,1-294319,3,0.594579056472547,10.260524037038627,10.402581180617274
manga-9894-12703,1-294633,3,0.5440577961907067,9.939926315111109,10.06934984297604
manga-9894-12704,1-294327,5,0.46689433753405396,10.26611273699968,10.488801632371926
manga-9894-12705,1-294344,6,0.41750292739909156,9.30148493117608,9.561437712296524
manga-9894-1901,1-294387,-2,1.0276520282342076,10.368779676815606,10.401092013199012
manga-9894-1902,1-294335,3,0.4655600930936501,8.985579234662413,9.237314969579584
manga-9894-3701,1-294356,1,1.3274102991743746,10.421442365465651,10.170346805301794
manga-9894-3702,1-294376,2,0.8041916410299095,10.083679426200955,10.254722267486981
manga-9894-3703,1-294332,1,0.4934627699752774,9.909037332118377,10.149788558165687
manga-9894-3704,1-294189,-2,0.875288360460388,10.44895094148195,10.55194378811786
manga-9894-6101,1-294355,2,0.6394408572153303,10.400300856233862,10.518208510320969
manga-9894-6102,1-294166,7,,,8.936287488510816
manga-9894-6103,1-294369,6,0.4311578048548661,8.871878028118033,9.061380844749511
manga-9894-6104,1-294374,3,0.5878449307315172,10.257384292582868,10.426608844666166
manga-9894-9101,1-294459,-5,0.8769490287618851,11.025651289301571,11.135889223397017
manga-9894-9102,1-550782,8,,,8.789837264929696
