MaNGAID,OBJRA,OBJDEC
1-1009,149.647481331,0.7427726376
1-10166,199.2955574,0.913561334
1-10177,199.460009291,0.34998996525
1-10263,200.400259414,0.573031983277
1-1033,149.707718089,0.836657711419
1-1037,149.657311739,0.870762819465
1-10375,202.924176092,-0.466036685729
1-1038,150.101545948,0.704575815478
1-10425,201.442019476,-0.914642891419
1-10550,200.6611155,1.17568528896
1-106204,336.514250063,1.20468296253
1-106251,340.021758057,-0.80773151136
1-106338,339.669419147,0.100983055439
1-106408,340.714913429,0.865580009823
1-106411,340.544726747,0.690932310738
1-106520,342.929836046,0.415276453685
1-106630,346.67224439,-0.851836934787
1-106663,347.324231618,0.0644395785777
1-106664,347.261970695,0.266957418144
1-106670,347.345531209,1.00060002603
1-106961,353.444468017,-0.66622363895
1-107040,355.280240908,0.0952352023068
1-107452,6.04524880291,-1.02032384366
1-107505,4.92822666882,0.102630339224
1-107573,6.91753,0.5161
1-10760,203.911524323,-0.920043478671
1-107659,9.11575087486,0.577002475521
1-107761,10.1981233273,0.621880632666
1-107835,14.1637312846,-1.0770352909
1-107841,14.3422951156,-0.428793112279
1-107844,14.3651067206,-0.471576861665
1-10786,204.088635593,-0.460524329759
1-107935,14.0174249395,0.261008421553
1-10794,203.589586354,-0.741650440178
1-10797,203.732821921,-0.174215238092
1-10808,203.752677252,-0.447620213353
1-108080,17.6509664632,-0.468369701747
1-1081,149.994877082,1.05497529729
1-108124,16.8275058782,0.934323126945
1-108143,17.5588928233,0.365933355647
1-108250,18.7598365173,0.307445048109
1-108257,18.8231951281,0.165288338297
1-10850,202.579541401,-0.870677025388
1-10856,202.632185668,-0.734217754
1-10862,202.452445206,-0.294176769541
1-108696,30.6580468389,-1.09908513268
1-108698,30.8234544247,-1.00135903301
1-108741,29.7486076233,0.908496429957
1-108765,30.8167961786,0.298830588268
1-108881,33.2316,-0.46726
1-108949,35.418845091,0.255233152292
1-109056,39.4465871047,0.405085157798
1-109073,42.1567757009,-0.554292603774
1-109081,41.694639931,-0.728826852116
1-109112,41.3609282489,0.91013274057
1-109152,43.7904849573,-0.177861101978
1-109167,42.2169259383,-0.524053160567
1-109206,46.3410404009,-0.382339878308
1-109223,45.2148475708,0.807398968541
1-109234,45.9974263376,0.426382098814
1-109244,47.9994154757,-1.16166126075
1-109250,47.7852584272,-1.05434100442
1-109270,46.6858583566,-0.40880014755
1-109275,46.070671944,0.51988598971
1-109284,47.435601121,0.879380568919
1-1093,150.31881552,0.120871771315
1-109308,49.9495621925,-0.22114540619
1-109356,50.0738407878,0.523632230733
1-109378,51.1699181501,-0.681472614144
1-109392,50.9223379075,-0.117034141997
1-109394,50.179936141,-1.0022917898
1-109419,51.22895826,0.605956492656
1-109428,54.602285942,-0.0185818400418
1-109493,56.4251416467,-0.378460418812
1-109521,54.5970661097,-1.18410023556
1-109679,328.73606667,-9.3024261469
1-109808,329.242290245,-6.91925217856
1-109817,329.120653445,-7.75446574172
1-109836,329.320132248,-7.25543383131
1-109849,329.255111667,-7.90423704127
1-109860,329.372617128,-7.79571570952
1-109872,329.541860019,-7.80037312434
1-109909,329.710729464,-7.66084267855
1-109934,329.862723834,-7.7830474748
1-110095,329.531280868,-7.92928264415
1-110133,330.002793236,-7.23478588103
1-110139,329.388791032,-7.73905917162
1-110165,329.609519049,-7.36499668312
1-113,145.681110296,-0.867232790375
1-113208,317.504479435,9.86822191739
1-113219,317.374745914,10.0519434342
1-113242,316.709484212,9.19736898687
1-113265,316.490913324,9.15532109335
1-113273,316.131761556,9.90548458024
1-113292,316.043643235,8.99511499267
1-113315,315.503123061,10.3769516613
1-113322,315.533514754,11.0751131018
1-113343,315.932391774,10.8875738203
1-113346,315.85387762,10.8770313048
1-113368,315.831306013,10.944169029
1-113375,316.639658795,10.7512221884
1-113379,316.541566803,10.3454195236
1-113403,316.964281103,11.2623177305
1-113404,316.882256606,10.9772086203
1-113405,316.841308073,11.0664208661
1-113418,319.353761201,10.2316206875
1-113468,317.918280237,9.34565198917
1-113469,317.943526819,9.27749462963
1-113476,317.568825378,10.4088108392
1-113518,316.728514291,10.8067838685
1-113520,317.502202242,11.5106477077
1-113521,317.388736588,11.5029226993
1-113525,317.430068351,11.3552406345
1-113539,317.979595193,11.3794496273
1-113540,317.903201533,11.4969433994
1-113551,317.822924346,10.4825883796
1-113567,318.026426419,11.3451572409
1-113585,319.11342841,10.7676202056
1-113587,319.273361936,11.1201347053
1-113647,319.814830226,10.070628454
1-113651,319.233949063,9.63757525774
1-113654,319.271463809,9.9723035679
1-113663,318.804558778,9.91312455151
1-113668,318.827736002,10.4968107833
1-113672,318.862286217,9.75781705378
1-113675,318.775640877,10.0984558649
1-113698,319.194045241,11.5400106533
1-113700,319.451824118,11.6605961542
1-113789,322.691801536,10.6243260663
1-114035,322.294288912,11.7187303015
1-114059,322.828842369,11.5653492247
1-114063,322.78229762,11.474054182
1-114073,324.895915071,11.2049630634
1-114082,324.152525127,10.5067325085
1-114093,324.299101971,10.6637929164
1-114098,323.819317898,10.2967224879
1-114121,323.466394588,10.0718531123
1-114124,323.475873493,10.4803515458
1-114128,323.470604621,10.4397349551
1-114129,323.521211519,10.4218555682
1-114145,323.577092837,11.2143239831
1-114147,323.764605121,10.9603846391
1-114171,323.296326308,10.6442039273
1-114214,322.327484037,11.2009799461
1-114230,322.242776107,11.3665010958
1-114235,323.105171694,12.5476178924
1-114245,322.90647621,11.8316571784
1-114252,322.93337185,11.3812005769
1-114253,322.892947692,11.6539824015
1-114292,323.33666397,11.5934174348
1-114303,323.65768,11.42181
1-114306,323.742750886,11.296528361
1-114316,323.932154836,11.6507729216
1-114325,324.094963475,12.2363038289
1-114334,324.259707865,11.9062032693
1-114454,324.586417578,11.3486728499
1-114465,324.89155826,10.4834807378
1-114500,324.548678082,12.1942577854
1-114502,324.799320383,11.9393222318
1-114532,325.161350811,11.7227434323
1-114782,330.67636652,11.4446548349
1-114818,330.337232216,12.196692699
1-114820,330.423500416,11.8567879995
1-114845,329.64706335,11.9104882663
1-114919,330.881270692,12.6260022347
1-114923,330.983076998,12.4687815255
1-114928,331.080925269,12.9683778244
1-114955,332.602089837,11.7130772993
1-114956,332.798726703,11.8007324019
1-114973,332.238573881,11.8776065621
1-114980,332.83066426,12.1847175842
1-114998,332.756351306,12.3743026872
1-115062,330.855372733,12.6758983985
1-115066,330.976750979,12.6642469019
1-115085,331.802634213,13.2660525434
1-115097,332.203447059,13.3647373417
1-1151,151.699917385,-0.503646734905
1-115128,332.481316937,12.8180504327
1-115158,333.339612109,13.4364824869
1-115162,333.201842347,13.334120927
1-115232,334.553074094,12.8353142957
1-115254,334.353436615,12.5229920972
1-115262,334.060493665,12.3955245423
1-115274,333.978195184,12.6151916912
1-115275,333.863494923,12.9175093175
1-115277,333.97282579,12.7245811567
1-115317,333.627651366,13.0791900239
1-115320,333.052045245,12.205190661
1-115334,333.172171227,14.0761992722
1-115335,332.955126908,13.9676412448
1-115341,333.152578186,13.8555699976
1-115345,333.443869207,13.790774462
1-115346,333.402094239,13.6724598938
1-115353,333.393081155,14.1089672928
1-115354,333.343965404,14.0070573057
1-115355,333.326127251,13.8244277883
1-115357,333.314580968,13.9838346746
1-115358,333.542752262,13.2788622583
1-115360,333.603384227,13.7759632727
1-115365,333.483204009,13.755395826
1-115366,333.518524068,13.767000362
1-115367,333.703279003,13.8335362186
1-115371,333.656024818,13.874743128
1-115376,333.648863378,13.9729975971
1-115377,333.590721449,13.9531257033
1-115380,333.714150086,13.7152585248
1-115386,333.74114049,13.7619168683
1-115388,333.622475603,13.490913336
1-115394,333.866419449,13.8539769059
1-115398,333.969214314,14.0794360744
1-115399,333.959624869,14.1155666805
1-115401,333.918183568,13.8821337941
1-115403,333.791087605,14.0417736019
1-115405,333.926307103,13.8154452885
1-115415,333.788914741,13.8037127956
1-115417,333.87617239,13.6732062698
1-115418,333.919137215,13.6047393057
1-115427,334.002136705,13.1477701289
1-115435,334.241505868,13.5430726487
1-115437,334.218347273,13.4259577625
1-115650,334.747533444,13.1874809788
1-115798,338.874296888,12.4171277136
1-115851,338.719576888,13.2775714718
1-115863,338.192251432,12.7310382011
1-115875,338.410077258,13.2121265666
1-116022,337.668256288,13.9801268823
1-116035,338.085605685,13.9310148508
1-116081,338.67001754,14.6605171631
1-116087,338.83846536,14.0737146585
1-116100,339.099452453,14.3017792173
1-116283,338.753121825,13.4661084782
1-116340,339.504068189,14.2989348899
1-1166,150.653506903,-1.00312045564
1-116700,344.395370877,13.042933604
1-116706,344.508086114,13.1344936123
1-116725,344.361223465,13.0016624035
1-116728,344.721760841,13.3587307861
1-116828,342.789245605,14.7651786804
1-116874,343.47968208,15.1399851717
1-116908,343.898042687,14.7243174987
1-116921,344.499955743,14.1559523945
1-116989,345.667962904,13.3290923124
1-116990,345.624235581,12.9331194997
1-117014,345.929436396,13.9265347034
1-117020,345.220214848,13.1777643243
1-117026,345.554607554,13.9036528836
1-117038,345.289605685,13.8480808579
1-117056,345.015282876,13.0742523564
1-117084,344.901090384,13.36983823
1-117086,344.750762939,13.4976882935
1-117088,344.899373098,14.089555413
1-117091,344.759688199,13.8135183561
1-117104,344.50104744,13.1684602735
1-117115,344.642894441,15.1727847674
1-117122,344.468144244,14.7829415454
1-117169,345.302645351,14.7446061902
1-117313,347.324121294,13.9812402244
1-117342,347.050280491,13.8228018613
1-117343,346.940831884,14.3764490519
1-117381,346.568490769,13.9823383344
1-117388,346.402363755,13.6225363994
1-117401,345.817495457,13.6833706267
1-117419,345.984515905,15.2588507225
1-117437,346.258517756,14.8343620594
1-117465,346.792989432,15.0098486321
1-117543,347.925261312,15.1106356934
1-117559,349.826670854,13.9116406686
1-117610,348.832759473,13.7281958172
1-117635,348.394663994,13.986785749
1-117663,348.281142294,14.2982899565
1-117666,348.102169548,13.9512873922
1-117694,347.762970034,13.618508797
1-117697,348.146860856,13.2744503009
1-117711,347.891964346,15.2503007949
1-117725,347.472604789,14.9275434011
1-117730,348.292416124,15.1422394776
1-117763,348.091177213,14.8670609243
1-117768,348.094573572,14.506319146
1-117771,348.652020652,15.3580000549
1-117781,348.41835107,14.9814504668
1-117799,348.678929573,14.7116768599
1-117856,349.576170174,15.3025500639
1-117864,349.758034985,15.0496749407
1-117882,351.928561855,14.5447516825
1-117892,351.090747599,13.922489976
1-117925,350.775678062,13.6668631057
1-117936,351.176577526,14.6088023672
1-117938,351.221370089,14.3499034483
1-117946,350.614211202,13.8158281524
1-117966,350.866739845,14.0917589642
1-117978,350.861246846,14.1316765073
1-117981,350.564057431,14.0807631771
1-117984,350.764799058,14.407344322
1-117998,350.440541417,13.8678328273
1-118005,350.496384644,14.2553377599
1-118008,350.478671998,14.6454521636
1-118034,349.484849576,13.8978074818
1-118054,349.789238646,15.7270930273
1-118083,349.916981775,14.8602571177
1-118109,350.446118845,15.0832698653
1-118129,350.699550466,14.8463214763
1-118142,350.809630916,14.6904736749
1-118166,351.015131499,15.2058786584
1-118169,351.043670313,14.9432102018
1-118178,350.903801841,15.2589795654
1-118184,351.147278745,14.7020949842
1-118202,351.229458941,15.3221434816
1-118204,351.335825376,15.2129932208
1-118217,351.515356158,15.5484959526
1-118221,351.410626495,15.3544432056
1-118223,351.38220535,15.3699345479
1-118238,351.79876,14.97633
1-118288,352.556312689,13.4671288661
1-118294,352.613977317,13.5485257723
1-118304,352.705096118,14.5994909154
1-118325,352.348200554,14.2043024757
1-118326,352.614670321,14.4588776123
1-118337,351.921854156,14.2411408952
1-118349,351.99968148,13.8520005476
1-118358,351.319908557,14.3598835491
1-118363,351.22558,14.2152
1-118369,351.513061043,14.6296134374
1-118373,351.802635815,13.4727794201
1-118379,351.788818704,13.7518368398
1-118381,351.203999456,13.9965391548
1-118382,351.108234772,13.97227969
1-118383,351.21763747,14.1389423892
1-118391,351.072128381,14.426938117
1-118394,351.120653258,14.304154369
1-118418,350.862680003,14.3258622859
1-118421,350.927810259,14.1278559588
1-118427,351.303985587,15.7943078203
1-118428,351.480215893,15.8283903442
1-118433,350.794118273,14.8200132316
1-118444,351.684831787,15.7149629237
1-118449,351.59377807,15.6762488281
1-118454,351.264750488,14.8910262705
1-118456,351.20103164,15.0000644401
1-118457,351.10604,14.79174
1-118480,351.780322825,15.2270050617
1-118491,352.308310039,15.436146886
1-118496,351.957182437,15.1192316032
1-118520,352.758678642,14.9990625909
1-118543,352.731162857,15.5764878473
1-1186,151.22077406,-0.0583135939724
1-118940,356.949098991,13.7087038903
1-118970,356.650300129,13.9464420972
1-118977,356.716132834,14.4806737696
1-119212,356.692322988,16.0431110447
1-119278,358.666956442,13.8882853416
1-119315,358.334562353,14.006344939
1-119362,358.10149882,14.5930685854
1-119373,357.971643427,13.6955810907
1-119410,357.857296617,14.1934171557
1-119566,358.529318093,15.969869894
1-119640,0.902841183943,14.2427753819
1-119684,0.380940562707,14.4074589516
1-119687,0.456361199121,14.4396890973
1-119740,359.724386549,14.0728154716
1-119742,359.752298426,14.0022801446
1-119819,358.542291555,15.2223679679
1-119845,359.858576025,16.1210039499
1-119871,0.00880833846515,15.8817740664
1-119904,0.0952066772657,16.1479198197
1-119929,0.473564621693,16.1375640993
1-119975,2.60626977945,14.289729307
1-120019,2.027154333,13.7580267287
1-120050,1.79846,13.76851
1-120061,1.99054316206,15.1034094009
1-120074,1.91844039127,14.7518655117
1-120100,1.6220900939,14.1824004602
1-120103,1.58173835379,14.3274536827
1-120162,0.934672988783,16.186917304
1-120269,1.60658690905,15.428792568
1-120324,2.25926960115,15.1265910173
1-120331,2.19167130266,15.8618041234
1-120335,2.25851028189,15.909608908
1-120369,4.17718720645,14.0394249591
1-120450,3.11891514753,14.1777375236
1-120518,2.0865914826,15.1560667655
1-120538,2.39588531487,15.6083144588
1-120547,3.46991672644,15.9618305169
1-120619,3.95333260723,15.6041423221
1-120636,4.00497245148,16.025960125
1-120651,4.18096356669,15.1525541786
1-120663,4.42733,15.33568
1-120677,6.72383942232,14.1837708969
1-120697,6.40198340771,14.1152744658
1-120728,5.93277928294,14.306715696
1-120743,5.81195592668,14.8095505605
1-120750,5.68606041105,14.9496947413
1-120779,4.91161473597,14.7003202754
1-120793,4.70333033859,14.7830526147
1-120798,4.93620678116,15.8584830694
1-120803,4.78434117908,15.7493356389
1-120817,5.03182103705,15.7956155898
1-120829,4.98978146939,15.0922151083
1-120872,5.79571291856,15.3889970096
1-120892,6.5731,15.48931
1-120918,6.65464268341,16.2242883462
1-120920,6.82394466351,15.9126171144
1-120935,114.775045083,29.1600739978
1-120941,114.610230102,28.9630777324
1-120943,114.635528012,29.1855193993
1-120955,114.162494128,28.5267670776
1-120967,114.177125896,29.3049107417
1-121023,113.048715618,28.8954305789
1-121035,113.678445152,30.0188958222
1-121075,114.695391123,29.8912832677
1-121151,115.479932675,31.4115350652
1-121202,114.636984214,31.1780871519
1-121206,114.500662552,31.2492796696
1-121209,115.005960084,32.194585629
1-121218,116.08278223,32.8105954402
1-121235,116.36044117,32.2681422697
1-121236,116.374106433,32.2937635561
1-121277,116.940641539,32.4322540414
1-121330,118.134870244,33.4816521327
1-121334,118.813053873,33.6421529369
1-121375,117.924465862,33.7528784353
1-121387,117.362640441,33.8354345075
1-121413,116.980811711,34.0367066983
1-121486,117.518331889,34.479317451
1-121523,118.082983546,34.5749683068
1-121532,118.09111,34.32657
1-121546,118.354928416,34.275716274
1-121566,118.607586613,35.0728723806
1-121576,118.855331262,35.1102360794
1-121598,119.117532641,34.7525277078
1-1216,150.782690174,0.0451664275529
1-121604,119.259924286,34.2736250131
1-121607,120.711475847,35.7735595945
1-121612,121.146375974,35.9977434187
1-121622,120.195154664,35.5294127325
1-121697,119.18781199,35.5041889433
1-121717,118.803430825,35.5967997097
1-121735,118.318165157,35.5725757854
1-121737,118.291306687,35.9325202653
1-121747,118.173710436,35.3209421817
1-121773,118.96543,36.31535
1-121784,119.667910183,37.2651193051
1-121789,119.532034412,36.8312692846
1-121803,119.71282153,37.6967584672
1-121837,120.075659949,37.6092531873
1-121851,120.447609463,36.2260578482
1-121871,120.76670425,36.2644893046
1-121911,122.144875082,37.1749904279
1-121923,122.130636583,37.5865756841
1-121936,122.043473817,37.7629023594
1-121947,121.406504036,36.3982971391
1-121951,121.561209049,37.6405216725
1-121959,121.466201503,37.5140925477
1-121973,121.273000921,37.6255983907
1-121992,121.084622616,37.8403587552
1-121994,121.080504667,37.7094315834
1-122002,120.778031862,37.0235574368
1-122044,119.811560997,37.3277476896
1-122054,119.882598143,37.8811718493
1-122057,120.872974251,38.4422802879
1-122059,121.007599808,38.4882074038
1-122067,120.895891577,38.1323246785
1-122088,121.678266567,39.0902156651
1-122094,121.244031648,38.2676957413
1-122111,121.800741247,38.2563612267
1-122119,121.88361,38.55001
1-122125,122.040031781,37.9213571348
1-122138,122.303250785,38.0177069537
1-122139,122.323241339,38.3369384918
1-122141,122.527402835,38.0170889262
1-122151,122.135232892,38.9053417382
1-122197,123.638301433,38.5447857357
1-122203,123.39634786,38.9283986605
1-122206,123.591747728,39.2513462898
1-122258,122.330865344,38.9419786271
1-122284,122.08452395,39.0236299957
1-122304,121.920806254,39.0042388809
1-122310,122.118199278,38.1518625278
1-122329,122.615495462,40.4306332562
1-122333,122.126792949,39.8931116326
1-122334,122.384302698,39.8879265787
1-122341,122.755264106,40.0568759253
1-122361,122.380643684,39.801879834
1-122364,123.087441795,40.6074306527
1-122388,123.061504897,39.7824655654
1-122400,123.191882352,39.3565351369
1-122412,123.30134025,40.4195406192
1-122507,125.059232699,40.6668030187
1-122535,124.672202647,40.1362967073
1-122586,123.172968253,40.4145744569
1-122595,122.972416583,40.230077419
1-122611,123.453117209,41.6494790245
1-122623,123.801912144,41.2146716573
1-122625,123.782607871,41.0995597522
1-122708,125.527645553,41.5090793057
1-122711,125.4594,41.876266
1-122783,126.648895962,41.0849826648
1-122869,125.233090842,41.1343286135
1-122919,126.71268359,43.6017189071
1-122926,126.289028377,42.3002736068
1-122990,127.63630141,42.9911746645
1-123021,129.733469875,43.4312168656
1-123041,129.095996405,43.4735167949
1-123075,129.37292008,43.8693536475
1-123109,128.698307457,43.7270636429
1-123171,127.800636778,43.6995772536
1-123178,127.823502328,43.463286778
1-123185,127.474767382,43.9702809035
1-123194,127.024478063,44.766756573
1-123195,127.796397595,44.6931705365
1-123217,128.473791951,44.8821564751
1-123252,128.166254541,44.3476870645
1-123255,128.316183998,44.049277626
1-123263,129.171011759,45.0969721629
1-123264,129.146485344,45.0210510403
1-123273,128.520167245,44.3272172592
1-123312,129.285155639,45.1649616715
1-123328,129.550307731,44.8071695466
1-1243,150.717006204,0.0687372189012
1-124604,141.34417921,50.5536812778
1-1258,150.541431096,-0.189241255394
1-1278,150.517055658,0.687529144448
1-130947,225.350725794,54.9592567058
1-131060,224.546901998,57.0009641092
1-131087,224.567548246,56.0703287351
1-131242,225.677220289,54.6385949393
1-131263,225.33606669,54.6158478754
1-131278,225.167636906,55.4887226458
1-131279,225.83392,55.69196
1-131286,226.513800409,55.5739311769
1-131338,228.050174379,55.5437900019
1-131378,228.754042953,55.4320093443
1-131877,237.662853085,50.4602451957
1-131989,236.298150462,51.1015698857
1-132011,237.166113327,51.1750589639
1-1332,151.163872913,0.281512703001
1-1335,151.079045513,0.120422851479
1-133922,239.195689664,47.9955208307
1-133926,239.746674933,48.5298872769
1-133936,239.858362172,48.7321213897
1-133937,239.958689735,48.6779238389
1-133941,239.030589848,48.0308761201
1-133944,238.912821361,47.661926928
1-133945,238.881357667,47.677310104
1-133946,238.880966501,47.8555868126
1-133948,238.891298957,48.0223923799
1-133949,238.823197485,47.9608570178
1-133950,239.041287581,47.8674661431
1-133953,239.563253191,48.1872779193
1-133956,239.439273068,48.3672089636
1-133958,239.544886094,48.3041919446
1-133972,238.465889238,47.8813908326
1-133976,238.718472619,47.8808922742
1-133979,238.531675097,48.1491524034
1-133983,239.205508197,48.2432349289
1-133987,239.334163047,48.2072621316
1-134004,238.448582292,47.4049584412
1-134010,237.941572866,48.3516725829
1-134020,238.046893627,48.0439162921
1-134108,238.073925811,50.154158496
1-134157,238.970632466,49.9874005792
1-134195,240.429062144,48.8279268869
1-134209,242.276471895,46.6712048189
1-134239,241.416442386,46.8465606897
1-134248,241.005278975,46.8029102028
1-134259,240.532494187,46.9519913624
1-134270,240.182366617,46.9456309622
1-134271,240.214208512,46.481412426
1-134293,240.418740846,46.085291751
1-134308,239.253556382,47.7039915549
1-134312,239.313567385,47.7905739316
1-134316,239.238058032,47.1332211828
1-134361,240.223955954,47.1970177194
1-134368,240.796720104,48.324598792
1-134382,240.452473085,47.3880375335
1-134390,240.362810999,47.2780611698
1-134393,240.790842608,47.3613778086
1-134399,241.033211453,47.3496584526
1-134400,241.069664001,47.3008458949
1-134503,243.873718478,44.2912632693
1-134562,242.727439731,44.985695801
1-134597,241.907223711,45.0653702307
1-134599,242.978644743,46.1277269855
1-134614,243.009178672,45.7750314981
1-134620,242.81921762,45.1213180675
1-134634,243.18537291,45.3520102657
1-134695,247.216030793,42.766888444
1-134716,246.230936349,41.9002554629
1-134737,245.912437896,41.834008415
1-134760,245.362216361,42.76129006
1-134793,245.298467101,42.1387339672
1-134848,244.331994382,43.4796723691
1-134884,245.194377712,43.1532077493
1-134924,245.662015493,43.4646577078
1-134954,246.578190983,43.4074643202
1-134964,246.760690284,43.4760996734
1-134978,246.42636598,43.9317741891
1-134994,246.881870865,43.4062635412
1-135003,249.123567525,41.0395448683
1-135027,248.159458333,41.4592222222
1-135030,247.893876589,40.5655973228
1-135035,248.165809199,40.8585013593
1-135044,247.907995888,41.4936431012
1-135054,247.674430234,40.5293893805
1-135055,247.641287575,40.5394009252
1-135056,247.783551904,40.3880826313
1-135057,247.57407,40.59861
1-135058,247.800367796,40.4218744432
1-135059,247.744881322,40.9305924298
1-135060,247.64402746,40.187299772
1-135072,247.6627,41.2105
1-135075,247.611868226,41.4839513341
1-135077,247.638466864,41.4385861863
1-135078,247.579418669,41.1020792928
1-135086,247.164907423,41.1110262056
1-135091,247.114855378,41.1610029708
1-135092,247.288958715,40.9876010971
1-135093,247.251721144,41.2842648761
1-135095,247.245291144,41.255253243
1-135101,247.480416346,40.6599580358
1-135104,247.381411391,40.4128198507
1-135115,246.900048575,41.1637663766
1-135117,246.939953427,41.0727088634
1-135129,247.280269588,40.5910287121
1-135133,247.282646413,40.6650474998
1-135134,247.225624269,40.8666111706
1-135139,247.296132917,40.857407722
1-135142,246.801335135,40.973653188
1-135143,246.72045304,41.2537505846
1-135152,246.887611078,41.1385055016
1-135157,247.04131843,40.6956030265
1-135159,247.104737009,40.8582200505
1-135163,247.089894816,40.9067946391
1-135165,247.150711235,40.6855551049
1-135169,247.073512364,40.9670086222
1-135177,246.467218431,41.0577922301
1-135190,246.753307091,40.8105223203
1-135193,246.959644668,40.937449163
1-135202,245.865872374,41.706383369
1-135207,246.323470587,42.6942265737
1-135218,246.472977708,41.5411708049
1-135227,246.704385548,42.6788992075
1-135235,246.668109413,42.0267543146
1-135239,246.487237926,41.5220653861
1-135244,246.907116078,42.6382296108
1-135255,246.94104964,41.7385062588
1-135285,247.21695308,42.8120113452
1-135371,250.156240419,39.2216349362
1-135372,250.116709759,39.3201174959
1-135383,250.312873125,39.7523514003
1-135418,249.523195508,39.506255251
1-135440,249.083630374,39.9462259106
1-135468,249.135695215,39.0278800132
1-135475,248.427159408,39.5977926781
1-135491,248.909205071,38.9727987048
1-135500,247.714769446,39.9896624805
1-135502,247.76417484,39.838503868
1-135503,247.882111795,39.8976507098
1-135506,247.948553785,39.8142396526
1-135511,247.869050815,39.942797711
1-135512,247.711831631,40.0247994472
1-135516,248.41315,39.25763
1-135517,248.456755755,39.2632054313
1-135520,248.109719223,39.5177666069
1-135524,247.256607727,40.5348708
1-135530,247.409672103,40.2353879985
1-135534,247.254797804,40.4950615378
1-135535,247.362254282,40.7224108673
1-135536,247.630905644,41.0941029331
1-135543,247.404369609,40.8483787594
1-135545,247.530374396,40.8801572026
1-135547,247.436995092,40.811654782
1-135548,247.591672626,40.9242421985
1-135549,247.523817872,40.7980240583
1-135551,247.448654652,40.8720077073
1-135554,247.599684412,40.6656769388
1-135556,247.454363992,40.6565077815
1-135557,247.567383472,40.6597436795
1-135564,247.766155094,41.1560477001
1-135568,247.718035556,41.2861515449
1-135573,247.710682162,40.5948188419
1-135577,247.733510214,40.4420511033
1-135579,247.86927656,40.1416815463
1-135583,247.933782082,40.4267250539
1-135596,248.220733643,40.3489151001
1-135606,248.718436818,40.1947711673
1-135608,249.056775643,40.7082929709
1-135625,248.507466756,41.3479443965
1-135626,248.515175692,41.240257878
1-135641,249.557305714,40.1468209363
1-135657,249.717085826,40.1993481631
1-135664,249.335470504,41.1889758683
1-135668,249.371986141,40.8799473806
1-135679,250.349059361,40.2187885261
1-135727,250.721638796,37.8766860641
1-135738,251.090088699,37.4387077016
1-135739,251.030390073,37.4692565374
1-135742,250.460004716,37.7347904571
1-135767,250.229385382,37.9043176124
1-135772,250.385514075,37.2663948024
1-135773,250.455651218,37.3092618083
1-135794,249.770169345,39.2907848202
1-135810,250.12314401,39.2351144868
1-135812,250.292722125,38.8319806379
1-135829,250.552926598,38.7079430093
1-135875,251.209902157,38.9602433789
1-135911,253.586583638,36.0136972847
1-135927,252.79647344,35.7668759796
1-135941,253.193483704,34.8078964193
1-135949,252.372631401,36.0394905812
1-135964,252.073026655,35.9001363933
1-135970,252.721692061,35.4770624203
1-135971,252.62180906,35.2114647084
1-135979,251.673281134,36.0904157114
1-135983,252.484993479,35.2120902521
1-1360,150.994189901,0.736632097198
1-136024,252.015786598,36.7343263312
1-136027,251.968160826,36.7059255751
1-136034,252.258317125,36.1925490288
1-136044,252.289915947,36.2238377918
1-136047,252.394600453,36.2009177497
1-136111,254.194923219,35.0481141218
1-136120,254.997419646,36.0290774727
1-136125,254.044140212,34.836519806
1-136128,253.942642235,35.6254285947
1-136248,253.793913226,36.9063091542
1-136268,254.44755809,37.6877060265
1-136286,255.709053426,36.7067487022
1-136292,255.350049437,37.3828022848
1-1363,150.999625203,0.806952367925
1-136304,256.01730405,36.4373676031
1-136305,255.915542507,36.3849337159
1-136306,255.869931612,36.4366645326
1-136307,255.715146001,36.6683763952
1-136333,123.028099529,33.390861019
1-136426,122.841078941,34.5816625567
1-136450,122.540399375,33.8793464336
1-136508,123.657888722,34.4998105102
1-13736,223.080917019,-0.269204471565
1-13738,223.045983798,-0.256094906365
1-137528,134.40495469,41.0439158135
1-137548,134.674576789,41.2364198815
1-137714,136.039205522,42.3034211072
1-137730,136.778259104,42.5951034895
1-137795,135.722564417,43.2477264356
1-137797,136.363181204,44.1438800822
1-137799,136.842484254,43.275431327
1-137801,136.68645847,44.2609809065
1-137844,139.427012288,44.1006868066
1-137845,139.308858804,44.4891619278
1-137853,138.935541667,44.2360887374
1-137870,136.730098431,44.121516356
1-137875,137.335924379,45.0655135856
1-137883,137.874763008,45.4683204593
1-137890,137.219338724,44.9322670576
1-137898,137.562412054,44.6841342226
1-137908,139.55919103,45.6516888989
1-137912,139.647743513,44.5967370112
1-137915,139.797122285,45.3665231283
1-137961,139.720468628,45.7277823533
1-138021,145.443221426,46.9738383647
1-138034,144.846118089,47.1268642387
1-138087,144.23925577,48.2941162265
1-138102,144.557956402,48.3883017672
1-138105,144.617048762,48.5255082955
1-138106,144.352308981,48.5154530802
1-138140,145.308121958,47.6885981864
1-138157,145.541530882,48.0128634742
1-138164,146.091838441,47.459850984
1-138167,169.655895859,3.76427864797
1-138169,169.735220706,3.59085570083
1-138181,169.99221465,4.42593484251
1-138223,168.731004191,3.9993935256
1-138227,168.748499694,3.60208836266
1-138276,168.58393777,4.02064011193
1-138281,168.601267794,4.16026495659
1-138283,168.5684611,4.19226907645
1-138298,168.230561782,4.03541726563
1-138324,168.001755124,4.13030529015
1-138351,168.266914194,5.09616034768
1-138401,168.94962812,5.09748870751
1-139814,179.347959166,4.54305781127
1-139868,178.098000815,3.97439609539
1-139929,178.04677522,4.35651794936
1-140248,179.957820987,4.0372712735
1-140345,179.10884,3.76667
1-140368,178.662411907,4.01121189221
1-140369,178.790747708,4.17097504973
1-140383,178.718532963,4.26995521022
1-14039,223.940740324,-0.334934208589
1-14057,223.426697678,-0.0127416403903
1-14092,223.133195164,-0.166402962412
1-14106,222.727488537,0.0277284430543
1-14130,222.869858185,0.907758678385
1-14136,223.183203097,1.21398730017
1-14151,223.34896,0.36421
1-14152,223.261093515,0.203133380578
1-14162,223.496810107,0.832218298842
1-14197,223.78977319,0.781623932016
1-1437,153.691233229,-0.339349545131
1-1439,153.63085745,-0.259439269596
1-144441,207.34602783,4.25931147069
1-144443,207.411606846,4.23827709062
1-144445,207.471665257,4.17796832284
1-144455,206.779743019,3.62232875604
1-144470,206.355441033,3.80664055169
1-144473,206.623411123,3.87831352087
1-144478,206.210369015,4.02384321484
1-144829,208.041297807,3.63691700925
1-144884,207.243832613,3.52248207833
1-144889,206.932679097,3.92787875217
1-144990,207.933291815,4.97600957655
1-145669,118.67516,26.64273
1-145679,118.423230372,26.4926990562
1-145741,117.177504896,26.5397644478
1-145771,116.660473878,26.4702171495
1-145783,116.759566834,26.7764878281
1-145791,117.8440302,27.5408814872
1-145802,117.925702595,27.6073929295
1-145806,117.902065984,27.3796745716
1-145823,118.158573664,28.0266316102
1-145828,117.860433991,26.991842388
1-145842,117.870044268,27.20214259
1-145856,118.383684969,27.7428815514
1-145871,118.531166648,27.6917942954
1-145884,118.625669207,26.915332139
1-145894,118.852820823,26.9863497763
1-145900,119.140351448,27.0332832977
1-145913,120.221692517,28.1303943794
1-145920,119.356842737,27.4403778
1-145922,119.314391101,27.4960155494
1-145926,119.341117108,27.5012922604
1-145958,119.633738082,27.8282401603
1-145963,119.884750278,27.9417139356
1-145978,119.355630313,27.8105794913
1-145988,119.249122151,27.754889
1-145995,119.19856416,28.2167208877
1-146001,119.066492744,28.1482205204
1-146016,118.83975006,27.3985714399
1-146026,118.613875815,28.1247205122
1-146028,118.592626166,27.0088036339
1-146046,118.323963177,27.4607379561
1-146067,118.794043458,28.6993967173
1-146104,119.210337919,28.3758651318
1-146106,119.174197002,28.3718488174
1-146107,119.666861433,29.1699471516
1-146129,119.607231337,28.7037152731
1-146138,119.933844641,28.7273113151
1-146142,119.816053724,28.4219099585
1-146171,120.283098326,29.1480936991
1-146246,120.569446646,28.4459485917
1-146247,120.723976721,28.4571247784
1-146265,121.267517208,29.7227114291
1-146266,121.29142057,29.4553831444
1-146271,120.331416864,29.1793799537
1-146283,121.218820746,29.5818975818
1-146292,120.699665063,29.4698282136
1-146337,119.955306621,28.9297506536
1-146344,120.067091114,29.4714367719
1-146352,119.903377344,28.8637979523
1-146360,119.910133628,28.7460943949
1-146380,120.232680129,29.9226162028
1-146408,121.236587027,30.7646045498
1-146420,120.712914963,29.9644325153
1-146432,121.126303813,30.0070714592
1-146440,121.489662307,30.3718231126
1-146452,122.017214783,29.9550560968
1-146463,121.886131979,30.8124577638
1-146465,121.969894867,30.5963162891
1-146543,122.651546118,31.2946412174
1-146605,122.385466938,31.7035152057
1-147394,140.39879069,43.2572462761
1-147475,153.13479279,46.6953613957
1-147485,151.829104575,46.5464374903
1-147488,153.21425096,46.9128221111
1-147496,153.213639346,47.2949237539
1-147507,152.773273523,46.8995324281
1-147514,151.309949901,46.6508890341
1-147521,152.545357653,46.9522671141
1-147522,152.514716814,47.1209306545
1-147537,151.547771122,47.2950386608
1-147546,151.233963795,46.7237362775
1-147547,151.216783448,46.6900168248
1-147548,151.311297189,46.7529150558
1-147602,151.729558675,47.9841111295
1-147649,152.046182936,47.5174726058
1-147685,156.044276918,47.5239549356
1-147787,154.119427243,47.3648162968
1-147815,153.365546207,47.516235898
1-147863,153.685061429,48.689638952
1-148046,157.77930272,48.0148303874
1-148068,156.805684986,48.2447914261
1-148086,156.699612286,48.1290396768
1-148127,156.298016415,47.7390794143
1-148489,158.890932942,49.9006405869
1-148512,159.301171026,50.1205681408
1-148527,159.563733424,50.2276943977
1-148530,159.574995379,50.1851689244
1-148536,159.435335298,49.7691642851
1-148547,160.369652079,50.8121118698
1-148554,159.604369454,50.0202082193
1-148557,159.714695164,49.7883577635
1-148581,161.317176298,49.8798829113
1-148582,161.256134626,50.2744807858
1-148596,165.01406067,50.0314072081
1-148597,165.161806175,50.2013906501
1-148599,164.986201771,50.1237569448
1-148601,164.889012935,49.9854637595
1-148602,163.79285328,49.3714644261
1-148615,164.793600164,50.2637478792
1-148621,164.662629367,50.1903401841
1-148649,164.000484902,49.9529079988
1-148652,163.961727629,49.6781033346
1-148653,163.912413488,49.8891291028
1-148664,163.063860959,49.6956970894
1-148668,162.754290604,49.8963316265
1-148685,162.218726287,50.0366593211
1-148691,161.539634572,49.5435654232
1-148754,163.061460594,50.5611491355
1-148756,163.00323765,50.8430346056
1-148780,163.622700303,50.5775427178
1-148841,167.245550959,50.3483337626
1-148855,166.075042353,50.0341044982
1-148892,166.420552361,50.5462257849
1-148893,166.408563733,50.3504230793
1-148907,166.050426251,50.6952447142
1-148914,165.776989011,50.3411804043
1-148918,165.651381038,50.6788154237
1-148921,165.658752936,50.7290295324
1-148949,165.198265499,49.9018766228
1-148954,164.971102678,50.0152009606
1-148985,164.982122326,50.4088297608
1-148987,164.551527597,50.2134538693
1-149051,165.481709166,51.2311891901
1-149054,165.40834058,50.8322152847
1-149066,165.824332177,50.7832536266
1-149067,165.833294654,50.7553074437
1-149105,166.768979469,51.6952397999
1-149109,166.815436494,51.9225442496
1-149116,167.145830484,51.9247410957
1-149147,171.102653854,51.23494063
1-149148,171.090866189,50.94366468
1-149170,170.562276175,50.7423359453
1-149172,170.539532448,51.1304263545
1-149193,170.166473867,50.8272870675
1-149200,168.73450562,50.334872965
1-149211,168.947799683,50.4016342163
1-149228,169.388714235,51.2716169401
1-149235,169.346247668,51.013378051
1-149270,168.300903481,50.2645926072
1-149277,167.98139033,50.0838502624
1-149284,168.163997566,50.6704842038
1-149323,167.944631582,52.1174330619
1-149329,168.361497759,51.7898396071
1-149384,169.378360081,51.9663298857
1-149454,170.162774962,52.6250411869
1-149461,171.065567027,51.7423071352
1-149470,170.634165673,51.5331403261
1-149471,173.037843908,50.7655350127
1-149496,172.621931698,50.7652709204
1-149501,173.721051992,51.0914623597
1-149507,172.156127006,50.8273829413
1-149512,172.318390244,50.9533615758
1-149517,172.218382754,51.0006797463
1-149532,171.718323494,50.5423825522
1-149536,172.104499923,51.0283528932
1-149541,172.430513229,51.2376634304
1-149556,172.317236027,51.5232336738
1-149557,171.779020656,51.1316446862
1-149561,171.657261919,51.5730412626
1-149563,171.462218476,50.6716162608
1-149572,171.383699396,51.1804088108
1-149580,170.803434791,51.1858847796
1-149586,170.516427569,50.8151214777
1-149589,170.723449707,51.3417778015
1-149593,170.70809677,51.2077081692
1-149597,170.483361192,52.8509678278
1-149603,169.708032528,51.7415530605
1-149610,171.159777594,52.5334256699
1-149621,171.394123778,52.5462969861
1-149622,171.978359283,53.0010855281
1-149624,171.357399251,52.6228783046
1-149631,170.859803262,51.719017951
1-149650,171.3568219,51.8839320984
1-149678,172.367915474,52.2256548653
1-149683,172.710872121,52.2077083462
1-149686,172.492084431,52.1831218423
1-149695,172.886300459,52.6560298078
1-149709,173.412868529,52.6745867065
1-149720,174.22898196,52.074745143
1-149721,173.898574725,51.7585184922
1-149730,176.224235153,51.267066724
1-149758,176.08426433,51.0193303344
1-149871,173.487347605,51.2497782985
1-149878,173.806890998,51.1619349883
1-149879,173.529250183,51.2208329985
1-149882,172.881712438,51.4106143104
1-149887,172.798562522,51.6980673726
1-149896,173.194517196,52.9408979919
1-149905,172.747894253,52.286610855
1-149985,175.465781636,52.6481039085
1-149989,175.822327233,52.7607282198
1-150013,176.13182454,52.6850796771
1-150173,178.048750543,51.989659304
1-150227,177.271667998,51.582213665
1-150232,177.217977736,51.5521761435
1-150245,176.940672412,51.0841798067
1-150254,176.787116029,50.9997116142
1-150286,175.402722248,51.8627179839
1-150302,176.022990288,52.8580410347
1-150328,176.567273244,52.8975220709
1-150337,176.83434,52.48843
1-150343,177.528404347,53.4198357093
1-150370,177.844535418,53.4441892852
1-150371,177.719600157,53.0666850736
1-150387,177.652146693,52.9284849415
1-150394,178.337530833,52.3453063957
1-150397,178.377423705,52.6894508496
1-150409,178.501280884,52.9214684692
1-150467,179.222946046,52.5471547263
1-150472,179.190268534,52.5070846888
1-150484,178.938661141,52.9939219537
1-150586,180.868184509,51.7155799645
1-150615,180.170419221,52.0379215415
1-150768,180.253019632,53.2501626213
1-150785,179.698674351,52.9889744502
1-150792,179.620301713,52.5702709861
1-150842,181.788472261,53.6714800591
1-150898,185.283260983,51.8964048359
1-150899,184.871439931,51.7759257611
1-150901,185.100410901,51.9854875188
1-150906,185.148424488,52.2576400531
1-150907,185.500876781,51.9877819007
1-150938,183.883908009,51.9130382422
1-150947,183.263994977,51.6485972672
1-150962,182.880864787,51.8634562239
1-150965,183.38826,52.30109
1-150991,182.027687739,52.3391185232
1-151019,181.36829764,51.4799396339
1-151120,183.204134464,52.9033000181
1-151200,188.248278968,52.2055219129
1-151202,187.741762957,51.3441438592
1-151205,187.744495284,51.6099070757
1-151237,187.261176752,52.3642013875
1-151258,186.985068971,52.5234740639
1-151264,186.780073597,51.8871267424
1-151266,186.730077143,52.0756532973
1-151296,185.756975092,51.9692825283
1-151303,186.066483435,51.2696548071
1-151307,185.326438229,52.2010036082
1-151330,184.83869171,52.6938750466
1-151386,186.743438715,53.6845795523
1-151408,186.645171934,52.9929646614
1-151414,186.787108803,53.1568434376
1-151418,186.99160515,53.0428344045
1-151428,187.114895374,53.5944301773
1-151429,187.17995213,53.3576933919
1-151624,187.778251994,52.4143339538
1-151637,188.083274884,53.0865819307
1-151639,187.684892464,52.8941984091
1-151640,187.676530729,52.9396294948
1-151674,188.618978715,53.1769021906
1-151695,189.563156757,53.0511238654
1-151702,190.190765017,53.1193329386
1-151713,190.322775754,52.7966303568
1-151780,194.966486933,51.2121754672
1-151797,194.347709985,51.0995578862
1-151831,193.877108145,52.0604218621
1-151832,193.838170045,51.8572469654
1-151874,192.362732058,51.5819077397
1-151879,192.292599801,52.1052134847
1-151896,191.488926719,51.3368778754
1-151914,191.439276951,52.950894267
1-151950,192.529595736,52.8501580981
1-151970,192.819716572,52.4863058892
1-151997,193.65737745,53.09004511
1-152000,193.682516237,52.935429032
1-152010,194.453138306,52.7792658133
1-152017,194.10533937,52.2958868332
1-152018,194.11460142,52.279470468
1-152019,194.043669892,52.2765747701
1-152028,194.493706457,52.7901877663
1-152034,194.49632713,52.2612233317
1-152039,194.665772663,52.9804192349
1-152040,194.72162,53.07391
1-152047,195.213529957,52.5674204262
1-152053,194.980735927,52.5732195471
1-152056,195.258919229,52.1892428859
1-152073,197.858872424,51.4956008644
1-152093,197.388284112,51.5006979159
1-152106,197.12842,50.64205
1-152118,197.346614147,51.5112691735
1-152133,196.752243098,51.423495978
1-152139,196.622495745,51.6616073084
1-152193,195.668427838,51.7789409671
1-152201,195.23277669,50.8673394378
1-152235,194.974123851,52.7650996597
1-152239,195.356196699,52.6450538631
1-152243,194.760568602,52.6244718796
1-152263,195.604075787,52.2064684034
1-152292,196.182998358,52.5268777004
1-152300,196.545558809,52.110895055
1-152301,196.866556888,52.4049923997
1-152306,196.790791849,52.5464069377
1-152311,196.741608912,52.2574033442
1-152316,197.073055183,52.0079507823
1-152334,197.0953699,52.6233522281
1-152337,197.296063077,52.0209208791
1-152384,115.163253596,27.6111775772
1-152389,114.83597,27.36062
1-152474,114.457953082,28.6528915052
1-152524,115.048389131,28.3946405429
1-152527,115.07567,28.46421
1-152563,115.650389413,28.2614765449
1-152566,116.526085294,29.2108610114
1-152567,116.511679886,28.878071563
1-152579,117.317912806,29.6647874781
1-152587,116.239350213,28.9275044259
1-152596,116.835692191,29.4129340233
1-152618,115.963601541,28.3577842123
1-152632,116.49261901,29.715400785
1-152666,115.365629992,29.6691774656
1-152675,115.315592178,29.1346497684
1-152700,116.534396081,31.0199425364
1-152719,116.605086099,30.4404922234
1-152720,116.635303741,30.4907481287
1-152742,116.771614003,30.9368164997
1-152743,116.825263443,30.9904274865
1-152763,116.825825811,30.0655150464
1-152769,117.175198816,30.1717551062
1-152770,117.146319291,30.1543656985
1-152777,117.11645399,30.0690961635
1-152791,117.397790677,30.4166290497
1-152806,117.60499,30.22569
1-152828,117.929431767,30.4487515558
1-152830,117.684629327,30.3463741575
1-152936,117.672311798,31.6424041483
1-153018,118.584900499,32.774615736
1-153028,118.31988726,32.5437329364
1-153035,118.809562726,33.3532344702
1-153038,118.774403646,32.7286684209
1-153077,119.222008851,32.3455937769
1-153082,119.200248334,33.2544789221
1-153086,119.343027844,33.0624288175
1-153103,119.738336353,32.6122499726
1-153116,120.870599778,33.4623917158
1-153127,120.805213561,33.132338795
1-153142,120.489596539,33.1645908106
1-153151,121.130860827,33.8845068552
1-153153,120.315161065,32.8489095112
1-153155,120.348598309,32.8838040043
1-153207,119.858847863,32.9690705321
1-153224,119.391336001,33.1214510849
1-153246,119.044357491,33.2450541018
1-153247,119.365308277,33.2579353993
1-153248,119.26794553,33.0890110814
1-153254,119.023049929,33.7445400973
1-153260,118.917362877,33.706038417
1-153263,119.048155977,33.6785670564
1-153279,119.546258979,34.3414830955
1-153284,120.439770501,34.7578795129
1-153293,120.662607821,34.7764748414
1-153300,120.674558679,34.9446437099
1-153317,120.75370272,35.1591455551
1-153332,120.510214963,34.6985910153
1-153339,120.669394113,34.5214481697
1-153357,120.935390177,35.3428778906
1-153360,120.885107167,34.9655998133
1-153402,121.988292284,34.2273271723
1-153412,123.061819419,35.1571384443
1-153518,122.194114188,35.4369387111
1-153556,121.942383602,34.7771614059
1-153589,122.11350534,36.8374284802
1-153608,121.367176743,35.9466955876
1-153613,122.390684521,36.9852665635
1-153627,121.779937488,36.2334785413
1-153635,122.734117936,36.828123263
1-153693,122.984477119,36.4242678945
1-153696,122.921386026,36.1157754382
1-153713,123.253441576,36.5330040267
1-153723,123.092211293,36.2836131709
1-153901,123.857378368,37.3405186037
1-153938,123.10611,37.730217
1-153942,123.647988384,38.5503483448
1-153993,124.305616482,38.0125501806
1-153995,124.160275453,37.8424604665
1-154031,125.295179336,38.4315829397
1-154037,125.255644465,38.697230604
1-154041,125.237180839,38.6339441891
1-154047,125.481135257,38.3774462494
1-154049,125.57832,38.26645
1-154273,125.28949893,39.6983789266
1-154281,126.502393896,40.9811149677
1-155337,136.156282887,44.874731539
1-155440,136.476492743,46.259107066
1-155456,136.793850517,46.2111457117
1-155463,137.562456488,46.2932696556
1-155541,138.37190266,46.6142215927
1-155558,137.03265263,45.9209619515
1-155903,141.190236455,49.4448016737
1-155926,141.539307103,49.3102016203
1-155975,142.778167545,49.0797456578
1-155978,143.010196099,48.551093077
1-156011,144.059863049,48.7456976861
1-156037,143.754018642,48.9767418599
1-156039,143.940659163,49.0232113878
1-156061,143.697034579,48.7475756651
1-156062,143.288053477,49.0503236816
1-156074,143.184618775,48.7963482386
1-156137,144.031088241,50.4392201284
1-156154,142.713904348,50.3188614584
1-158882,203.000954311,-2.7154414616
1-158995,201.251553966,-1.39793084856
1-159093,202.715315842,-1.778672768
1-159169,203.07932098,-1.69429263828
1-159265,203.095968218,-2.48592309572
1-159278,202.903771158,-2.70896851712
1-159289,202.786524678,-2.62170252038
1-159357,202.459791781,-1.42899963115
1-159367,202.615122333,-1.69130987366
1-159382,202.816626911,-1.64391596369
1-159388,203.031072161,-1.69675203342
1-159391,202.859574784,-1.68532654093
1-159436,202.906948642,-1.87333384971
1-159437,202.912434874,-1.77023857457
1-1595,151.631523897,1.14171903946
1-159682,204.680676363,-1.7041980007
1-159685,204.726291299,-1.77792406035
1-163511,116.596108052,23.0932631415
1-163516,115.717036562,22.1127304695
1-163531,116.179276481,22.6776875384
1-163594,115.494321239,23.176379735
1-163666,118.187424267,24.2950948286
1-163668,118.151107409,24.5676237974
1-163709,118.192781872,25.0905732613
1-163789,118.071090698,25.6690807343
1-163831,118.627843459,25.8159864765
1-163876,119.398033344,25.80729284
1-163887,119.708713628,25.7462565372
1-163894,120.655607932,26.2935543287
1-163907,121.158813939,26.9417279368
1-163908,121.331303319,27.0711340102
1-163912,120.267675705,26.3441655906
1-163917,120.311639354,26.3331764922
1-163925,120.97037173,26.6146824164
1-163959,119.983884918,26.3829661452
1-163963,119.913867068,26.5527672925
1-163965,120.059598154,26.6980146136
1-163966,120.087417603,26.613527298
1-163975,120.2031496,26.9862724026
1-163980,119.873835023,27.0264404879
1-163987,119.868819417,26.8896484426
1-163989,119.923886435,27.0035013286
1-163992,120.033198521,26.7067897554
1-164007,119.792670838,26.0866716908
1-164021,119.574454999,27.0566256182
1-164052,119.069777881,26.8860978202
1-164053,119.039496416,26.8757761756
1-164062,120.063604131,27.5899885407
1-164063,119.99601246,27.7612117568
1-164064,119.945531934,27.965381143
1-164074,119.542364507,27.3513271215
1-164077,119.569420387,27.1750829489
1-164109,119.609269043,27.1615475855
1-164148,120.008018002,27.1145361383
1-164153,120.207222406,27.5003590021
1-164244,123.371657868,29.0371979669
1-164258,122.195124333,28.0790370333
1-164265,122.518247165,29.0318614937
1-164336,122.298025075,29.3984332792
1-164351,122.400761706,29.5055137555
1-164352,122.679833852,29.4685548329
1-164359,122.862744384,29.4808803168
1-164367,123.051945608,29.4282961909
1-164370,123.023907671,29.4043832199
1-164405,123.872815752,29.8217459838
1-1655,152.567214966,-0.0747910365462
1-166488,145.861534925,42.186856649
1-166600,144.287854484,42.9721228329
1-166613,144.516003237,42.9743220132
1-166646,144.809095432,42.7299212922
1-166670,145.667342239,43.1670408717
1-166672,145.724306972,42.7933257646
1-166691,146.04735274,42.9000410408
1-166703,146.206778574,42.2938042896
1-166736,147.585854164,43.1455699673
1-166738,148.117076795,42.8191413496
1-166739,147.37898128,42.1302903462
1-166754,147.32578151,43.3517193284
1-166826,146.35805196,42.8061666838
1-166862,145.997099204,42.6328700342
1-166889,147.277688884,44.0486811007
1-166892,147.181830057,44.0814350261
1-166908,147.355389681,44.3388681997
1-166919,146.709100143,43.4238429596
1-166930,146.789027825,43.4185743942
1-166932,146.785813609,43.5104758987
1-166947,147.335,43.44299
1-166959,147.448313214,43.5477777704
1-166969,147.990674372,43.4140430617
1-167013,149.888880629,43.6605000576
1-167044,149.346878642,44.1547632349
1-167067,148.502535855,43.0448001127
1-167075,147.604836276,44.0406378719
1-167079,147.801793989,44.0093089046
1-167080,147.712302507,44.0304545816
1-167083,148.897830631,45.5547225025
1-167089,147.604854302,44.2573785652
1-167113,148.84161359,44.4405591163
1-167141,150.228405882,44.7647927636
1-167148,149.968263571,45.2830958784
1-167166,151.22091438,44.6361226294
1-167167,151.191285745,44.7057800061
1-167169,151.284661833,44.5140468179
1-167242,153.049021093,45.1421579199
1-167334,151.894835416,46.093981892
1-167336,151.284150888,45.9779718217
1-167337,150.842878378,45.7635360671
1-167342,152.130067521,46.0515501715
1-167356,152.458553899,45.8509105794
1-167360,151.965580132,45.6073162739
1-167380,153.231920862,46.4177099017
1-167392,153.758660884,45.9520876377
1-167403,153.92384006,45.367076756
1-167423,156.040612351,45.8349012669
1-167488,154.825440349,45.8135944836
1-167519,153.914679727,44.6568673627
1-167555,153.752608461,46.7567528969
1-167564,153.034483163,46.2936923797
1-167582,154.480832851,46.6032857139
1-167610,154.836371039,46.5502087767
1-167627,154.59451448,45.9546452378
1-167678,155.551392374,46.8938752615
1-167688,155.88555557,46.0577547418
1-172936,156.433378312,47.3264947743
1-172948,156.138100834,46.8312068204
1-172962,156.738961114,47.5243300034
1-172986,157.357080392,47.2334299812
1-172987,157.181464397,47.6790079342
1-173030,157.538994172,47.2784029777
1-173384,164.048898948,46.8806666251
1-173385,164.038997871,46.8949081779
1-173397,164.715756413,47.3025090803
1-173413,164.185313067,47.767312529
1-173425,163.912613488,47.5096079066
1-173442,162.744296601,47.0460002781
1-173444,163.572311838,47.5644342833
1-173446,163.673079686,47.4519299988
1-173490,162.57501744,47.7711903268
1-173583,162.385986023,47.9332396921
1-173592,163.420213727,49.1797403729
1-173605,162.89771504,47.9520128327
1-173625,163.637034044,49.2211647219
1-173626,163.723813899,48.9445453077
1-173630,163.772003078,49.0788060421
1-173633,163.828729764,48.4238405731
1-173641,163.663838261,47.8622818036
1-173652,163.809006813,48.7243323624
1-173676,167.481550331,47.8018451869
1-173724,166.612357587,47.7460499633
1-173872,166.014205374,49.8216247532
1-173898,166.487323179,49.7510070779
1-173903,166.311935076,49.6589085644
1-173904,166.157979231,49.6757871692
1-173958,167.306019605,49.5194324004
1-173966,167.556889958,48.9514621448
1-174036,171.30052685,48.7357893472
1-174074,170.288543252,48.0416546994
1-174119,169.287129083,48.5387549726
1-174124,169.357930654,47.8542375686
1-174225,170.058854577,50.0253181804
1-174373,173.426198798,48.3186067851
1-174384,174.022108571,48.9550023427
1-174390,173.933151315,49.0376492526
1-174392,173.972423651,49.1585759893
1-174429,173.345940122,49.0380427423
1-174435,173.306256863,49.1019569875
1-174475,172.426419306,48.9701979767
1-1745,155.359814806,-0.877385192261
1-174618,172.886686245,49.8575035609
1-174623,172.929051466,49.2832384904
1-174629,172.574258062,50.4303971772
1-174631,173.537567139,49.2545623779
1-174690,176.858100105,49.1384939324
1-1747,155.03374386,-0.797442316493
1-174759,175.576863407,49.3336595363
1-174781,174.152694674,49.063052459
1-174826,173.679071279,49.0908236979
1-174880,174.246658556,50.2243301833
1-174895,174.747994795,49.7780345061
1-174904,175.556856086,50.6815002144
1-174914,174.745255644,50.0058889407
1-174945,176.288580951,49.7187540186
1-174947,176.35873382,49.8790405576
1-174951,176.325380982,49.5704404009
1-174952,176.326906753,49.649766383
1-174966,176.59252554,49.8893009866
1-174979,176.954356758,50.4053502186
1-174982,176.811422658,50.5016676379
1-175153,176.811177026,49.1852575817
1-175169,176.86896249,50.4313716476
1-175184,177.524356507,50.4674415773
1-175185,177.647168816,50.5793467796
1-175187,177.739802604,50.6195749965
1-1752,155.14323035,-1.08915667327
1-175200,178.462462226,51.0311970644
1-175599,182.32913011,50.9370778723
1-1756,155.435327739,-0.672154804226
1-175605,182.829852384,50.5880078324
1-175648,185.305949115,49.4748516825
1-175853,184.029549374,50.8250615393
1-175865,183.371989926,50.7415293109
1-175889,184.652029473,51.4147324232
1-175911,184.748562729,51.2784230171
1-175928,185.350544621,50.2367735141
1-175935,185.473195289,51.0425362776
1-175940,185.079518948,50.8350678305
1-176074,186.320476267,49.9578088622
1-176091,185.475636411,49.7034348692
1-176122,185.680026708,51.1365131723
1-176123,185.645882731,51.154901646
1-176125,185.746699549,51.2115707009
1-176132,185.059160923,50.6482460753
1-176142,186.031244328,51.0068700954
1-176155,186.535338301,50.8334295932
1-176174,186.827225931,51.1748171938
1-176187,186.834981249,50.4101093462
1-176205,187.225462984,50.3829861344
1-176206,187.459856066,50.6631320124
1-176223,187.85946862,50.7205330155
1-176237,188.040290861,51.0388778271
1-176256,188.113661937,51.0775396717
1-176258,188.237443963,50.9595402432
1-176264,188.381414107,50.6432661172
1-176385,254.576201691,33.6377928224
1-176402,254.225693246,33.9085799813
1-176417,254.56799,33.00308
1-176422,254.054373844,33.590584195
1-176444,253.73056533,34.7195368203
1-176448,253.677349748,34.7286324204
1-176525,255.417894895,34.5203625891
1-176538,255.44265051,35.0448192561
1-176546,255.517441846,35.4631559894
1-176554,255.755591793,34.4712123365
1-176644,255.523308836,31.7974291468
1-176647,255.681287443,31.7781698173
1-176659,255.54186554,32.8418387818
1-176803,255.67705127,34.05999311
1-176829,255.307056412,33.5131843912
1-176879,255.766333447,33.5431730992
1-176882,255.748749642,33.554510691
1-176908,256.102714981,33.3758821506
1-176925,256.550767354,33.5552301598
1-176928,256.462065058,32.975386513
1-176947,256.641390707,33.6929831578
1-176960,257.56685234,33.7518547155
1-176983,257.314417248,33.6864323754
1-177027,256.531782404,33.4828436152
1-177034,256.541603749,33.6041293164
1-177049,256.84004912,33.9705863637
1-177061,256.757081557,34.389276479
1-177104,256.048376447,33.4607106456
1-177105,255.803207755,33.5443122666
1-177127,255.290409459,33.6083487588
1-177135,255.63810105,33.516639538
1-177145,254.771886776,34.3364776685
1-177177,255.471301721,35.0511029939
1-177203,255.777975985,34.6379535257
1-177221,255.8121468,35.8196572662
1-177231,256.179611837,34.5585186449
1-177236,256.398930517,34.7464176615
1-177250,256.664046275,34.5430022348
1-177252,256.613569776,34.5032474935
1-177270,256.817749023,34.8226051331
1-177284,256.992605895,34.8185393231
1-177285,256.957111214,34.4398111003
1-177296,256.944487354,35.1341363935
1-177308,257.481180213,34.3043901023
1-177336,257.534491349,30.8313989419
1-177358,256.727975449,30.2697609595
1-177397,256.966178882,29.7620830429
1-177434,255.970993718,31.4990816826
1-177460,256.778004818,31.7372013969
1-177461,256.612609896,31.9928322927
1-177478,256.765166396,31.4236932668
1-177493,257.085762619,31.7469152793
1-177495,257.705093879,31.1384214412
1-177528,258.289350795,31.5820433165
1-177529,258.798899463,31.1282239365
1-177533,258.807856874,31.3894706707
1-177542,259.044306887,31.7923079272
1-177610,257.434156747,32.160789989
1-177617,257.567925509,32.2401129222
1-177624,256.864380186,31.2477124477
1-177625,256.8559691,31.1264526302
1-177626,257.138837223,31.8056435337
1-177632,256.72385,32.16955
1-177635,256.637328102,31.4133581803
1-177659,256.03637586,31.4839848481
1-177685,256.84043641,33.388215607
1-177735,257.533852961,33.5989044347
1-177745,257.833634661,32.8743302139
1-177762,258.152377303,32.8756320349
1-177763,258.226225318,32.7865800599
1-177796,259.063747798,28.0140058716
1-177822,258.659422124,28.1207629753
1-177923,258.016969652,30.2389275264
1-177942,258.119458173,29.2735746445
1-177951,258.744158115,29.5642521088
1-177959,258.935074017,29.4043335998
1-177965,259.464348102,29.6422797126
1-177972,259.356400544,29.1855479567
1-177974,259.600410884,29.7057686655
1-177985,259.648419844,29.2514761618
1-1780,155.144199504,-0.638306938941
1-178022,258.794060757,29.2632047573
1-178024,258.743591501,29.1602964207
1-178027,258.742684373,29.1384913753
1-178031,258.832956467,29.4163772312
1-178035,259.532745361,30.1290225983
1-178052,258.982550579,30.314194718
1-178065,258.59475085,29.3047117912
1-178084,258.056865304,30.1678476186
1-178095,257.553030469,30.3082104503
1-178103,257.910355978,31.1735527936
1-178130,258.65021268,30.7335347099
1-178138,258.772957673,30.8345924966
1-178157,258.89242,31.52951
1-178169,259.217409048,31.5841310067
1-178170,259.228308542,31.5275481369
1-178180,259.432548799,30.5246660114
1-178183,259.697652724,30.9319876836
1-178204,260.017909556,25.9363922874
1-178233,259.547186379,26.9411295598
1-178265,259.194419275,26.481300866
1-178270,259.432661183,26.0761219968
1-178276,259.083007799,26.8501600799
1-178315,259.592425778,28.1442275749
1-178335,259.681487181,27.5460011943
1-178342,259.692351868,27.1744539632
1-178374,260.611317909,28.3096955819
1-178399,260.745463415,27.7495446674
1-178403,261.090197998,27.4782037191
1-178405,261.01470046,27.5444829269
1-178414,260.883080702,27.4587088309
1-178442,260.464506436,27.264680666
1-178443,260.754690516,27.5694731016
1-178473,259.673834972,27.9410605198
1-178482,259.168654353,27.9765101547
1-178485,259.148694972,27.7789835344
1-178497,259.122344877,29.4462496562
1-178526,260.207945854,29.1501525252
1-178533,259.793327364,28.3581236459
1-178541,260.133451747,28.1008505133
1-178542,260.1588959,28.6941793535
1-178549,260.357961077,28.1930360608
1-178550,260.183147872,28.708196877
1-178557,260.306271234,29.1858910898
1-178578,260.763780217,28.1178055011
1-178586,261.217302229,28.0782969148
1-178601,310.579212579,-0.925181580813
1-178686,309.98326,0.97615
1-178695,310.447217044,1.21310258594
1-178698,311.347364242,0.492528629548
1-178731,312.71863,-0.32549
1-178735,312.182879304,-0.936510369343
1-178745,312.04032621,-1.21197251648
1-178782,310.450014189,-0.468315984158
1-178790,310.372774656,0.132255039507
1-178794,310.882825642,0.963376429811
1-178812,311.401730212,0.510493860872
1-178823,311.763804801,0.436777870611
1-178824,311.658778146,0.339357846417
1-178828,311.829452336,0.320794803727
1-178838,312.023611118,0.0688413906757
1-178844,312.30584,0.32528
1-178856,312.76548259,0.140446727395
1-178894,314.588087654,-0.351142797028
1-178906,313.570739901,-1.24917520529
1-178908,314.149430685,-0.329096254528
1-178916,313.987694252,-0.260082056237
1-178927,313.670602109,-0.766883957976
1-178938,313.210410338,-0.775513090725
1-178957,313.415744825,-0.630012362922
1-178972,313.144381169,-0.9832254328
1-178988,312.711611768,-0.730794906176
1-179028,312.76885535,0.833403167309
1-179060,313.323377266,0.120354740467
1-179062,313.293270721,0.23243908467
1-179069,313.635107463,0.0419534445582
1-179071,313.75878399,-0.0399690461524
1-179083,313.518260592,0.777437984009
1-179096,314.480820053,0.119801205858
1-179135,315.474938976,-0.304685068032
1-179139,315.22361169,-0.387635135548
1-179151,315.165156968,-0.210295711163
1-179170,314.538108895,-0.449692347186
1-179173,314.553376478,-0.324393448594
1-179198,313.638732758,-0.119217409243
1-179208,313.83025401,0.54060146903
1-179210,314.485627558,1.07576241698
1-179223,314.577246191,1.01842612201
1-179227,314.659394903,0.912595877338
1-179246,314.392997287,0.340941017387
1-179247,314.60971,0.18089
1-179248,315.016737111,0.1983852532
1-179289,316.214011549,0.632260258808
1-179321,318.047742941,-0.25868411473
1-179355,317.051965447,-0.240004576313
1-179372,316.649004921,-0.339938102293
1-179385,316.532924677,-0.799036854592
1-179386,316.590372742,-0.771234643933
1-179395,316.251700144,-0.933283770977
1-179479,316.558543445,0.0977985517842
1-179503,316.974767372,0.875871263961
1-179530,317.446549691,0.266063321564
1-179535,317.446669797,0.361399822222
1-179556,319.919751556,0.120941045034
1-179561,319.751163159,-0.963991563033
1-179597,318.718346912,-0.977797716844
1-179600,318.940898173,-1.01973275103
1-179631,318.304242998,-0.366556521396
1-179636,318.717732952,-0.896295952137
1-179679,317.314914547,0.523469299067
1-179682,317.422612159,0.627769409147
1-179705,318.176375666,0.769497555133
1-179724,318.282026967,1.22970210033
1-179747,318.561092519,0.158346384327
1-179781,319.084235554,0.923607764818
1-179795,319.662146239,0.295079116042
1-179844,321.326019772,0.184748214618
1-179900,319.38957509,-0.134736114396
1-179929,319.59456467,0.291590353604
1-179947,319.901867923,0.704249718837
1-179981,320.166227919,1.11735037898
1-180012,320.744546271,1.02669628972
1-180028,320.82641,1.25498
1-180039,321.474041874,0.416058767769
1-180047,321.07220197,1.02835983255
1-180080,323.751629512,-0.511444352259
1-180135,322.749438763,-0.000594045256683
1-180153,322.612307729,-0.006758194
1-180163,322.451923884,-0.313554702629
1-180168,322.305753511,-0.523914217837
1-180172,322.37074,-0.219591
1-180193,322.242023645,-0.342425988801
1-180204,322.213310988,-1.07011823351
1-180208,322.302154005,-0.621758126194
1-180286,322.040886836,1.14109407639
1-180298,322.253154429,0.182613494027
1-180299,322.115240126,0.182055076662
1-180334,322.980530704,0.213766757431
1-180336,322.92881198,0.357835222133
1-180337,322.672648547,1.00593440858
1-180381,323.680144813,0.385500647446
1-180392,323.407558522,1.07092662835
1-180436,324.40425759,-0.183794659654
1-180472,323.761836824,-0.170835077873
1-180497,323.603082708,-0.603227210407
1-180513,322.94947,-1.03917
1-180514,322.90884517,-0.60820479396
1-180522,322.613466488,-0.445022031393
1-180537,323.178626083,0.771349187347
1-180540,323.033873837,0.609774317837
1-180576,323.624686553,0.466014347153
1-180614,324.270731883,0.478943380906
1-180618,324.279450315,0.644008327505
1-180621,324.259880754,0.428240426133
1-180623,324.193166581,0.263057836058
1-180629,324.091999747,0.947726891413
1-180634,324.085719951,0.720667656232
1-180687,325.002103417,0.4504644187
1-180749,325.963795453,-0.321407949754
1-180813,324.804509631,-0.508545662254
1-180886,324.98646602,0.323237027189
1-180893,325.834300872,0.780387743277
1-180900,325.369255262,0.608241148637
1-180981,326.716032653,0.356270988091
1-180998,141.915720758,5.05347559169
1-181017,141.30231632,5.35174260957
1-181028,141.004574848,5.20940118343
1-181037,140.963576504,5.19494607791
1-181056,140.177024056,4.96070994469
1-181146,140.270627533,6.19564114315
1-181160,139.888017431,5.88279932367
1-181172,140.011912499,5.73558574674
1-181214,141.259771874,6.26879065013
1-1813,154.203033529,-0.850370750858
1-181550,145.021695659,4.62302920354
1-181573,144.984886675,4.97059706983
1-181589,144.609457956,5.20638455722
1-181692,145.831379014,5.89553882207
1-181700,145.847277242,6.30103139194
1-181720,146.091076075,6.07547623633
1-181880,147.325419485,5.56595651099
1-181975,147.512787176,6.17520520052
1-181988,147.79742386,6.08197351691
1-182089,151.664931445,5.979090741
1-182093,151.559595312,5.78980506263
1-182178,149.673993891,5.26433975372
1-182226,148.907297616,5.46304830801
1-182337,150.482585714,6.30027090934
1-182358,150.739858783,6.27163619047
1-182424,152.620083333,5.5368
1-182452,152.645678612,6.16729561947
1-182523,151.376076038,5.67209502238
1-182525,151.327179949,5.56968701775
1-182705,155.401392135,6.0259470289
1-182730,154.598493301,5.73612746941
1-182750,154.505850861,5.76529807931
1-182781,154.088470531,5.97499672939
1-182793,154.249427447,5.12629265284
1-182803,154.000869673,6.25144337805
1-182806,154.003707593,6.14239416346
1-182807,153.882489892,6.02854575544
1-182818,153.819454626,5.38695887702
1-182839,153.761128184,5.67693109095
1-182981,154.676168392,6.80063753804
1-183065,156.357997538,5.53438821263
1-183175,154.896046528,6.32635857324
1-183181,154.53574771,6.43135496705
1-183193,154.747455781,6.66668719138
1-183195,154.459189205,6.6322478037
1-1832,154.827945241,-0.406758245948
1-183449,157.924784457,5.57653358558
1-183465,157.560367758,5.74815424575
1-183743,159.873811674,5.79539516713
1-183745,160.011996046,5.68531316197
1-183760,159.715467649,5.67009532172
1-1839,154.572992959,-0.725380172554
1-1851,154.42483585,-0.584250259153
1-185287,145.943835706,48.290713463
1-185298,145.456567929,48.6489913502
1-186329,159.041828605,50.5384216958
1-186604,161.2267862,51.4916490493
1-186744,166.622819859,52.313129648
1-187006,170.487598202,52.9627851505
1-187034,170.182495688,53.7270639975
1-187072,169.787590121,53.8378312049
1-187324,169.61060952,54.4655546067
1-187355,170.013112863,54.536788041
1-187394,173.000911677,53.7141009482
1-187404,172.61458805,54.0284636148
1-187419,171.954226115,53.7394266997
1-187429,172.330615748,54.1260847696
1-187430,170.971389946,53.1293912654
1-187436,170.883961956,53.4681970353
1-187465,170.516321106,52.9786508935
1-187495,169.926877783,53.716073066
1-187505,169.831581113,53.6882024614
1-187554,168.743747542,53.6249599457
1-187562,169.010843788,53.823619581
1-187821,174.404136013,53.5851736559
1-187866,174.18414,54.64984
1-187966,171.27944055,54.1861452143
1-188110,174.392849038,54.8532802408
1-188165,175.602037641,54.7741934127
1-188177,176.129687468,53.6827216477
1-188186,176.428784122,54.5411606858
1-188218,175.948649015,54.7074976278
1-188303,173.019272091,53.5759809461
1-188307,173.161871962,53.4521662882
1-188309,173.046344588,53.3060985449
1-188330,172.302012552,53.7339659409
1-188530,175.817816896,55.2777053166
1-188545,175.544688446,55.4582523542
1-188593,178.740595593,54.9559349125
1-188749,176.277178933,53.6479627423
1-188753,175.938322499,54.8455126976
1-188756,175.291039215,54.9778426641
1-188803,176.124268525,55.577771943
1-188844,176.508019645,55.4196192057
1-188888,177.806135779,55.1164329396
1-188987,181.220658848,54.231764685
1-189066,179.75915,54.81046
1-189075,178.939510285,54.6758837523
1-189081,179.299925995,54.5713599938
1-189083,178.88195517,54.8989046484
1-189101,178.849434054,53.8995045098
1-189134,177.024570744,54.6462764388
1-189145,176.902159595,54.7511391587
1-189152,177.546982855,53.7224113925
1-189197,176.944015083,55.3900191479
1-189212,178.213821193,55.7918458313
1-189283,178.779249963,55.2427321186
1-189376,181.013986765,55.2049141816
1-1894,153.725625974,-0.794537716089
1-189473,181.193442353,54.5752126422
1-189495,181.255864886,54.0671182525
1-189522,180.789194086,54.2225992166
1-189584,179.117267145,55.1252090259
1-190110,187.841004408,53.8756844872
1-190121,187.252440553,53.7396258556
1-190560,311.455974655,0.674765395953
1-190574,311.780971186,0.300460704411
1-1907,154.008805425,-0.251277945605
1-191503,317.994894517,-0.219426083736
1-1923,153.472705403,-0.876670565249
1-193038,327.665547596,0.793895352879
1-194903,192.576352716,53.5899663334
1-194947,192.105875323,54.2015100983
1-194994,191.28346577,53.616094015
1-195049,191.018541072,55.4322082103
1-195051,191.092126733,56.0178958509
1-195079,191.236349128,54.9025360951
1-195108,191.698039634,54.8875159658
1-195169,193.035798126,55.436579519
1-195170,192.986226277,55.3544200839
1-195171,192.80494435,55.5633706819
1-195175,193.291914066,55.1689820009
1-195176,192.976501778,54.9611293649
1-195208,196.808027807,53.5233390502
1-195230,197.986852624,54.535542336
1-195233,196.357557923,53.5917575813
1-195235,196.587389755,53.3064493416
1-195237,196.401752866,53.5642623171
1-195241,196.365089451,53.6995978228
1-195251,197.010464453,53.935876658
1-195258,196.309766019,53.5700521083
1-195260,196.319221612,53.239016946
1-195266,196.282432333,53.6684364902
1-195268,196.241306873,53.7808645536
1-195276,196.9149,53.8402
1-195282,196.863013199,54.0377022262
1-195292,195.920050294,53.723230275
1-195293,195.86457106,53.5319565106
1-195325,195.321303378,53.8608374746
1-195331,195.40754658,54.3904415887
1-195337,194.915700767,53.3411860487
1-195343,194.680925932,53.921611241
1-195349,194.484283367,53.5232259717
1-195355,194.6599229,53.4100047118
1-195359,194.436717053,53.6370092694
1-195370,193.867894208,53.5750725568
1-195378,194.172514535,53.6551654185
1-195400,193.877376645,55.210714099
1-195405,193.77666358,55.1497121079
1-195465,195.119569043,55.194222479
1-195478,195.280762787,54.799185802
1-195601,199.154940964,52.9131754974
1-195612,200.341750449,53.661931186
1-195619,199.624888112,54.0664407703
1-195623,199.124261104,52.9336209269
1-195671,198.493112034,53.4692701112
1-195684,198.370492368,53.6461514306
1-195686,198.145509868,53.7223191092
1-195690,198.170838903,53.7147359215
1-195704,198.312401552,53.2053336786
1-195717,197.848863604,53.1993191856
1-195737,196.922263716,53.2764638427
1-195753,196.439756849,54.0041265125
1-195761,196.368311568,53.8800722817
1-195763,196.840918861,53.5868365011
1-195843,198.418777744,54.8314298641
1-195845,198.461910662,54.1798028677
1-195854,198.693806501,54.0873833851
1-195861,199.57208,54.85515
1-195917,200.088406046,55.2339621976
1-195951,202.317540896,53.0819845426
1-195973,202.324215848,53.2517278797
1-196017,201.305215035,53.8535273971
1-196021,201.210214165,52.938205011
1-196053,199.899871079,53.5026981572
1-196091,199.816264263,54.6017393989
1-196110,200.836707435,55.1932443319
1-196222,203.396808206,54.4621239917
1-196234,203.285191922,54.8275160674
1-196267,206.676388851,53.439898755
1-196274,205.388546344,52.3033654279
1-196310,204.968746778,52.3865344335
1-196327,204.607316357,52.9166806403
1-196331,204.450800439,53.3899954838
1-196372,204.120951603,52.420280389
1-196390,203.471645894,52.7072043244
1-196444,203.76808902,53.8733871028
1-196497,205.280736563,54.2652027304
1-196523,206.530276782,54.0435055083
1-196580,208.507979635,51.904985679
1-196597,208.289083232,51.8125009315
1-196630,207.184404213,52.3276956842
1-196637,206.669999461,52.4768142281
1-196655,206.209075402,52.775952402
1-196714,206.805780181,53.6292914986
1-196737,207.368445258,53.2460453414
1-196753,208.605182911,53.4599777995
1-196804,212.15572101,50.8102593287
1-196806,212.644328575,51.4646053936
1-196843,211.276336284,51.2566992713
1-196844,211.083950527,50.9178904882
1-196861,211.034866443,52.0748820269
1-196863,210.602161793,51.6869609425
1-196874,210.605734525,51.2086285412
1-196890,210.270464903,51.0695717053
1-196929,209.508843499,53.0171207283
1-197013,211.29973409,53.1156914956
1-197017,211.468302801,53.1289835338
1-197044,211.780617252,52.9637421614
1-197045,212.097124042,52.9178125956
1-197063,212.955995832,52.8167126568
1-197092,215.783508137,50.221357903
1-197121,215.41080344,50.7535569977
1-197166,213.887197194,50.1810346759
1-197186,213.715304729,50.4023245503
1-197191,212.557940634,51.1136212677
1-197218,213.834842516,52.3458974518
1-197230,213.875954608,51.4985508873
1-197264,215.05604215,51.7225614842
1-197270,215.117301191,51.4631647487
1-197278,215.581978012,51.8109431516
1-197280,215.7521036,51.7095713748
1-197287,214.835958728,52.1389072399
1-197292,214.868045786,52.1354052156
1-197307,215.067344061,52.1561395812
1-197366,217.649945713,49.6070873117
1-197384,217.405770992,49.328925662
1-197398,217.19896591,49.1008555554
1-197402,216.511041569,49.5217324906
1-197406,216.543280723,49.4928368124
1-197454,217.12200475,50.6900266995
1-197456,217.157588642,50.7676497738
1-197534,218.89725411,50.1899817586
1-197552,221.600347494,48.1784242374
1-197573,221.225193858,48.6419243002
1-197579,221.634996597,49.0105592947
1-197630,220.129823115,48.5127241061
1-197638,219.103283721,48.8198727709
1-197639,219.138796379,49.0098532613
1-197647,219.292510132,48.8065813183
1-197650,219.437785358,48.590015344
1-197677,218.718594451,48.6618906608
1-197702,219.042760685,50.5188220399
1-197704,219.593187995,50.6963072281
1-197717,218.926839593,49.6323377606
1-197718,219.031216217,49.7203386644
1-197736,219.689804305,49.4425867996
1-197770,220.685203464,49.6757511283
1-197772,220.620470522,49.2941460403
1-197773,220.880359143,49.3931196462
1-197780,221.3144,49.43478
1-197788,221.624459822,49.8903270002
1-197805,220.82137097,50.4958383049
1-197842,222.269418815,49.94700962
1-197946,223.583758778,47.0061875972
1-197968,222.934895934,47.865755426
1-198001,222.031953216,48.0938265364
1-198007,223.014662198,47.077801048
1-198029,222.33771869,47.417495139
1-198036,222.538451189,47.3169345467
1-198052,221.354177491,49.1278798073
1-198093,222.769133734,49.2551419188
1-198125,223.391244075,48.6987897054
1-198153,224.289078875,48.6339685087
1-198159,223.562877073,49.4304975378
1-198163,223.532221493,49.4291371109
1-198173,223.588434614,48.9911989341
1-198180,224.615816702,48.4923712235
1-198182,224.749646935,48.4098554221
1-198196,225.199638673,48.6075536115
1-198212,227.376516407,46.4926741474
1-198226,226.802749807,46.3083082403
1-198233,226.280329138,46.9636589157
1-198238,226.436112508,46.7885937658
1-198353,225.059027441,46.4362390261
1-198373,224.109494037,48.0097381254
1-198387,224.56089,48.48371
1-198395,224.02036874,47.4534536826
1-198461,225.200970332,47.6632368567
1-198501,226.09255143,47.6866827164
1-198505,226.164161535,47.436509877
1-198519,226.262712899,48.0770491966
1-198600,229.052083073,45.2330576524
1-198663,227.575623577,46.0655109653
1-198664,227.53668071,46.1046806603
1-198704,226.520041326,46.36959369
1-198706,226.518322506,46.3355093377
1-198718,226.934003529,46.6784437629
1-198736,227.466267684,46.4494231723
1-198747,228.308283217,47.1023203161
1-198831,232.761075491,44.5597467804
1-198869,232.196912033,44.2798856352
1-198879,231.274360604,44.053413608
1-198885,231.515491617,44.5336226308
1-198887,231.80171,44.59704
1-198938,230.702022552,43.773504889
1-198949,229.934607505,44.3218444145
1-199210,233.652894129,43.0392570397
1-199224,233.165628887,43.0578073386
1-199283,231.93420602,43.0690416203
1-199287,231.991117235,42.9712018534
1-199321,232.941324427,44.1081191767
1-199340,233.165105061,44.5341852818
1-199360,233.066255143,43.6293613092
1-199368,233.28344626,44.5356789804
1-199384,233.44112286,43.4462966622
1-199396,233.63971969,43.6368793181
1-199407,234.027942642,43.4072967436
1-199415,234.462881856,43.5012803886
1-199432,234.620422955,43.7332008203
1-199442,234.802135726,43.9616686177
1-199449,234.842527103,43.8654620871
1-199454,235.176658256,43.7512524887
1-199488,237.762644966,41.5549880802
1-199730,236.874631841,42.0297193283
1-199741,237.462977626,42.0280680851
1-199742,237.409347986,42.0342115623
1-199743,237.493702179,42.0783199779
1-199744,237.379833316,41.9603166813
1-199750,237.519552279,42.3086371419
1-199756,238.357812063,41.7008085891
1-199775,240.847729402,39.98574614
1-200,145.850491319,1.2035414652
1-200058,242.014629676,37.1539736173
1-200103,241.78143,38.27807
1-200241,241.262593417,39.5647674012
1-200251,241.89554,38.45679
1-200272,242.042394367,38.8249725801
1-200281,241.923516234,38.9307305445
1-200287,242.045499034,39.136541436
1-200363,243.681012655,36.5337157282
1-200463,241.783619859,36.9150513769
1-200510,243.256777222,37.2874747153
1-200514,243.239583132,37.3961339118
1-200527,242.807684125,36.9734186808
1-200530,242.694446316,37.1197809809
1-200602,243.96950434,36.9974632127
1-200614,243.72595426,37.6038659259
1-200856,245.29576949,36.0685044233
1-200895,245.622376335,35.6558531888
1-200905,245.910964906,35.0113016806
1-200911,245.853994671,36.0146075021
1-200912,245.813192752,35.6647422726
1-200932,245.86624055,35.7928310979
1-201173,117.108600016,27.2980447031
1-201175,117.584471617,27.8429568667
1-201180,116.553531345,26.9230031293
1-201182,116.620887982,26.7181167861
1-201183,116.599480276,27.3382111795
1-201197,117.434926452,27.8537520479
1-201217,116.213915388,26.5790388255
1-201291,116.503038355,28.6996336807
1-201307,116.997855346,29.1906894262
1-201314,116.379533795,28.4410097037
1-201317,117.116000945,28.8926618679
1-201318,117.065788414,28.7153972947
1-201320,117.152294105,28.8998806894
1-201334,117.256312063,28.9594038806
1-201351,116.990616669,28.1693246167
1-201352,117.009655727,28.4049993878
1-201353,117.01332252,28.0282684125
1-201354,117.07596,28.03647
1-201355,117.05386562,28.2250917233
1-201356,116.993596062,28.3248061942
1-201364,117.199452424,28.2397421804
1-201391,117.811568516,28.1536304342
1-201392,117.860481432,28.2342173929
1-201449,118.470059946,29.1969899869
1-201464,118.307046564,28.8282978926
1-201470,118.497425111,29.3606046735
1-201479,118.496192035,29.5793914158
1-201493,118.185700577,28.7830056886
1-201548,118.107370502,28.8274092906
1-201561,118.053214402,28.7725795647
1-201602,118.053468969,30.3577361666
1-201685,118.998275581,29.8320062313
1-201742,119.791504213,29.7810667294
1-201756,120.814384478,30.7965108405
1-201798,120.147604206,30.4017478792
1-201812,120.623738782,30.8636815558
1-201813,120.598542432,31.1877467469
1-201816,120.615239824,30.8838276438
1-201822,119.907231966,30.5164364365
1-201874,119.757477557,30.9760246615
1-201875,119.500220145,30.7955819139
1-201892,119.33039325,30.4918420904
1-201913,119.799041719,31.8078742908
1-201915,119.809720752,31.7334129507
1-201916,119.323870662,31.4701909633
1-201919,120.275641039,32.317343842
1-201922,119.994793689,31.893324138
1-201934,120.550320326,32.3150512958
1-201936,120.576629639,32.5355033875
1-201938,120.326708256,31.435694019
1-201956,120.436461244,31.8383638274
1-201961,120.430507904,31.7266384397
1-201969,120.825871809,31.7763732335
1-201970,121.035948116,31.4369848051
1-201973,120.869930553,31.4830589776
1-202008,121.718144251,32.2503291927
1-202091,56.623992358,0.718801875888
1-202097,56.9271840453,0.0304416045678
1-202100,53.5649118233,-1.18229114429
1-202101,53.6865150057,-1.24578377207
1-202131,51.1330001065,-1.2561155522
1-202377,41.5140448729,0.22455852541
1-202760,31.616386301,-0.898086617
1-202775,31.466278049,-0.542369274363
1-203688,15.3609220974,-0.0634267895312
1-204551,357.54330799,-1.01686396913
1-205194,331.646181432,0.0564225797114
1-205225,330.300696328,-0.966635654367
1-205351,327.667844453,0.92039018495
1-205390,325.593845345,-0.811348578569
1-205502,311.864592871,-0.310345701592
1-205522,310.757046339,1.13351382359
1-205845,55.26554872,-0.0312336790059
1-207,145.594030155,0.309414123675
1-2072,155.268377158,0.161583792807
1-207914,222.394555076,52.9672860968
1-207925,222.959812896,53.6869002122
1-207943,222.500765253,54.084510913
1-207982,220.116772806,53.5914218941
1-207984,220.160423806,53.4780611097
1-208254,225.264370171,51.9670647512
1-208269,225.682854781,53.0467548926
1-208313,224.33486,52.99342
1-208393,222.944263858,53.4380006846
1-208443,224.579801111,53.2375016985
1-208472,225.622948209,53.5757319668
1-208529,226.542374365,53.4107821061
1-208539,226.896639141,53.5252478055
1-208684,226.277545971,52.1317396962
1-208709,227.235586205,52.4460500742
1-208728,227.67423887,52.2139009063
1-208736,227.83424531,52.3519202017
1-208898,230.021646375,49.5016700847
1-208905,229.497225196,49.6772505092
1-208943,229.936919209,50.6086862331
1-208985,231.662808527,50.3190703516
1-208988,231.307240371,50.962299407
1-208990,231.391802451,50.8076655498
1-209049,236.092836031,47.8535814068
1-209078,235.774934746,48.3787977269
1-209108,235.580605477,47.9435278115
1-209109,235.574805488,48.2156606778
1-209111,235.410126062,48.2740168259
1-209113,235.579767474,48.4657254749
1-209151,234.60459264,48.0559143122
1-209175,233.865390049,47.9917128875
1-209191,233.319217849,48.119650849
1-209198,233.725460612,47.7617993678
1-209199,234.111533723,47.8547870822
1-209221,233.032754012,49.1248254111
1-209232,232.544703894,48.6902009334
1-209266,233.107502765,48.8332849239
1-209287,233.685217665,48.7315215591
1-209407,238.261763229,46.7679973877
1-209428,238.039552922,46.3197897317
1-209439,237.522038541,45.3380278865
1-209481,237.272313223,45.9740750677
1-209533,235.915585864,47.6674434208
1-209537,235.79840127,47.7536483573
1-209543,235.322067755,46.964606201
1-209552,236.091759371,47.7008729612
1-209591,236.084780403,47.0189320013
1-209607,236.299300223,47.0497223315
1-209661,237.872870051,46.9216645222
1-209684,237.868130767,47.6609911252
1-209687,238.871211138,47.3172355917
1-209706,241.398151375,44.2061255674
1-209707,241.029075186,44.5497654429
1-209712,241.865344251,44.6451677289
1-209722,240.618266812,44.5414487067
1-209728,240.585568651,44.4701755925
1-209729,241.113656819,44.9216512433
1-209744,240.103442938,43.9343505678
1-209770,239.92875037,44.9087343449
1-209772,239.974949776,44.7089900857
1-209786,239.736692335,44.7643759603
1-209803,239.256899078,45.0301567614
1-209823,238.948509456,44.668543326
1-209904,239.183964559,46.3446018585
1-209926,239.571725074,45.7870117128
1-209935,239.164562448,45.5407813179
1-209939,238.933545409,45.1331710385
1-209952,239.90659463,45.1619324114
1-209980,240.470870972,45.351940155
1-210017,241.271446954,45.4429921738
1-210019,241.292623361,45.4947146122
1-210020,241.301540035,45.4531856472
1-210098,242.065591427,42.7070243134
1-210112,242.695859781,41.9836706754
1-210114,242.585330709,41.8548951944
1-210116,242.45130039,42.333990796
1-210135,241.370314955,42.6272105502
1-210159,241.029888829,42.8084936865
1-210173,241.341763012,42.4883122721
1-210186,241.150984777,43.8797876113
1-210231,241.902437336,44.4481820937
1-210323,243.769389828,43.5955075511
1-210346,246.274339053,40.9287394558
1-210353,246.132208786,40.7656012821
1-210355,246.225734501,41.0507937901
1-210358,246.164759883,41.0199487003
1-210365,245.612145467,40.5631307254
1-210385,245.338708143,40.3099825822
1-210388,245.423257962,40.5910822126
1-210399,245.918362946,41.1045098177
1-210403,245.22421217,40.1041474857
1-210415,245.341992426,40.8105104517
1-210447,244.658477688,41.1367555044
1-210461,244.4229653,40.9338176284
1-210547,243.830304469,42.0376366038
1-210578,243.623211686,41.580727492
1-210593,244.419754347,41.8991544902
1-210604,243.880654131,41.4070168921
1-210611,244.39055191,41.6885471216
1-210614,244.501756382,41.3921900233
1-210631,244.882923706,41.6624626675
1-210646,245.157184068,41.4668735263
1-210667,245.726512153,41.5205767534
1-210694,247.292362885,38.8637700692
1-210700,248.140561423,39.1310206842
1-210701,247.844097158,39.1678263093
1-210702,247.830070727,39.1508010645
1-210710,247.61611982,39.5616853033
1-210711,247.763413807,39.5621866757
1-210718,247.282285295,39.1484733122
1-210719,246.842092202,39.1096306181
1-210728,247.279961727,39.4957288705
1-210731,247.31877318,39.4010368861
1-210735,246.622292781,39.0821979245
1-210736,246.654494422,39.1275427221
1-210747,247.185238791,39.5155030449
1-210748,247.142439679,39.4185891599
1-210751,247.150256657,39.5337639182
1-210752,247.192439713,39.4631583195
1-210754,247.163484693,39.5185461511
1-210759,246.39285,38.9333
1-210769,246.55144822,39.1431397224
1-210773,246.983373947,39.281381216
1-210774,246.980181138,39.2588221446
1-210779,246.983323346,39.5682508768
1-210784,247.097122106,39.5703039555
1-210785,246.765073506,39.527385803
1-210790,246.819016201,39.3845660816
1-210792,246.795702644,39.3051046612
1-210793,246.766538614,39.4334235086
1-210794,246.92750224,39.3773283826
1-210802,246.749012651,39.3201236818
1-210822,246.348707537,38.8064017873
1-210844,246.238624146,39.5312045188
1-210846,246.281956316,39.4357261528
1-210863,246.073455506,39.2110394724
1-210864,245.866907039,39.1913893221
1-210866,245.842283311,39.2153351541
1-210881,245.886475694,39.121095897
1-210890,245.694265724,39.5845564377
1-210895,244.990862444,39.570146024
1-210898,245.782949131,39.3132577084
1-210903,245.500802789,40.447861089
1-210923,245.270870484,39.9173908047
1-210932,245.963654286,40.1308809787
1-210956,246.439790034,39.98845409
1-210961,246.460385316,39.890418889
1-210962,246.358721827,39.8706971974
1-210971,246.45535386,40.3452092859
1-210972,246.411128006,40.0988261907
1-210989,246.652704394,39.8586585127
1-211002,247.149452023,39.7197401603
1-211006,246.994480533,39.6039607014
1-211007,246.932842958,39.7438485022
1-211017,247.209058618,39.83508743
1-211019,247.192602722,39.6558830003
1-211023,247.155376088,39.69890557
1-211024,247.24902736,39.6838528314
1-211027,247.23601071,39.6095520081
1-211028,246.591343199,40.9118371658
1-211040,247.38784767,39.9029542367
1-211044,247.432124303,40.0165041511
1-211051,247.394242772,39.6301684383
1-211055,247.336422888,39.8203959475
1-211059,246.996764647,40.4972891314
1-211063,247.058405986,40.3138366723
1-211067,247.067022165,40.1159229057
1-211073,247.485817917,39.9437337807
1-211074,247.4626868,39.7665109344
1-211077,247.572410332,39.8894177689
1-211079,247.438032058,39.8105402631
1-211080,247.449803411,39.7162169878
1-211082,247.620045755,39.6260442554
1-211084,247.583911576,39.8043232273
1-211098,247.853912837,39.6929341563
1-211100,247.830317844,39.7441304576
1-211103,247.638690535,39.8307262255
1-211105,247.762349797,39.6237367083
1-211106,247.684393701,39.899857579
1-211165,248.628653699,37.6954403263
1-211177,247.790423132,37.4223957413
1-211227,246.869310993,38.8691083472
1-211239,247.075392755,39.1864319901
1-211257,247.241677177,39.3190882315
1-211264,247.361542684,38.4194026484
1-211266,247.287293882,38.5490673258
1-211273,247.688690721,39.1952321045
1-211277,247.636045094,39.3841818366
1-211292,248.036229288,37.9810925697
1-211311,248.426385752,39.1851196817
1-211327,248.882036464,38.6942011146
1-211368,251.496587184,35.4589203632
1-211370,251.336995548,35.5921755514
1-211400,250.620607848,34.508438557
1-211491,248.89364,36.54947
1-211513,249.93231027,36.7008409619
1-211515,249.942531179,37.0892236014
1-211519,249.446596411,36.1149676106
1-211525,249.226378761,36.4234886623
1-211531,249.978361975,37.1800619539
1-211533,250.026945635,37.191323344
1-211544,249.474647692,36.0730178545
1-211545,249.4994974,35.9955022344
1-211547,249.907142928,35.9540710641
1-211561,250.195023283,37.0420341385
1-211562,250.20107526,36.9605115957
1-211563,250.119043411,36.8472526694
1-211625,253.367844165,32.9589699785
1-211629,253.439763428,33.2062098416
1-211633,253.14231516,32.868135509
1-211690,252.085094437,33.2815506757
1-211790,251.720702617,34.4100250638
1-211814,252.439264227,33.9944646362
1-211872,255.144474263,31.1789291866
1-211925,254.504666766,31.6161454694
1-211931,254.467385329,31.9721423684
1-211944,254.255494504,31.2533391731
1-211956,254.426174587,31.9167225048
1-211994,253.53340979,31.6077405439
1-212005,253.659987406,31.9004466629
1-212061,252.824394527,32.0884436442
1-212136,253.931441535,32.0424481986
1-212140,254.084704233,32.1742832399
1-212158,254.14347312,32.1690650494
1-212161,254.109875548,32.2481833178
1-212201,254.901358098,32.0572727806
1-212222,326.065094149,-8.87587976514
1-212274,325.870549693,-8.40570149235
1-212330,325.101495635,-8.14635170691
1-212392,324.649810464,-8.22592007443
1-212393,324.632651978,-8.23781157035
1-212396,324.644123088,-7.9071458271
1-212401,324.527035023,-6.72174140672
1-212402,324.638831803,-6.90386390325
1-212420,324.686867701,-6.70190761412
1-212462,325.774153507,-7.06844488142
1-212471,325.612047132,-6.58674752223
1-212493,325.780508386,-6.80315659767
1-212496,325.732008134,-6.59811930813
1-212498,325.703303297,-6.86849256445
1-2125,157.469365168,-0.17439195193
1-212500,325.730917682,-6.88077746727
1-212516,325.892298129,-6.75521065262
1-212586,326.761082249,-8.44115743833
1-212626,326.805868883,-8.39162645543
1-212693,326.019630186,-8.45965061932
1-212706,325.590823391,-8.36487230041
1-212811,326.178826897,-6.89946938976
1-212813,326.270759011,-7.40768220128
1-212820,326.491530383,-7.79686525875
1-212861,326.950734328,-7.45867895191
1-212876,326.926920187,-6.77079456469
1-212898,327.090328944,-7.86747335643
1-212906,327.272016975,-7.27104418399
1-212911,327.443226796,-7.44245836109
1-213402,129.362363348,3.95569024062
1-213414,129.52285438,4.32838631867
1-213422,129.240751682,3.70745617569
1-213435,129.128546526,4.03766396821
1-213464,128.596620561,3.7601362183
1-213603,128.911633931,4.7570600323
1-213614,129.109595305,4.65403617846
1-213651,129.781931769,4.56732012216
1-213726,132.250239832,4.34377684732
1-213731,132.207802048,4.589344541
1-213739,131.5809234,4.06582588166
1-213789,130.862653629,4.43320488376
1-213815,130.042707586,4.28198408624
1-213820,129.913366045,3.82854760801
1-213825,129.594027062,4.35598532173
1-213922,131.93000215,4.98338095162
1-214169,133.971619306,4.37502180545
1-214197,133.82022248,4.46782541518
1-214219,133.686417867,4.3019054711
1-214225,133.366153731,4.31967492711
1-214286,132.177854072,3.80622119598
1-214291,132.185348603,4.33203747672
1-214296,131.980479242,4.99220496157
1-214312,132.797752143,4.88058987648
1-214319,133.386398991,4.78184191969
1-214335,133.924936501,4.99479158211
1-214652,135.315147082,4.11804257374
1-214658,135.207561214,4.58329986702
1-214751,136.212574979,5.11587927994
1-216,145.89224,1.11739
1-216520,134.816015666,39.685322633
1-216540,135.065110305,40.2967379097
1-216779,134.273506028,40.0137134303
1-216805,135.700637687,40.7870213056
1-216951,136.27802341,41.2308996069
1-216958,136.200279581,40.591721496
1-216973,135.833415124,40.4647129399
1-216976,135.75896569,40.433985245
1-216980,135.720053781,40.346684357
1-216984,135.065441378,40.9179727701
1-217015,136.114189404,41.4862065591
1-217017,136.019260559,41.3564313527
1-217018,136.142338091,41.3978271827
1-217022,136.089598316,41.4817290009
1-217041,137.441277003,41.9558696113
1-217044,136.615919334,41.6359160097
1-217050,136.719982444,41.4082517095
1-217060,136.825546505,41.3884614241
1-217069,137.068084868,41.6391904095
1-217171,140.210574427,42.2888478624
1-217210,138.902616221,42.1572231444
1-217221,138.753149994,42.0243897468
1-217256,138.275133843,43.0134634139
1-217300,139.739960635,43.5005762984
1-217304,138.968616475,42.4015162608
1-217324,140.218473007,42.7088015635
1-217326,140.289436005,42.6868547538
1-217331,140.359627792,43.1021548866
1-217358,147.03565209,44.7972362917
1-217367,146.259997956,44.9719933038
1-217376,146.091834548,44.710759598
1-217400,144.639942763,44.6267106962
1-217412,144.104503096,43.8476063031
1-217479,144.723809729,45.3676181962
1-217480,144.787792386,45.3708428044
1-217499,146.2936,46.0367
1-217500,146.27343073,45.5870370554
1-217520,146.978913532,45.4684754662
1-217527,117.375206751,21.7527896599
1-217537,117.206602146,21.7326115252
1-217557,116.390945532,21.8874540654
1-217617,115.740268908,22.046292825
1-217637,116.183816927,22.1601786657
1-217649,116.879713302,22.6075801674
1-217650,116.921450044,22.7816071145
1-217662,117.022219307,22.90078688
1-217674,116.50579501,21.9329079
1-217684,116.649734825,22.297039162
1-217686,116.647648978,22.4160585964
1-217695,116.803221157,22.3283335073
1-217732,117.801279604,22.4228872688
1-217733,117.837354434,22.5041706698
1-217752,119.455466701,23.5524365063
1-217782,118.098851522,22.7346517456
1-217824,118.000006665,23.6412653702
1-217828,117.948829278,23.4315758172
1-217842,117.669821475,23.4943204695
1-217854,117.57765587,23.1782300044
1-217859,118.346241148,24.5501610767
1-217876,119.405856038,25.2211325436
1-217887,119.39665231,25.013970837
1-217928,119.72772232,25.1088047412
1-217931,119.954022286,24.303017087
1-217962,121.449578056,25.2566263925
1-217978,121.050818629,24.8964153628
1-217999,120.81886205,24.6767768066
1-2180,155.898123576,-0.221541705929
1-218009,121.344103078,25.54201557
1-218019,120.696306396,24.7713962991
1-218041,120.987129306,25.4807216851
1-218047,120.743073493,25.5244719943
1-218055,120.910625244,25.5169824508
1-218060,120.39060237,24.490236208
1-218077,120.251175945,24.6398738943
1-218096,119.931751603,25.2458839599
1-218102,119.947004924,25.3569570182
1-218116,120.926748238,26.455443917
1-218152,121.625742505,26.8989373467
1-218167,121.726700902,26.3742046649
1-218200,121.70479387,26.1689648879
1-218230,122.09239772,26.2756540642
1-218233,122.439749732,25.8803086487
1-218243,122.351732839,26.2894589268
1-218245,122.38422516,26.2834157119
1-218248,122.115480415,26.3725704363
1-218266,124.419124718,27.4674699408
1-218280,124.003309706,27.0758952047
1-218293,123.134738777,26.8936350284
1-218295,123.807495221,27.4088051877
1-218306,123.07142398,26.3070124946
1-218322,122.896204521,27.3059764629
1-218324,122.907428021,27.5382224703
1-218326,122.738581866,26.3049875958
1-218328,122.727067782,26.6967401924
1-218353,122.238861621,26.6429539534
1-218412,124.267479696,28.3150890152
1-218417,124.549534438,27.7191923705
1-218427,124.34231312,27.7962046205
1-218430,124.337230897,28.3183087615
1-218435,124.38506864,28.3578278812
1-218444,124.571110809,28.3492647544
1-218519,125.21338865,28.4058888443
1-218628,126.237921733,29.723381276
1-218669,126.811623921,29.824870623
1-218690,127.405873414,29.9866751149
1-218695,127.20001511,29.5143273716
1-218707,128.558735058,30.2498203961
1-218723,128.137327288,29.9381186536
1-218728,128.161412768,30.3624053793
1-218748,127.946472625,30.4094706938
1-218764,127.790926398,29.7946746868
1-218765,127.83744811,29.805614969
1-218808,127.422328923,30.6879750516
1-218839,127.245306891,30.4580188634
1-218981,127.784887573,30.8956066933
1-221753,153.378123617,43.9979617648
1-221789,153.53547927,44.175746477
1-22259,255.807819992,63.5418100846
1-22286,254.717305016,63.1795298917
1-22298,253.427379333,62.4199978831
1-22301,253.40555905,63.0312699156
1-22333,252.474485808,62.8419660661
1-22347,252.170749159,63.4791984597
1-22383,253.313049551,64.4762786637
1-22412,253.006899312,64.1208379858
1-22414,252.618932255,64.0206654262
1-22438,255.109543156,63.7280208203
1-22450,256.238579088,63.8132715567
1-225,145.847502502,0.675733817339
1-22538,259.629811826,64.4181214802
1-22542,259.266780806,64.3399632955
1-22572,259.063805739,64.4948059056
1-22599,258.10702534,64.3293543438
1-22601,258.034444111,64.2813664343
1-22648,257.077461292,64.5759236316
1-22659,256.643099402,64.6828608537
1-22662,255.279488311,64.6768781746
1-22720,258.627545186,65.2897352914
1-22804,257.774189972,61.0938177559
1-22810,257.712081147,61.3249310753
1-22821,256.566034877,60.7051871831
1-22827,257.17393,61.10831
1-22832,255.854811653,60.6623453473
1-22848,256.756831583,61.1980459142
1-22849,256.847716792,61.4410591662
1-22865,255.593427625,61.1665426222
1-22876,255.813940406,60.3377778762
1-22887,255.029555525,61.2872843677
1-228978,57.458686222,-0.8456668113
1-228987,57.526989564,-0.217307988216
1-228997,57.2429855767,-0.521120144849
1-229,145.826591454,0.373118895406
1-229010,57.2430385686,-1.14483137368
1-229012,57.1126544157,-0.788729667456
1-229015,57.1259663512,-0.569296631478
1-229017,57.1202120356,-0.684402682702
1-229021,57.1736103494,-0.651000283449
1-229060,57.24838236,0.925977123341
1-229064,57.1146542756,0.671607536523
1-229070,57.0253525105,0.208844356366
1-22911,254.455390225,60.5212195375
1-22942,254.39542133,62.8724834807
1-229452,117.448173756,20.2515457787
1-229458,117.37715992,20.3598060907
1-229470,117.290420747,20.1376554735
1-22948,254.542083999,62.4156479613
1-229538,116.57006,20.75229
1-229547,117.328574454,21.8037654578
1-229567,117.667900971,21.2322212035
1-229606,119.194565629,21.8122771349
1-229614,119.005340583,21.796188248
1-229615,118.910936299,21.4314698686
1-229660,118.475880477,22.4657552819
1-229665,118.373688506,21.2645386192
1-229673,117.995883207,21.7087816223
1-229699,119.378374669,22.8222843866
1-22970,255.71649,62.6044
1-229705,119.807610531,22.817815692
1-229731,119.972831726,23.390083313
1-229777,121.62879509,23.7105033609
1-229796,121.792855792,24.3892414957
1-229811,121.250071246,23.9499392383
1-229820,121.13966751,24.2762426886
1-229862,120.9966842,23.7556666429
1-229878,120.403479251,24.4389034091
1-229879,121.037072209,24.5586109163
1-229888,121.365612425,24.7953158283
1-229890,121.398133047,24.4865675362
1-229914,121.86519837,25.1136095522
1-229940,122.070642314,25.425819657
1-229965,122.524674366,25.2888191999
1-229966,122.589216544,25.1222973718
1-229976,123.30674,24.60798
1-229977,123.265271707,24.5581555942
1-230005,124.799502889,25.5317113858
1-230021,124.032229661,25.0064130669
1-230023,124.05695,25.076
1-230042,124.105674011,25.9913476859
1-230045,123.884699534,25.8111326166
1-230050,123.822139282,25.6970825601
1-230052,123.927344598,25.9653756651
1-230060,123.702325819,25.9219363887
1-230070,123.647377495,25.0695082117
1-230090,123.357514813,25.1269822349
1-230100,122.735620823,25.6847130209
1-230129,123.45754,26.2547
1-230144,124.523826762,26.6690321661
1-230145,124.547943346,26.6538857717
1-230149,123.87203821,26.1509812019
1-23015,257.19049208,62.0433486502
1-230171,124.670296206,26.5355639805
1-230173,124.759173858,27.1039714703
1-230177,124.897858052,26.3626657187
1-230227,126.587726525,26.7067659933
1-23023,257.247919024,62.8980190772
1-230291,126.384623178,27.6087093682
1-230334,125.70373,27.71532
1-230395,127.019573204,28.5503339298
1-230406,126.646908042,28.2374723675
1-230422,126.784081042,27.8104519653
1-230426,126.778482539,27.7717629614
1-230439,127.202157103,28.9205030761
1-230467,127.592566376,28.0919315128
1-230478,127.70928353,28.5768407272
1-230524,129.880958911,29.1539338336
1-230557,129.194027018,28.665580678
1-230571,129.013881055,28.963161811
1-230593,128.435420356,29.0476199775
1-230628,127.511819926,29.2831296116
1-230670,128.026434789,29.2362513135
1-230672,129.006286353,30.2664131455
1-230707,129.452756852,29.7822801768
1-230767,131.667639677,29.8665472166
1-230783,130.689313997,29.3999745195
1-230790,131.618258599,30.1260238321
1-230825,130.266198489,29.2288194943
1-230850,130.397244212,30.1042879902
1-230867,130.009842616,29.8174476442
1-230870,130.159410362,30.1687378296
1-230910,129.664878443,29.1910728368
1-230917,129.247318808,29.7564069623
1-230926,129.522360354,30.7431893571
1-230930,129.557033588,30.557926553
1-230956,130.526005689,30.8200517243
1-230960,130.155042426,30.6619408267
1-230972,130.35032109,30.704596391
1-230987,130.652997759,30.4925027956
1-231008,131.112683046,30.6368488193
1-231080,132.915014479,30.8176195587
1-231133,131.831279784,31.1817694003
1-231135,131.799213683,31.1500771028
1-231147,131.726442305,29.8841845988
1-231174,131.012528298,31.1355790596
1-231297,132.984954253,32.3237442366
1-231358,135.135252659,31.8546141274
1-231412,134.076923727,32.1396679964
1-23142,257.63044548,63.2362075769
1-231628,136.273978462,32.6223799199
1-231694,135.463503293,32.6232185749
1-23179,257.934295654,64.1121368408
1-231847,139.730380859,34.0346570561
1-231865,139.572004562,34.1605505581
1-231866,139.744263485,34.1337528421
1-231870,139.68319157,34.3783079587
1-231875,139.719135496,34.5157623756
1-23189,257.020416647,63.6836861082
1-231891,139.484314392,34.5093229347
1-231892,139.170274836,34.4476237339
1-231900,139.049813433,34.1840568055
1-231911,138.412900123,34.5699546428
1-232033,138.439157382,34.8373372527
1-23204,258.119888026,64.06083668
1-232047,139.137845221,35.1612821691
1-232053,139.35101715,34.6743750684
1-232054,139.242408147,34.6673709796
1-232065,139.668605439,34.680832064
1-232070,140.097594825,35.2415446686
1-232079,142.087523492,35.0535815666
1-232081,142.172723745,35.1711149762
1-232087,142.724744471,35.4397842245
1-232092,141.427676373,34.856448419
1-232100,141.58094013,35.0977875591
1-232104,142.40661842,35.4876356716
1-232106,142.410328916,35.3402379343
1-232137,141.427299842,35.3060457494
1-232143,140.944129258,35.483400571
1-232151,140.52167475,35.425001529
1-232157,140.243037252,34.8622843992
1-232167,139.635710549,35.0017126398
1-232168,139.747776878,34.8622083028
1-232171,139.752061147,35.060122038
1-23229,258.391337426,64.0133901657
1-232333,145.202128036,36.4555403301
1-232397,143.042751427,36.8271433682
1-232411,142.979557689,35.5543177722
1-232512,143.374316357,37.5026447138
1-232516,143.463715882,37.0033556323
1-232526,144.130274095,38.0950243241
1-232536,144.078756037,37.2467321624
1-232621,146.242973066,36.8215573868
1-232643,146.422748559,37.451285541
1-232720,144.400982963,38.2772954639
1-232722,144.419761375,38.062816005
1-23274,260.064231533,63.7469972382
1-233108,191.349015529,49.869810559
1-233125,190.882618058,49.8782837908
1-233142,190.194781774,49.9660770108
1-233216,188.49499959,49.8196778764
1-233225,188.624025706,50.6711826385
1-233231,188.601746513,50.5820052069
1-233233,188.56729271,50.6315161574
1-233247,188.82923117,50.6672072296
1-233250,188.802845725,50.8280041519
1-2333,156.313181179,0.892640123494
1-233359,190.980741476,50.7926209213
1-233389,193.359648345,48.6401512876
1-233399,193.67171867,49.3721453128
1-233420,193.264584026,49.879720843
1-233444,192.415730751,49.4471149972
1-233454,192.27338,49.55354
1-233456,192.215324998,49.3020716047
1-233531,191.059479598,50.2316729756
1-233546,192.173041423,50.6059334909
1-233563,192.478193874,50.5816836571
1-233571,192.276418404,50.3358917263
1-233574,192.40417629,50.4025439904
1-233576,192.467210028,49.9763560459
1-233594,193.045129588,50.5315188011
1-233599,193.097523872,50.1065068598
1-233665,194.664211277,49.9921333232
1-23372,259.163918329,59.2537114887
1-233721,196.495751928,49.3623823831
1-233722,196.423118498,49.4216055887
1-233861,194.94886985,50.7953040542
1-233925,195.779334612,49.8921461447
1-23393,258.76416631,59.0725939551
1-233951,195.817130172,50.6207674422
1-233983,197.268790917,49.7664351578
1-234004,198.743165807,48.1946172876
1-234092,197.549698095,48.6233927144
1-234115,197.44581469,48.8995914034
1-234172,196.516515829,50.2497252586
1-234176,195.761626708,49.6786028459
1-234243,197.695984775,50.0928872229
1-234244,197.710482053,49.8927499125
1-234250,197.738548552,49.8598180593
1-234251,197.519410833,49.6615055688
1-234270,197.803268306,49.4152615951
1-234272,197.816974837,49.2796145971
1-234285,197.921569846,50.2472547612
1-234341,202.533480747,48.8932602825
1-234362,201.283303096,48.344505797
1-234388,200.281698257,48.6977464835
1-234408,199.944770082,48.2065758276
1-234431,199.239947241,47.8683354111
1-23459,256.624194392,58.2319307177
1-234618,202.128436403,47.7140384144
1-234629,202.217214914,49.4825159674
1-234632,201.777437777,49.049317198
1-23485,256.24029088,58.2799101931
1-234980,210.054964333,46.4322065481
1-234997,209.895142449,47.1476800318
1-235018,209.424426717,46.7144264623
1-235033,208.800320265,46.3335610637
1-235136,209.832049872,47.9561825947
1-235186,210.84269901,48.2530853947
1-235203,213.783652001,45.5948493729
1-235239,212.796479368,46.3905494068
1-235257,212.729926067,46.0618316588
1-235270,212.529428799,46.4395604501
1-235301,211.534055461,46.6025498913
1-235306,211.422653928,46.4274417048
1-235307,211.478409084,45.644675495
1-235385,212.101063845,47.2737209102
1-235398,213.149187912,47.2530577
1-2354,155.88372918,0.173720125256
1-235530,214.422103097,45.4658215702
1-235575,214.726268165,45.9584150865
1-235576,215.017906947,47.1213302326
1-235582,214.850245319,45.9007920259
1-235587,214.854653976,45.8642518321
1-235611,215.940812985,45.9311854386
1-23568,255.791323649,59.6602229625
1-235976,224.205960905,41.5964025465
1-235983,223.636455717,42.3854436555
1-235986,223.397339019,42.447220005
1-235988,223.984092721,42.1597825909
1-236018,223.339689055,43.0759085177
1-236032,225.104201455,43.2870099493
1-236039,224.752516157,43.4077302751
1-236045,225.676453111,43.2424156598
1-236081,226.319207522,41.7414499636
1-236099,225.236213871,41.5662647889
1-23610,257.747782319,59.5731961234
1-236106,225.203497683,41.1607682399
1-236133,225.59269,41.92164
1-236141,225.791524074,41.8163174826
1-236144,226.211851518,42.7344795268
1-236150,226.48767603,42.2257281145
1-236158,226.989232854,41.9023394247
1-236175,227.386987163,42.4899176174
1-236176,227.360498507,42.5954051455
1-236268,227.863793703,41.0899929929
1-236303,228.982653056,41.4311258774
1-23645,258.759074014,60.2163080881
1-23647,258.84719,59.5880638553
1-23665,263.060425501,59.8708609748
1-23670,263.050842728,59.9415180544
1-236745,234.883330192,38.1637151167
1-236776,235.208007294,38.5134589921
1-23679,263.718178208,60.2438797954
1-23687,262.257375976,60.089399624
1-23712,261.119954283,60.001483206
1-23729,261.482493105,60.3394382648
1-23731,260.746702226,60.5592910725
1-23745,260.705617581,60.4448593136
1-23746,260.718888104,60.129590188
1-23784,259.79543423,61.5422704447
1-23786,259.795874376,62.1485590257
1-23811,259.992647634,60.8918955938
1-23818,260.47113661,60.9654725985
1-2386,156.588058472,0.684927999973
1-23866,261.039484654,56.8744593789
1-23877,261.278551148,56.878341432
1-23890,260.386495726,56.9888518274
1-23891,260.228215186,57.0979557846
1-23894,260.616380035,57.1640553041
1-23914,259.755481953,57.1734974561
1-23927,259.376307236,57.0681032516
1-23929,259.174725723,56.9277933688
1-23938,258.947514977,57.3018587528
1-23944,259.0999,57.42267
1-23951,258.656838948,57.3054170144
1-23955,258.820261368,57.3294323252
1-23958,258.851993064,57.3224974205
1-23976,258.354609835,57.1329636205
1-23979,258.158751804,57.3224214281
1-23980,258.430113376,57.1883839927
1-23991,257.951198065,56.8671383427
1-24003,257.957539798,57.1109334787
1-24006,257.833820012,56.9912523477
1-24018,257.582232587,56.7572501383
1-24041,257.052729927,58.4333034738
1-24055,257.139312744,57.4767036438
1-24056,257.147341047,57.8101461383
1-24091,258.527858295,57.9935726249
1-24094,258.362908586,58.0768246467
1-24099,258.027617964,57.5040078073
1-241,146.159780409,0.840701136408
1-24104,257.957483738,57.5895443348
1-24124,258.530261548,57.4774335349
1-24128,258.711260975,57.5702967865
1-241291,178.823264014,56.3043213245
1-24132,258.723496416,57.6733287824
1-24139,258.882099135,57.5024640233
1-24142,258.845726079,57.4111838829
1-24145,258.846945724,57.4328813495
1-24148,258.82741019,57.6587701679
1-24156,258.920198387,57.5352557841
1-241570,179.944205135,56.1997866856
1-24161,259.682229019,58.1351167645
1-24172,259.240574906,57.479979764
1-24179,259.833229539,57.9002793791
1-24209,260.584258385,57.6121550998
1-24251,263.9209,55.47128
1-24279,263.173114796,56.1170312777
1-242874,191.781197573,56.4819178171
1-24293,262.686906258,56.351977958
1-24295,262.676367224,56.6393873391
1-2430,156.681144868,1.00615035475
1-2431,156.783920214,0.965639216093
1-24354,261.08183,56.87628
1-24357,262.09934807,57.5454136595
1-24368,261.321053643,56.9518773841
1-24371,261.721224401,56.8488006459
1-24375,261.706139018,56.8107818784
1-24379,261.466027821,56.8520506473
1-24380,262.26549595,57.7692771424
1-243840,199.876103405,55.3628297322
1-24390,262.10003999,57.002098826
1-24394,262.074921622,56.7747795712
1-24407,262.468323287,56.8263130659
1-244115,204.506139409,55.1876442182
1-24414,263.150147507,56.8452564886
1-24416,263.033161018,56.8787475343
1-244163,204.14054997,55.4257996342
1-24418,262.86580639,56.739513727
1-24423,263.755218506,57.0524330139
1-24425,263.525272316,56.7996126548
1-244372,206.511630991,55.715411746
1-244376,206.480529249,56.2644999088
1-244377,206.175720284,55.8870930177
1-24440,264.662544833,56.8242436544
1-244421,206.538354722,55.1603854959
1-244424,206.810497033,55.5696184739
1-244439,205.937556213,55.6337897514
1-244450,205.939769713,55.6465196953
1-244469,205.734796436,55.6038773973
1-244519,204.112346904,54.898334427
1-244527,204.311897423,55.6698679555
1-244590,205.35332,56.17088
1-244629,206.089934288,55.8559572295
1-244631,206.446289243,55.7570695795
1-244634,206.711552951,55.9876711125
1-244652,207.328242837,55.7779264376
1-244660,206.542869148,56.4324933084
1-244673,207.54464,55.79753
1-24476,264.680317495,57.2392064632
1-244763,209.236423213,53.8663217201
1-244785,208.510275583,54.6184747057
1-244805,208.659371293,54.1225667768
1-24482,265.108775133,56.7012509205
1-244874,206.788849441,55.9859685597
1-244967,209.964670809,55.6567151107
1-244998,210.717288705,55.1329497026
1-245,146.02092698,0.733555750184
1-245002,210.586906757,55.3093581708
1-245054,212.535270188,53.6402843516
1-245069,212.928683004,54.7068887431
1-245082,212.27199404,53.7953553221
1-245088,212.612086794,54.6195740857
1-245089,212.784862644,54.5933462668
1-245101,211.981103115,53.8467974684
1-245118,211.842775504,54.5066392328
1-245176,209.897632726,55.5925335677
1-24519,261.601970595,53.0145154646
1-245195,209.079954161,55.1677008211
1-245235,211.424541216,55.7768962801
1-245238,211.488629734,55.8307365461
1-24524,262.48377647,53.477365959
1-245268,212.248982367,55.2298458691
1-245270,212.370327711,54.8613633753
1-245299,212.821688522,55.3068203774
1-245301,212.531941861,54.9199295986
1-24533,262.125425133,53.2529763275
1-245331,212.871292474,55.1218485575
1-245404,213.933247042,54.0431349842
1-245405,213.520128024,52.6632759872
1-245451,212.278640676,53.4635179918
1-245456,212.130945379,54.0321926929
1-245458,212.057345224,53.8834903893
1-24547,261.469061271,53.5394472086
1-245472,211.94856418,53.3704370372
1-245497,212.08983767,55.3015100433
1-245524,212.332447734,55.2823471127
1-24553,261.10511407,53.5179199547
1-245531,211.231793421,54.4029564416
1-245555,212.468001293,54.4470360452
1-245560,212.875653847,55.4467436035
1-24557,260.51607353,52.9580010767
1-2456,159.059562539,-0.159036291478
1-245654,218.429151044,52.8970995361
1-245670,217.324860201,52.6655598805
1-245684,218.292974785,53.2426676917
1-245686,218.10337205,53.2166485918
1-245695,217.91069574,52.7494624631
1-245733,216.089541769,52.1243839051
1-245736,216.197425085,52.0884345487
1-245774,214.863290152,54.1002998827
1-245811,215.92408546,53.7660567703
1-245869,217.71277672,53.9077941771
1-245879,217.452072194,53.9650354599
1-245896,218.075519256,53.6770829288
1-245908,217.542299517,53.9822824213
1-245940,220.126815592,50.9986458484
1-245975,219.427531638,51.0991609663
1-245980,219.698685907,51.0223628193
1-246027,219.396614145,51.5831340853
1-24603,260.354712548,54.3049245811
1-246036,218.280204046,52.0018603259
1-246064,218.268988443,51.5223147848
1-2461,158.371100395,-0.860407428659
1-246108,218.113251205,52.7383871048
1-246175,219.546188066,53.4625751497
1-246177,219.477235278,52.9785224378
1-246191,220.043768305,53.1002001871
1-246196,219.82622,53.05921
1-246203,220.853123374,52.614527085
1-246212,221.276090964,53.1883292501
1-246216,221.226039662,52.4468152862
1-246219,223.636052295,50.1551663813
1-24623,261.178503045,53.8551421479
1-246252,222.834822636,49.8364635889
1-246270,223.139811668,50.9228368723
1-246298,222.436848585,50.7108933442
1-246331,221.786518508,50.1957073163
1-246362,220.716792448,52.2809912468
1-246383,221.2231,51.34108
1-24641,261.927877973,54.0523472977
1-246437,222.671773309,51.704468559
1-246442,222.848380537,51.4761226141
1-246470,223.320794637,52.0442624724
1-246484,223.866232266,51.0477379587
1-246517,225.941781342,49.5258812712
1-24652,262.576708673,54.0598790529
1-246525,225.605699594,48.877687421
1-246535,225.807374327,48.8988712756
1-246542,225.804219053,49.8511547384
1-246543,225.41734,49.3738
1-246549,225.388973978,49.1124291187
1-246565,225.007924481,49.7468095964
1-246570,224.941125343,49.5039283741
1-246599,224.298391732,49.6289892627
1-24660,262.399282723,54.4944236725
1-246614,224.897977138,49.3274453749
1-246618,223.964741911,49.647511889
1-246633,224.485095866,49.3443839126
1-246635,224.014437942,49.3112726313
1-246656,223.782777899,51.0202531264
1-246743,225.546020955,50.6772028328
1-246760,226.089929736,50.6975510231
1-246809,230.362496912,48.6620229067
1-246845,229.468835329,48.684417402
1-246851,228.459158597,47.527251939
1-246857,228.605456832,48.2508787898
1-2469,158.870934039,-0.399789642059
1-246928,226.547633247,48.6297675882
1-246944,225.971442494,48.5761094845
1-246946,226.079827,48.6147207122
1-246947,226.247573445,48.6466258595
1-246985,227.696164303,49.2050440748
1-247036,229.480721787,49.1678335217
1-247037,229.417852657,49.0981424081
1-247055,229.653985651,49.1805910662
1-247082,230.172274476,49.1065424828
1-247164,230.148287904,47.6598734854
1-247223,230.342639198,48.4157924689
1-247247,230.471299255,48.627760309
1-247258,230.507968208,48.0237110762
1-247264,230.964972781,48.5516515189
1-247270,230.617783432,48.8017600594
1-247300,230.996057637,48.7928527809
1-247320,231.398355057,48.5974655614
1-247324,231.325814447,48.4121036276
1-247329,231.443497269,48.4911727281
1-247331,232.544896555,47.8210747227
1-247339,231.756498216,48.6132763246
1-247348,232.87244695,47.8456703769
1-247373,234.591707867,45.801943643
1-247377,235.018229338,45.9484881707
1-247382,233.940924979,44.8347966393
1-247395,233.617351512,44.9568730987
1-247417,233.3193794,45.6985288222
1-247424,232.907252329,45.7436980307
1-247430,233.08771168,45.8930510864
1-247449,232.885171748,45.6575956435
1-247456,232.8232,45.41654
1-247591,233.861336821,46.744728311
1-247600,234.791347801,46.3977131553
1-247601,234.702949689,46.1710470706
1-247614,234.374675454,46.864082874
1-247627,235.101438071,46.0090987018
1-247628,235.018757659,46.10594294
1-247629,234.981631329,46.1154089429
1-247630,234.93837913,46.0250015636
1-247632,234.81362259,46.132822387
1-247634,234.81495569,46.8360194501
1-247661,237.903771175,44.2264379266
1-247664,237.761272891,44.2742899645
1-247674,236.654443702,43.6836515891
1-247675,236.677624895,43.3724791101
1-247713,236.21348212,43.5140567495
1-247714,236.214156391,43.6974636982
1-247727,236.469969242,44.2632173071
1-247739,236.377526846,44.0163790263
1-247747,236.395541802,44.4360419069
1-247755,235.901567289,44.1603787367
1-247758,235.979612517,44.3059523956
1-247769,235.89912,43.84218
1-247771,235.910665084,43.8248209256
1-247774,235.901551805,43.913285783
1-247775,235.902435934,43.9803342749
1-247782,235.751708063,44.1722529298
1-2478,158.956201533,-0.238989306644
1-247804,235.405343475,44.2721842726
1-247817,234.63748,44.60099
1-247845,234.873636644,44.6484515265
1-247858,235.474322239,45.3057640946
1-247861,235.447005775,45.5560008092
1-247871,235.649766072,44.6732566299
1-247882,235.669362292,45.432085787
1-247885,235.738700008,45.2821177349
1-247897,236.298747667,45.154509011
1-247904,236.083608174,44.9435181253
1-247911,236.558432622,44.964591611
1-247975,240.601734639,42.7570781606
1-247976,239.436637925,41.7095243117
1-247977,239.4918,41.792591
1-24798,263.083695278,53.5462220634
1-247980,239.697545939,41.9380974666
1-247994,239.117114615,41.8468254445
1-247998,239.173486866,41.8795983424
1-248003,239.113568186,42.1011405811
1-248037,239.102071532,42.3954860554
1-248055,238.7580386,41.5783297156
1-248056,238.746331371,42.1053691192
1-248077,237.671022913,42.6387661511
1-248096,237.1354335,42.6198201118
1-248111,236.778435731,43.2337298304
1-248133,237.911616858,43.6395938515
1-24814,262.650628268,54.1012286534
1-248208,240.090226485,43.048708862
1-248213,240.569310601,42.916899927
1-248214,240.347024275,43.0850402916
1-24822,262.317715289,54.2059237546
1-248233,242.682530759,41.1485576864
1-248249,241.548686866,40.412275661
1-248276,241.486116707,40.1546994115
1-248289,240.912436689,41.1530561798
1-248328,239.856505391,42.2634592319
1-248348,240.365851242,42.3881865027
1-248352,240.287125377,41.8807489359
1-248357,239.987945488,41.4777751316
1-248388,240.67741912,41.1972609837
1-248389,240.65805398,41.2934271029
1-248405,241.278593012,42.0373576473
1-248410,241.208521549,42.0358071243
1-248415,241.846680273,41.7089702164
1-248419,241.626107116,41.343303204
1-248420,241.823389178,41.4036042555
1-248443,242.318618357,41.7457277879
1-248535,243.455037728,38.1519598728
1-248538,243.440329939,38.5713407483
1-248544,242.75077103,39.322704213
1-248565,242.709079468,38.7082418628
1-248577,242.383666405,40.0629524682
1-248618,243.155037322,39.4190235377
1-248634,243.49400783,39.5306373556
1-248638,243.212322011,40.3188385164
1-248661,244.00217584,39.4976325937
1-248688,246.611426221,37.2334944399
1-248848,244.374065361,38.9122194433
1-248869,244.690822661,39.3344443751
1-248973,245.50106378,38.9150731969
1-248992,245.936660345,38.3655137755
1-249009,248.867085138,35.836975896
1-249021,247.66197183,35.0564096875
1-249024,247.631316075,35.3323428241
1-249049,246.96411409,36.1555736154
1-249062,246.626234333,35.6717843635
1-249079,246.406326982,35.9776385768
1-249083,245.783058615,35.8378613536
1-249088,245.985374909,36.2276012107
1-249145,247.582908431,36.189080954
1-249190,250.690810657,33.7776845133
1-249204,250.372424266,34.0840287844
1-249206,250.250323968,33.7730484145
1-249217,250.079746974,33.8004779992
1-249224,250.159968722,33.931160729
1-249226,249.492639203,32.872411816
1-249258,249.508934228,34.0804775846
1-249366,249.25581916,34.5297757869
1-249383,249.785876292,34.2623552875
1-249386,249.336169541,35.3436481508
1-249458,250.140218654,30.7687952922
1-249539,249.422811396,30.6964341427
1-249612,250.003981348,32.2463037231
1-249623,249.510193045,32.7916475483
1-249641,249.716974116,32.5585451671
1-249663,251.16487974,32.2118988278
1-249695,251.996359924,31.9196821896
1-249703,252.109776971,31.9263427619
1-249704,251.973650348,32.1467680125
1-249730,251.417369457,32.0912623718
1-249735,251.059529409,31.7497040126
1-249736,250.871292087,32.2898275708
1-249766,250.238508077,32.2889202398
1-249779,249.643424949,31.8729774475
1-249808,249.936326496,31.4119994682
1-249839,249.609845636,32.7008686306
1-249892,251.202911231,32.8921442619
1-249904,250.810818967,33.5825525178
1-249929,251.183592927,33.4757573092
1-250008,252.130886432,29.2474689784
1-250018,252.271955726,29.7587746686
1-250071,251.516636141,28.9309265726
1-250143,250.010415187,30.1462949694
1-250192,251.643815833,30.5776286995
1-250245,252.166369965,30.0199489037
1-250251,252.021233215,30.0852160032
1-250319,253.689459893,30.2360694547
1-250343,253.548055985,30.1193950595
1-250479,251.982171929,31.7935925696
1-250603,204.586841445,42.8081951633
1-250607,204.878671721,43.4672321415
1-250628,204.252399017,43.4255815984
1-250638,203.78530921,42.647202515
1-250642,203.895344508,42.4021725079
1-250644,203.956924722,42.6783120456
1-250651,204.127180634,43.404798448
1-250652,204.150191543,43.3733683513
1-250769,202.828754981,44.8020102924
1-250784,202.961340774,44.1522233239
1-250806,203.160455841,43.823622653
1-250809,203.628338044,44.0272163136
1-250810,203.71758692,44.0674609796
1-250811,203.747102823,43.8216996484
1-250870,204.435966904,44.3897529293
1-250894,204.807938343,44.251001563
1-250922,207.557469772,42.7462672628
1-250940,207.395291601,42.99426814
1-250959,206.709891359,42.6512883268
1-250969,206.296273864,42.3195133782
1-250997,205.251031775,42.4314116287
1-251043,206.017042218,43.0739759121
1-251067,207.47786008,43.4822395095
1-2511,158.464022875,-0.561397568229
1-251115,207.928807189,43.1666029589
1-251119,207.657429867,43.764131306
1-251129,207.872808357,43.8064280934
1-251198,209.639791989,41.724180851
1-251269,209.163574437,43.585640819
1-251278,209.234177154,43.3134779654
1-251279,209.251980577,43.3620339874
1-251307,210.240944984,42.8556424101
1-251374,213.772331969,40.3398632427
1-251450,212.661184583,41.1964974477
1-251458,212.376082104,41.1109298877
1-251657,213.807042575,41.6743282405
1-251662,214.344523739,42.2879733012
1-251686,216.75986,39.95721
1-251739,215.964725773,40.2588310023
1-251762,215.395282581,40.3580862721
1-251764,215.487486083,40.1958015241
1-251775,215.216684547,40.3621202999
1-251783,215.31147557,39.6525362953
1-251788,215.229240711,40.1210273909
1-251833,214.15764274,40.2162941312
1-252046,217.548068558,39.9051740055
1-252049,217.60067303,40.010457027
1-252070,217.097902013,40.8090391299
1-252072,216.876772621,40.9637170801
1-252073,216.966906508,40.6301436817
1-252094,216.904792332,40.4073058026
1-252126,218.335551581,40.5502139407
1-252147,218.167644781,40.9542282722
1-252151,218.191573728,40.7166453308
1-252189,222.583448523,38.7748386165
1-252202,222.224512792,38.768257049
1-252432,223.685600162,37.4127118408
1-252443,223.634461862,37.0755998568
1-252463,222.863558985,37.5032429572
1-252477,222.777808028,37.4947857904
1-252484,222.517430043,37.6805309402
1-252508,223.507143321,38.6575782119
1-252510,223.347448772,39.0704414113
1-252522,223.580757833,38.8083228884
1-252574,224.575726252,37.832953234
1-252582,224.222300568,38.6279376791
1-252619,225.41243667,38.055820306
1-252632,225.6789139,37.9493532028
1-252863,225.698795548,38.0422407327
1-253426,229.473778695,34.6561372499
1-254146,155.10729,40.22346
1-254342,154.731809916,40.6129387518
1-254394,156.498316115,42.5272945428
1-254520,154.005710637,44.1762402068
1-254532,154.763420682,44.0330341929
1-254546,155.274684681,44.3777039322
1-254552,154.974655725,44.3379704529
1-254560,154.6179359,44.0143905435
1-254645,157.462717896,40.4316687434
1-254691,157.527557031,41.1400994738
1-254694,156.590550666,39.9536297797
1-254708,157.231141191,40.7841632884
1-254717,156.356094112,40.3483200486
1-254747,156.188492041,40.8734642132
1-254940,156.628462328,42.0455277425
1-255090,157.723267521,41.2210951037
1-25517,263.635157946,58.230132368
1-255220,157.845819413,42.2771798525
1-255236,157.059621191,41.5698778924
1-255248,158.251424806,42.9284226228
1-255308,158.785349143,42.6388117276
1-25554,262.486038254,58.3974072478
1-25566,261.980273415,58.3988980961
1-255676,165.083388621,42.3300267282
1-255691,164.940924918,42.6892097975
1-255695,164.280223861,42.1593803339
1-255878,163.219110122,43.4284044416
1-255890,163.249900532,43.0486136514
1-255897,164.0289,43.1565682816
1-255903,163.518059429,43.5327687053
1-255916,164.115057986,43.4965168625
1-255928,163.993481975,44.3808286026
1-25593,261.607611692,58.5888563574
1-255938,164.971095029,43.3688591131
1-255939,164.978081902,43.1477035287
1-255958,165.276869321,43.0761034755
1-255963,165.011596721,43.9050744744
1-256002,167.15437657,43.0042373453
1-256009,167.103856416,43.0129618855
1-256048,166.399034285,42.9453397651
1-25609,260.96305,58.32173
1-256104,164.973122161,43.3697457178
1-256125,165.173741177,42.5218047818
1-256131,164.626414616,44.0434263709
1-256150,165.117739968,44.2609674597
1-256155,165.153957201,44.0975121548
1-256182,165.570030751,44.33518369
1-256185,165.568697657,44.2717100492
1-256190,165.935105977,43.8577781252
1-256203,166.197365718,44.0218383248
1-256210,166.503964179,44.0699986636
1-256234,167.059205826,43.6248168999
1-256283,167.898754463,43.5913134549
1-256287,167.60274843,43.8286971943
1-256293,167.776507023,43.6330113334
1-25632,260.674137648,59.8518663722
1-256381,167.9737077,43.5666663336
1-256446,166.509879371,43.1734726281
1-256456,166.909018652,42.75319133
1-256457,166.78133818,42.825496152
1-256465,166.752244977,43.0899022199
1-25648,260.861934299,59.4551167448
1-256496,167.025035738,43.8946110815
1-256506,167.096241491,44.150323789
1-256546,167.329258624,43.8747567427
1-25656,260.581719132,59.0765343825
1-256574,168.118826692,44.1586499485
1-25659,261.46393833,60.1941170998
1-25663,261.474566001,59.5256287783
1-256647,169.442542506,44.8929635284
1-25676,261.841245626,59.6438000804
1-25680,261.968871739,60.0972734276
1-256819,169.353945185,44.5632961437
1-25682,261.96013461,60.0803380236
1-25683,261.979027094,59.7212052974
1-256832,169.513447059,45.1130288476
1-256860,170.214847187,44.5974119847
1-25688,261.284844944,58.7646874219
1-25690,261.32942229,58.8167434738
1-25707,261.954203279,58.6983323825
1-257100,171.301924563,45.0667685455
1-25718,262.535229254,59.5318374857
1-25722,262.39599152,58.7613167054
1-25725,262.996722074,59.9716380852
1-25729,262.887149833,59.5184192347
1-25740,263.892581425,59.8899227545
1-257412,174.317747615,45.7573989593
1-25746,264.239535476,59.2002873217
1-257623,178.539917892,44.3661292259
1-257627,178.474978488,43.8187327298
1-257652,177.796116041,44.0087651583
1-25771,260.555540079,54.3180746625
1-257813,177.794188858,45.2228493075
1-257822,178.343964227,44.920519964
1-257825,178.506318037,44.6422563858
1-257854,178.938105597,44.895458919
1-257903,182.310130122,44.090600304
1-257910,182.099974512,43.8701126627
1-257940,180.942559765,43.9844602936
1-257953,180.590519764,44.567172387
1-257957,180.160568753,44.4066455755
1-257984,179.962635154,43.7406891014
1-257999,179.524861376,44.4254441378
1-258007,179.593305477,43.8152710678
1-25819,259.874577274,55.43295833
1-258213,184.543787493,44.4004596628
1-258249,183.659830148,43.5362116712
1-258306,183.578982171,43.5352793132
1-258311,182.857363346,44.4360205784
1-258315,182.705354326,44.5126055931
1-258373,182.286726721,44.0031646757
1-258380,181.54597126,45.1492058811
1-258401,182.685712326,46.0343234393
1-258425,182.983754904,45.7899295636
1-258455,183.612200565,45.1954541961
1-258477,183.152106703,45.6251954919
1-258535,187.267983189,43.9795718195
1-258536,187.493919072,44.3016765831
1-258538,187.176047487,43.6257970509
1-258555,186.676545757,43.6579821148
1-258589,186.659041558,44.9214107215
1-258599,186.180996627,44.4107711556
1-258607,186.058329937,44.9376349237
1-258617,185.90069369,44.5450437897
1-258631,185.498162169,44.1456571735
1-258653,184.684745965,44.7811864098
1-258667,184.849710691,44.0416082692
1-258671,184.604215096,44.3072655269
1-258685,184.193930623,44.6710554238
1-258726,185.475057031,45.2676796139
1-258737,185.69857521,46.1569775887
1-258746,186.246598598,45.9694962176
1-258747,186.180370953,46.278998403
1-258748,186.243261086,46.2345486564
1-258750,186.06224681,46.3017637996
1-258752,186.000240273,45.9439870099
1-258758,186.211126212,45.2619113654
1-258760,186.030703871,45.4344663737
1-258774,186.4008708,45.0838596746
1-258777,186.394835447,45.4317366413
1-258778,186.313874666,45.2359867152
1-258782,186.55621312,45.5387113115
1-258795,186.280313987,46.3629087348
1-258804,186.311240733,45.9427418691
1-258820,186.446890985,45.9095701047
1-258823,186.700821072,45.8778088445
1-258849,190.720622612,44.0052110503
1-258856,190.913984142,44.1012768198
1-258876,190.394645188,44.4913906069
1-258879,190.279789022,44.6698894423
1-258885,189.73960131,43.5509153333
1-258899,189.25600275,43.6440881756
1-2589,157.120583254,1.24985362288
1-258903,189.188684713,43.6436076841
1-258915,189.271076462,44.4858973181
1-258925,189.079925947,43.5687878122
1-258947,188.10783748,44.1836188104
1-258988,187.722485042,45.2194323369
1-259001,187.789625246,44.712841641
1-259050,189.705788835,44.9585256539
1-259058,189.958285005,45.9335624945
1-259068,190.35276054,45.0456823961
1-259079,190.448421792,44.9146305925
1-259091,190.582431495,45.4378646384
1-259104,193.855952744,43.9380638089
1-259108,194.650015032,44.530786849
1-25911,260.346989853,55.876526099
1-259117,193.666721192,43.8700765532
1-259136,193.433367119,43.2498618342
1-259142,193.70398981,44.1555657173
1-259160,192.977010653,44.0934015539
1-259175,192.421756292,44.299358453
1-259185,192.269935204,43.8331684391
1-259195,191.674632081,43.309041216
1-259205,191.423015856,44.2213994987
1-259245,191.012464449,45.1292659168
1-259250,191.034146056,44.8918867776
1-259368,193.270198644,44.9603482345
1-25937,261.115608768,56.2960102323
1-259537,194.925026457,43.7531796624
1-259538,194.917190892,44.3308701337
1-259618,196.086288313,45.0566592336
1-259650,196.611052618,45.2889996883
1-259893,196.853735473,44.9366920033
1-259908,197.411496619,45.2692467822
1-259952,198.035688662,45.4268362322
1-26001,328.782753575,-0.770291183018
1-260010,198.491577212,45.7044634138
1-26003,328.844703891,-0.0148441010006
1-26020,327.825327824,-0.957043505794
1-26025,328.246177996,-0.150981657389
1-26031,327.766586621,-0.582165810706
1-26035,327.591959682,-0.310253263195
1-260377,207.569449754,39.6364270051
1-2604,157.404511247,0.951187505012
1-260446,206.133264031,40.2400042736
1-260458,206.069647949,39.5091473886
1-260481,205.011447114,40.4209145731
1-260514,205.918869004,41.6958237593
1-260534,206.334432527,41.3889308304
1-260541,206.173036755,40.4672999223
1-260663,209.56680463,38.8102111322
1-26071,327.236406548,-0.345604889409
1-260715,208.227705444,39.248191148
1-260733,208.054735019,39.5014764476
1-260743,208.392613685,38.9965989403
1-260744,208.063613425,38.9350797586
1-260783,207.48336114,40.8950763111
1-26079,327.203915122,-0.833071498543
1-260809,208.063753957,40.1491290879
1-260823,208.291846131,40.1191971636
1-260937,212.20109,38.54049
1-260939,212.283483217,38.6725949943
1-260942,212.390217247,38.7705752277
1-260943,212.631847333,38.8935318424
1-260946,211.921156019,38.6687784137
1-261008,211.243131598,38.6342138249
1-261013,210.791801718,38.7683216181
1-261029,211.143358889,38.5501457827
1-261030,210.430426069,38.6699301431
1-261032,210.307779051,38.6913175651
1-261050,210.376924931,38.5159158873
1-261059,210.218832026,38.7249315645
1-261147,211.624303419,39.4961978297
1-261199,213.04569,39.32505
1-261200,213.074070414,39.2881130979
1-261216,213.38977581,39.8849848256
1-261217,213.29303253,39.866364216
1-261224,213.23023003,39.3126522793
1-261243,215.382983427,38.118413721
1-261251,214.844443036,37.8724610607
1-261274,214.904021684,38.2342438662
1-261280,214.096446764,38.190986148
1-261311,213.98749,37.57261
1-261318,213.183657175,38.4351917779
1-26135,327.801520245,0.784184917811
1-261360,213.18216168,39.1065273454
1-261362,213.123697004,39.2511786235
1-261370,214.10843036,39.6512414364
1-261376,213.954953718,39.7979162715
1-261386,214.249448927,39.666659907
1-261390,214.162346427,39.6997896537
1-261574,215.738853719,37.5274241262
1-26172,328.428011119,0.139910825753
1-26186,329.025083841,0.866406193014
1-26197,330.723777704,-0.784602918852
1-26201,331.086002169,-0.502834373424
1-262174,223.294923251,36.9138148604
1-262177,223.682485332,36.8710555812
1-262307,223.780252613,34.8433306662
1-262322,224.024526979,34.4818306707
1-262830,229.000344555,34.356850419
1-262876,230.171059925,33.3653627659
1-262883,230.077713009,33.3848040595
1-262904,229.685162111,33.2400747974
1-262907,229.734961997,33.3645213285
1-262966,229.138361299,32.2439358099
1-26306,328.864988811,-0.533891305611
1-263083,228.47670258,34.5300920808
1-263104,228.978664559,34.7295583451
1-263197,230.229146078,33.4325236797
1-263219,230.483099162,33.5150652357
1-263429,230.057080395,32.0089346075
1-263490,230.102240956,32.8596200741
1-263495,230.07951,32.52662
1-263694,233.654226384,30.5822837219
1-263747,233.34850016,31.1795292062
1-26390,330.506790416,0.129815980326
1-26393,330.475162147,0.0817687339989
1-264054,236.60242022,30.2669760178
1-264059,236.389753136,30.1474062658
1-26406,330.816663792,0.571128772422
1-264108,235.319454056,30.1777386194
1-264158,234.245022694,29.8089017856
1-26421,331.05303443,-0.0321129155497
1-264254,234.679302212,30.6712885647
1-264349,238.58718664,28.3091240933
1-264375,238.17895764,28.3017117846
1-264422,237.79130702,28.4201426024
1-264427,237.577370628,28.8119073864
1-264482,237.240513072,28.7397648594
1-264488,237.151493963,29.001901024
1-264510,237.025402888,29.202319309
1-264513,236.941512144,28.6416976104
1-264543,236.755685381,30.5331724955
1-26458,332.620076007,-0.0217206458582
1-264599,237.056820253,29.914978197
1-26462,332.864312817,-0.0506007477888
1-264682,240.099439832,27.015750578
1-26470,332.02545166,-0.906952857971
1-264715,239.68883954,27.1978107057
1-264729,240.044495718,27.6051401709
1-264755,239.666967486,27.5828683616
1-264784,239.431385514,27.4647203797
1-264815,238.712494648,27.8287734897
1-264865,238.015242563,27.8665945807
1-264886,238.280465218,27.7109300993
1-264920,237.704851743,28.7509105598
1-265069,239.83816794,28.3912697433
1-265117,241.256482028,26.1208811998
1-265124,241.093924958,26.7849237078
1-265134,241.431747238,27.2049670277
1-265180,240.370316317,27.0774519649
1-265226,239.58334769,27.233413373
1-265247,240.113873834,26.7253193202
1-265272,239.601977636,26.9338188221
1-265285,239.666669742,26.977668351
1-2653,158.056995578,0.709316863953
1-265338,239.752752464,27.9853705478
1-26536,331.362548702,-0.533459037279
1-265373,239.676650445,27.6180838101
1-265375,239.673223791,27.557595687
1-265378,239.645025979,27.6182540807
1-265404,239.710278678,27.3900825776
1-265474,241.6940474,27.4632495228
1-265495,243.555035493,26.0711755572
1-26550,331.343473852,-0.495744547778
1-265530,242.929582367,26.1302875186
1-265547,242.487838657,25.6862523984
1-265548,242.465908167,25.6865942641
1-265551,242.493717711,25.7734262491
1-265560,242.746411501,26.3491706192
1-265589,242.315473709,25.7124695732
1-265597,241.654764076,26.2295942826
1-265618,241.202673733,26.4133526311
1-265632,241.046229818,26.4866849165
1-265639,241.024946457,26.4021297486
1-265646,241.00419164,27.2103349137
1-265670,241.426361627,27.2246530892
1-265671,241.252738275,27.2582379115
1-265704,241.253120982,26.7464514128
1-265713,241.799928886,27.6489300456
1-265750,242.472340567,26.6258918729
1-265758,242.28281162,26.5168318829
1-265769,242.751057523,26.642849101
1-265772,242.537609162,26.9231529839
1-265783,242.395748923,26.9127600221
1-265801,242.808816958,26.9234027153
1-265814,243.42849051,26.4912005223
1-265849,214.825638862,42.6742310975
1-265863,214.2841704,42.682763718
1-26587,331.105497936,0.715414950245
1-265883,214.464654219,43.418240452
1-265907,214.328094382,43.5203795212
1-265919,213.537366962,43.1973205721
1-265980,212.698424121,43.6074937769
1-265988,213.103435454,44.4608684501
1-266020,213.365362798,43.9138137236
1-266039,213.416820051,43.8665647606
1-266045,213.495430037,43.8929466347
1-266074,214.060210955,43.9229334765
1-26608,331.293035465,0.336972542227
1-266101,214.601728581,44.7407674397
1-266106,214.547722959,44.4742758113
1-26611,331.260852616,0.476022615254
1-266112,214.793892374,44.1376665968
1-266244,216.546598245,42.7112417247
1-266288,215.449747404,42.327856382
1-266328,215.072632347,43.0627986743
1-26634,332.112100502,0.45921690395
1-26641,331.973559133,0.302992857016
1-26670,332.558016105,0.921600071067
1-2668,157.839986058,0.231096035664
1-266817,223.485811547,41.357060863
1-26682,332.970511181,0.108720860234
1-26768,333.354275662,-0.13916134905
1-26788,333.085089582,-0.942707549238
1-268479,240.475077822,31.8920616895
1-26853,332.951398647,0.0800629139636
1-268764,241.834275695,30.4796108306
1-268785,241.788769992,30.5182030643
1-268786,241.452769626,30.7170587416
1-268789,241.515077927,30.6502367309
1-268822,241.234173483,30.5257756022
1-268826,241.215606019,30.5260117829
1-268854,239.940438398,31.2145068125
1-268862,240.257583561,32.1677784687
1-268956,241.523689436,31.1363009913
1-268986,241.695180027,31.8669854745
1-269003,242.044617935,31.5152909639
1-269009,242.820134815,31.1905903822
1-269031,244.646495589,29.8173161507
1-26904,333.556450826,0.369244524158
1-269055,243.28965469,28.8611046602
1-269070,243.244129321,29.5566051488
1-269081,243.101495435,29.4054660337
1-269084,243.075654643,29.0793309754
1-269085,243.146783797,29.3650771935
1-269099,243.161858352,29.6435938736
1-269102,243.17790839,29.9013383981
1-269109,242.906269965,29.603836443
1-269131,242.863524824,29.7941225225
1-269135,242.873138669,29.4501474217
1-269165,242.332421739,30.0107585204
1-269177,242.65423,29.51289
1-269179,242.10095866,29.7548343494
1-269204,242.231376073,30.6466987116
1-269212,242.487356556,30.1065282525
1-269227,242.669821825,30.2551391434
1-269248,243.090907524,30.4000566601
1-269279,243.400394115,30.1620873125
1-269313,243.273382535,30.9080748758
1-269331,243.766572607,30.079626171
1-26934,334.360153196,0.8246298257
1-269401,245.437898238,28.4302841191
1-269412,244.873659179,28.516913747
1-269491,243.22210877,29.4184768875
1-269500,243.375309447,29.1433909443
1-269577,245.066669548,29.4887182439
1-269630,247.611665545,26.0600380381
1-269634,247.662330445,25.9868972517
1-269638,247.688425711,26.0952495416
1-26965,336.988931933,-0.115799626841
1-269740,245.536293225,27.348441116
1-26985,336.78510433,-0.72719999551
1-269885,248.273506794,27.0310516512
1-269886,248.49628623,26.8979748103
1-269887,248.358502735,27.054314687
1-269904,249.398641792,25.3066397933
1-269915,249.356618734,25.3079700127
1-269937,249.001096585,25.3399227759
1-269951,249.053079853,25.9312666174
1-269966,248.737058299,25.692594856
1-269982,248.386543199,25.9644640748
1-269984,248.46298,25.86004
1-269986,248.190287999,25.8579602462
1-270005,248.033489061,25.6534095139
1-270068,247.66264812,25.6930667977
1-270072,247.512498077,25.7941338461
1-270074,247.366261012,26.5986873695
1-270107,247.677745207,25.9995834401
1-270129,248.140878523,26.3807396123
1-270135,248.042390617,26.0552030407
1-270160,248.274617408,26.2118146297
1-270170,248.43130551,26.3290120908
1-270181,248.726721169,26.2747746778
1-270185,248.710353443,26.3062766731
1-270196,248.560330372,26.5703229982
1-270206,248.823641397,26.3046756254
1-270207,248.760774404,26.1807342187
1-270216,248.750921836,26.0365556918
1-270221,248.593482076,26.6522156444
1-270240,249.002523282,26.0871631992
1-270242,249.032319247,26.5165640097
1-270260,249.295759305,26.2859612018
1-270268,252.350450207,22.941437199
1-270298,252.306539828,23.0777602819
1-270307,251.794121327,22.7058257789
1-270308,251.704901383,22.9051692702
1-270321,252.090693254,23.614688031
1-270339,251.256532044,23.6248877242
1-270359,250.813321914,24.0731854656
1-270365,251.017679946,23.3977625353
1-270417,251.101444615,25.1249996056
1-27044,335.504547206,-1.16793708877
1-270440,250.952374177,24.2423437173
1-270445,251.89017,25.11884
1-270462,251.584258911,24.2527278441
1-270469,251.876914844,24.3521769289
1-270492,252.068349064,24.1451436031
1-270495,252.041473012,24.063403903
1-270506,252.27103702,24.1244759801
1-270519,252.565421699,23.5798252121
1-270550,254.710013893,21.8109792377
1-270655,253.047977644,22.756535597
1-270673,253.772726759,23.4085064871
1-270677,253.977598529,22.8471095726
1-270684,253.742644418,22.1484295165
1-270712,254.108877764,23.4374195728
1-270728,254.882778451,22.3750197428
1-270734,254.884285387,23.0669540359
1-270739,255.635421658,22.1496833068
1-27113,334.423460443,0.152122915501
1-271708,243.587969858,32.1765752613
1-271717,243.063305493,31.8187245784
1-271724,243.204518163,31.9931871903
1-271795,242.453120964,31.626162335
1-271959,242.270917575,32.7036931124
1-271967,242.350666078,33.0002462434
1-272009,243.172202103,33.0377048634
1-272047,245.877362182,30.1976886084
1-272054,245.824994179,30.2631600123
1-272055,245.828081102,30.4670206295
1-272080,245.219436043,30.4648849298
1-272088,245.129711323,29.891024251
1-272175,243.737474935,30.754077946
1-272178,243.571358133,30.9994687598
1-27218,338.687689672,-0.454826017563
1-272265,243.730039636,31.8163481635
1-272266,243.337440367,31.2740785601
1-272287,243.935921424,31.9639551562
1-272289,243.938120332,31.8218423631
1-272298,243.76874,31.46255
1-272299,243.551903803,31.4904495341
1-272305,243.516642317,31.1339987407
1-272315,243.983677316,31.4067703397
1-272321,243.907395061,31.321300172
1-272360,245.46912942,30.7878551925
1-272361,245.402779754,30.8695636274
1-272400,246.035918866,30.9524878972
1-272423,248.28557,28.63065
1-272470,246.61102855,29.0149735651
1-272473,246.417716,29.1476103874
1-272496,245.971190796,29.4248514705
1-272575,246.259590618,30.1101440207
1-272639,247.36126617,29.5411260226
1-272728,250.81456977,25.3674188164
1-272745,250.53783633,24.9806059652
1-272757,250.161943417,24.403549647
1-272770,250.121119744,25.5018374531
1-272772,250.272601773,25.4848727075
1-272795,249.949336254,25.2522801462
1-272812,249.514139199,25.3027493499
1-272819,249.557164248,26.2817807249
1-272828,249.760140415,26.2277424914
1-272854,250.044643759,26.1023841632
1-272871,250.343438702,26.226259461
1-272877,250.217706847,25.6829566441
1-272881,250.686890208,26.5976056076
1-27295,337.203237512,-0.522664549289
1-272950,251.800824884,26.0066408246
1-272985,253.979231972,22.8386496039
1-273022,253.041901615,22.2355834157
1-273036,253.599056514,23.5663012115
1-273041,252.772244936,22.5274067768
1-273054,253.338825626,23.5764488307
1-273063,253.089238021,23.3725507664
1-273092,252.559437192,23.441387719
1-273098,252.201738459,22.9783507247
1-273107,252.333248014,23.3841407158
1-273110,252.140686043,23.2150357894
1-273120,251.728735936,22.5213789525
1-273133,251.402081564,24.3136752746
1-273162,252.654950872,23.9044414916
1-273185,252.880131115,24.076609666
1-273186,252.912995998,23.7104491942
1-273196,252.806748753,24.4643902926
1-273213,252.91351235,23.9722888618
1-273237,253.190767316,23.9384329491
1-273239,253.227680089,23.8352882421
1-273244,253.023699434,24.5056821164
1-27327,336.837751027,-0.678105120897
1-273275,253.225346152,24.4680747236
1-273282,253.650742658,24.063633125
1-273287,253.434042177,24.5529767997
1-273311,257.116383647,20.6118573391
1-273335,256.621025264,20.461837907
1-273366,255.583914603,19.2480152893
1-273422,254.844410042,20.8298455267
1-273427,255.662502622,21.5767484329
1-273477,256.456994846,20.9767967871
1-27363,336.59015774,0.807757367199
1-27376,336.394566095,0.0625729844004
1-273861,155.035764555,37.5440885175
1-2739,158.710771382,0.676383515369
1-273933,154.492431948,37.1815832021
1-27404,337.64222911,0.924541436021
1-27409,337.111383682,0.598877994801
1-2742,159.239053047,0.2297476559
1-274244,156.810365722,38.2045029032
1-274323,155.376787751,38.3089471132
1-274366,155.899411027,37.6377529641
1-274368,155.693069973,37.6734654533
1-274440,155.708675211,39.3689423013
1-274506,156.396651952,39.6736477762
1-274519,157.179457248,39.8388849686
1-274526,157.229589837,39.8948270578
1-274545,157.6859,40.05744
1-274570,158.533014161,42.8092149147
1-274583,159.153280005,43.5067783295
1-274593,158.207632004,43.1739467984
1-274637,157.606913115,43.1797785319
1-274646,158.017034271,43.8592700691
1-274658,157.597552562,43.725082216
1-274663,157.66051618,44.0127207743
1-274689,157.343576151,43.1705891713
1-274706,157.058861447,42.9680503539
1-27482,338.030234824,0.0370669306217
1-275176,157.183627878,39.7785903652
1-275185,157.987625029,40.3058408071
1-275340,161.261701641,43.7047581688
1-275354,161.169643329,44.0661435706
1-275456,159.382717136,43.653763908
1-27571,340.117032138,-0.249391310839
1-27599,340.06834535,-0.336137721563
1-27654,339.096925285,-0.790653496503
1-276544,163.501331325,44.4703730854
1-276547,163.459037713,44.3644251134
1-276550,164.039340951,44.4282567585
1-276557,163.885211474,44.9537209501
1-276562,163.701861642,44.8501801083
1-276563,163.682297724,44.5272903594
1-276574,163.545250015,44.624237731
1-276590,162.989174052,44.7601317834
1-276679,161.272632017,44.0542893849
1-276761,162.051276058,45.5952899686
1-27680,338.727494708,-1.17963338374
1-276843,163.952065008,45.9828907737
1-277,146.515385491,0.166808095842
1-277103,163.734794052,41.4984615909
1-277154,164.627215033,40.8755293024
1-277159,164.4709881,40.8621504512
1-277161,164.497127195,40.8279722463
1-277162,164.410760825,41.0548595378
1-277213,166.620758182,44.8509015149
1-277246,166.187800646,45.156429918
1-277249,165.76355,44.714056
1-277253,165.853154589,45.0054931236
1-277254,165.891915852,45.17042184
1-277257,165.910106905,45.17996731
1-277271,165.453589045,44.8138075901
1-277272,165.26133255,44.8882467412
1-277277,165.81077,45.21781
1-277279,165.391530621,45.6538679753
1-277289,165.27501849,45.2933065952
1-277290,165.495818359,45.2280243374
1-277293,165.553613585,45.3038714285
1-277300,165.047451733,45.7378264728
1-277308,165.095274584,44.9571992543
1-277317,164.404725025,45.6344344
1-277328,164.446167733,44.6546374711
1-277339,163.623252541,45.6852782547
1-277370,164.313010796,46.753670799
1-277375,164.25811451,46.7000796391
1-27742,338.56864005,0.0926010572545
1-277443,165.257580093,46.5654674741
1-277453,164.642095782,45.8125349849
1-277462,165.081845479,45.8900282451
1-277470,165.13845,46.34362
1-277475,165.447609688,45.8737368797
1-277489,165.616654867,46.9392146212
1-277516,166.228524937,46.975144792
1-277521,166.403246668,46.173601726
1-277525,166.689224683,45.9072542601
1-277533,166.369848301,46.8211966096
1-277539,166.832004204,46.3833190659
1-277552,167.034557947,45.9846243821
1-277691,164.585191631,40.7882342626
1-277858,167.049681744,42.1196937579
1-277944,168.480327354,45.4883670786
1-277965,168.183562398,45.1873874746
1-277987,167.919038742,45.3504464404
1-277992,168.094030871,44.8160370649
1-277997,168.363125901,45.8663821042
1-278011,167.967431339,45.5413957629
1-278015,167.878678443,45.6431254705
1-27804,340.652968475,0.858384283532
1-278057,166.767438931,45.8221385038
1-278059,166.704827641,45.9646320876
1-278062,166.655700331,46.0387775728
1-278075,166.106858433,45.7817118443
1-278079,166.086573291,46.0560974689
1-278081,166.297815975,46.1029376834
1-278113,167.133630157,47.3363337264
1-278136,167.847347825,47.3658048887
1-278153,167.002685726,46.8507437256
1-278159,166.871220787,46.354465407
1-278183,167.73444531,46.9441243017
1-278185,167.503109526,46.7033038272
1-278191,167.564300838,46.4415246751
1-278195,168.06395216,46.9695036868
1-278209,168.514656333,47.4482027361
1-278221,168.752093512,46.6345251343
1-278485,166.621994915,41.0361792285
1-278490,166.477106006,41.0632480288
1-278537,168.015359771,42.669794885
1-27880,341.477429668,0.0534838658698
1-279002,171.50906722,45.4338999973
1-279011,172.30913127,46.3900497012
1-279073,170.58814502,46.4305044138
1-279083,170.583304144,46.7013329603
1-279086,170.35502801,46.2892276044
1-279120,169.539016286,45.6186388631
1-279123,169.669552898,45.5527255595
1-279147,168.957726925,46.3195644483
1-279188,169.514598419,47.5058118744
1-27925,340.698611975,-0.321895639182
1-279252,170.142155743,46.8245044229
1-279279,170.606919594,47.1059671224
1-279314,171.013323097,47.9707615331
1-279320,171.148793982,47.6140153322
1-279329,171.244626971,47.1435102759
1-279381,173.637733355,46.166337697
1-279410,173.618706185,46.3605596127
1-279412,173.61962,46.88629
1-27950,340.122897407,-0.0624238654936
1-279532,170.808272582,46.9978024507
1-279544,172.36572936,47.6962934821
1-279554,171.628470631,46.9984308945
1-279617,173.361899618,47.2867278235
1-279666,173.911233586,47.5155197298
1-279675,174.128115553,47.8172263134
1-279676,173.981887348,48.0214581158
1-279690,174.478161687,47.4663535061
1-27987,340.840386977,0.426846421246
1-27988,340.801513527,0.426562416111
1-280053,175.19729992,46.5404924062
1-28008,341.005419942,0.752632793197
1-280104,173.701235773,46.9899499513
1-280132,174.714344313,48.087648304
1-280180,174.588123583,47.4373649095
1-280222,175.95596285,47.5279470924
1-280229,176.156100873,47.3873494785
1-280245,176.891257481,47.6969124951
1-280256,177.46221206,47.4446862742
1-28052,341.475982718,0.503986423029
1-28070,341.670678886,0.54342180178
1-280716,177.396591297,47.8312219274
1-280728,178.121855495,48.4589210594
1-280965,177.971920275,43.3480675175
1-281037,178.842125795,43.7610940306
1-281050,179.44492912,42.9899484925
1-281125,182.253728403,42.4752568439
1-281126,182.408757932,42.0096671164
1-281234,180.172706776,43.3546289934
1-281312,181.23537384,43.3273184368
1-281351,181.611633442,43.3647881282
1-281404,182.522415708,43.442751531
1-281439,182.356279647,46.5493574132
1-281828,183.608114982,42.0633572309
1-281883,183.141178367,41.6210093516
1-281886,182.181192751,42.3225031572
1-281900,181.962289996,42.5718785151
1-281907,181.765754991,42.9847151195
1-28191,343.263149354,0.0444552540111
1-281927,183.05821257,43.3562897069
1-281931,182.638191968,43.4357753328
1-281935,183.131519633,43.3670376364
1-282014,184.939052668,42.926549247
1-282020,184.665194583,43.5387237164
1-282021,184.386458684,43.7574062716
1-282035,184.521660366,43.0869854389
1-282043,184.738555868,43.6122656322
1-28205,343.097443019,-0.387240767311
1-282106,184.76431569,46.1067989528
1-282114,185.037670436,47.1335214433
1-282144,184.592510301,46.1553508471
1-282147,184.357789643,46.5668694873
1-282150,184.633472759,46.2984553717
1-282151,184.334364032,46.6352655948
1-282186,183.309096071,46.5020456996
1-28227,342.249063177,-0.0394277980144
1-282449,185.983169018,42.2934598373
1-282450,185.978309581,42.0348580922
1-282462,185.488707188,42.3127971165
1-282472,185.66066758,41.2844318126
1-282509,184.82728608,43.2368560313
1-282527,185.570458171,43.7363524528
1-282528,185.497731878,43.5192911395
1-282540,184.913966445,42.5195146712
1-282582,186.670184085,43.0859518727
1-282598,187.078459466,43.3904391733
1-282600,186.67567367,43.7833156939
1-282627,187.751318314,42.526965847
1-282637,187.964780023,43.2455264919
1-282653,189.032061007,46.6432899922
1-282665,189.807837762,47.0043531641
1-282708,187.879247737,46.5352810229
1-282712,187.936893409,46.1315884926
1-282762,187.285678346,46.8814922454
1-28290,343.239348175,0.101897458592
1-282996,189.512431351,41.2998083143
1-283039,188.837638361,42.3340787335
1-283072,187.442540877,42.7320247162
1-283108,188.647899317,42.4377741896
1-283130,189.060174536,42.6367411213
1-283152,189.705683232,42.644743256
1-283164,189.662592847,43.1366737404
1-283246,191.078873674,46.4071308651
1-283278,190.581426554,47.2199878632
1-283286,190.598878077,46.3043007095
1-283550,191.196146256,42.1026008917
1-283580,190.920995012,41.1545178203
1-283635,191.302819591,43.5257716263
1-283638,190.842660922,42.4792377243
1-283662,191.217733524,42.4221950462
1-283673,191.481201352,42.5619581113
1-283903,192.768551758,48.4085748066
1-284048,195.319316171,48.0601858091
1-284174,194.480465152,42.9372869668
1-284197,194.885391702,42.7589264511
1-284230,195.331595822,43.2772138273
1-284271,197.737491713,45.9905476985
1-284284,197.793842512,46.7135615712
1-284291,197.421657109,46.0233156886
1-284292,197.438023064,45.9126575731
1-284293,197.239319048,45.9054469821
1-284317,197.114483081,46.5696014209
1-284321,196.755055271,46.3094313124
1-284329,196.444036535,46.4618557637
1-284335,196.820876302,45.7281516172
1-284349,196.368917309,45.5818737837
1-284428,195.973168318,47.3864444591
1-284485,196.232419455,47.5036436707
1-284505,197.845382682,47.1513834879
1-284515,196.404928768,47.9164901618
1-284522,197.959465358,46.9327158022
1-284523,197.983095298,46.9071902298
1-284525,198.319269623,47.0875616275
1-284526,198.189163092,46.9349872724
1-284552,198.244775533,47.8281954499
1-284929,199.623887217,45.2838391634
1-284971,198.265001515,46.5479280865
1-284973,198.31155937,46.4183797848
1-284982,197.879163852,46.3417588233
1-284990,198.273746064,45.6756409489
1-285004,198.236315095,47.4566280096
1-285020,197.722880215,46.8191772262
1-285021,197.813416042,46.7006985856
1-285031,198.701371544,47.3515467821
1-285048,197.930196013,46.5807706541
1-285052,199.061490533,47.5993643925
1-285062,199.381778619,47.6766457959
1-285065,199.3225054,47.3420135692
1-285066,199.375496188,47.7831791404
1-285081,199.246719183,47.2685727166
1-285095,199.60876231,47.2231656037
1-285136,199.942788791,47.7155742145
1-285144,201.073918277,47.3842314915
1-285155,200.758153078,46.871765926
1-285506,201.995781397,45.7594504466
1-285728,203.958723047,40.2716872812
1-285729,203.896532182,40.1110948086
1-285737,203.374602013,40.529670292
1-285748,203.231976288,40.2570768643
1-285879,203.988189415,41.6046472776
1-285916,204.99108268,41.3380714808
1-285989,205.974001327,45.3306436538
1-285994,205.664653438,45.5843495134
1-286,146.520317004,0.871843112299
1-28600,347.882719134,-0.178620875358
1-286081,203.653215413,46.1540879549
1-286110,205.294433071,45.8978528614
1-286139,205.837588641,45.7957818182
1-28625,347.60711787,-0.47905322065
1-286261,209.444360498,45.0408216689
1-286265,209.396814741,45.0839740105
1-286274,208.592155931,44.115556514
1-286277,208.549755273,44.2080286337
1-286287,209.150324411,44.941650175
1-286307,208.306954205,44.1450180795
1-286309,208.667233467,44.8315186342
1-286316,209.09358915,44.8962761346
1-28646,346.866841336,-0.128722967332
1-286536,209.020930738,45.9223883188
1-286558,210.176336711,45.8334223968
1-28659,346.729140933,-0.660973754353
1-28665,346.647274174,-0.421577238109
1-286729,209.729822501,43.898557724
1-286746,210.500396802,45.5619101157
1-286771,210.957072623,45.348557935
1-286772,210.758004407,44.4683371458
1-286804,211.904865423,44.4822692358
1-286805,211.677260988,44.4316705889
1-28686,346.302324728,0.83438464152
1-286909,329.99796,-0.44552
1-28713,346.981614869,0.97669676003
1-28715,346.953929616,0.940545507863
1-28725,347.334455581,0.756508501779
1-287790,7.38700089483,-1.09569961487
1-287810,7.0855527162,-0.217869311786
1-2880,159.893774851,-0.252957993345
1-289694,46.2926761258,-0.314889879806
1-289729,46.37337,-0.38194
1-289817,55.5539816255,-0.354246007093
1-289841,322.467437693,-0.631275969015
1-289846,322.306045964,-0.294765358572
1-289864,322.21233944,1.25826960177
1-289865,322.04857688,0.299884814769
1-289868,322.44927834,0.396249358221
1-289914,318.358425393,0.974457486208
1-289993,57.1300701239,-0.920530281955
1-290015,57.1014090076,0.994984237731
1-2912,159.826098405,-0.229142053144
1-2921,159.373982593,-0.677945075894
1-29240,354.447242227,-0.646152231488
1-293356,46.5722670394,-0.14003524581
1-2937,159.606300135,-0.0177841899234
1-293928,254.317499324,18.452642335
1-293932,254.34218953,18.4805975158
1-294015,254.433853149,19.3686733246
1-294016,254.320829066,19.3394833732
1-294090,255.204838389,19.1916911827
1-294092,255.513372907,19.0001803367
1-294140,252.928029942,19.4286643516
1-294166,251.74187,19.67064
1-294189,252.725498934,20.5229393192
1-294237,253.642731662,20.1110122154
1-294241,253.628050672,19.7709787326
1-294260,254.022117089,20.5606570674
1-294261,254.224961651,20.3572002208
1-294262,254.018044344,20.6027047567
1-294319,251.314269968,19.6621995364
1-294327,251.096178525,20.4130047877
1-294332,251.128190301,19.9407630418
1-294335,251.173555001,19.7769710826
1-294344,250.900743626,20.231689384
1-294355,250.42475523,20.079417104
1-294356,250.681143396,20.3632265734
1-294369,250.198809457,20.9203892063
1-294374,250.907826335,21.6912870652
1-294376,251.235032678,21.7752568834
1-294387,251.508260815,21.9748697649
1-294459,251.257839055,20.5712105021
1-294489,250.312960997,20.752210151
1-294517,249.879364087,20.6716486424
1-294537,249.823000211,20.4815891141
1-294564,250.438817145,23.0625437319
1-294572,249.79425,22.14739
1-294587,250.328764456,22.2787590179
1-294598,250.397148519,22.3263728443
1-294599,250.37654678,22.2488985971
1-294633,251.419481827,21.821942719
1-294645,251.687112407,22.3559531142
1-294674,249.125588927,22.030066078
1-294778,248.117844541,23.4186896726
1-294858,250.010914139,23.5761808381
1-294859,249.916155878,23.5422460689
1-294860,250.061017879,23.0217568184
1-294864,250.281829834,22.8235683441
1-294923,248.277392263,23.19920859
1-294969,246.513796097,22.8606222116
1-294986,247.395996422,24.7365681502
1-294992,246.329622049,23.99029996
1-295025,247.732644599,24.7798780784
1-295041,247.82812449,24.71229102
1-295044,247.866321462,25.1082447985
1-295059,247.814684193,23.8826354138
1-295062,247.91808611,24.3154058163
1-295070,248.233007375,23.945890941
1-295093,248.383906756,24.9847216227
1-295095,248.348667665,24.7765778521
1-295107,248.932056992,24.1420599682
1-29512,356.751827964,-0.447387404322
1-295129,249.139946939,24.127634859
1-295155,247.530650629,23.925957535
1-295183,246.307313646,23.6999473282
1-295190,246.619645509,24.0257332973
1-295212,245.924020984,24.1718053089
1-295241,245.738731076,23.8933307802
1-295272,245.684598393,23.9541392908
1-295299,245.456709242,23.7700790091
1-295303,246.172236769,25.3282352307
1-295307,245.745088974,25.6297977766
1-295343,246.480738698,25.4116065643
1-295352,245.870808901,24.5299883499
1-295355,246.710983251,25.891197099
1-295359,246.805971972,25.9282474547
1-295367,246.098139769,25.1301189443
1-295374,246.308566582,24.516577775
1-295411,247.470397036,24.4440153643
1-295446,247.427678082,25.3039338191
1-295448,247.594594512,25.6744113629
1-295449,247.40326194,25.7655308338
1-295463,247.724354042,24.5621023105
1-295474,247.662785592,25.6094366462
1-295476,247.929085014,25.2941088954
1-29549,355.439519183,-1.09150528233
1-295506,247.135764945,24.721865161
1-295525,246.361870034,24.2477520587
1-295542,246.255977023,24.2631556488
1-295629,245.207249836,24.0420575029
1-295671,245.012244454,26.0542379411
1-295681,244.566904715,25.9489866747
1-295684,244.683115934,25.9474259288
1-295709,244.985724246,24.7444807146
1-29571,355.136248744,-0.551087725588
1-295721,245.807468478,26.4792952557
1-295760,246.433529842,26.2253515164
1-295761,245.859977865,25.5183210157
1-29577,355.100520847,0.00226414918947
1-295787,246.171165691,25.3293598821
1-295790,246.551623929,25.6166228569
1-295832,247.028385695,25.3954022234
1-295839,247.07224692,25.7037608471
1-295887,244.964231338,24.5797856066
1-29590,355.282358905,-1.03756794059
1-295935,245.147382617,24.815513947
1-295953,244.425585646,25.2055066731
1-295955,244.69865757,25.1887382793
1-29599,354.921904047,-0.0344854070265
1-295996,244.379847416,24.2899266669
1-295998,243.499483387,24.9996989429
1-296,146.806842043,0.665587983318
1-296005,243.609781443,25.096398041
1-296030,243.398401002,24.8275824656
1-296074,243.619184484,25.6940909147
1-29610,355.021927335,-0.628189743146
1-296119,244.199916119,26.1291080514
1-296149,244.446388843,25.682009525
1-296174,245.196110754,25.9973995674
1-296190,245.441960986,25.82067799
1-296277,245.477690598,25.6255454628
1-296298,245.1435,25.46231
1-296301,245.487747995,25.6915159003
1-296316,244.812415008,25.1447547853
1-296334,245.056710905,25.7100874489
1-296398,244.070742857,26.1188018623
1-296414,243.854957874,26.1103129227
1-296440,243.377509858,26.6987845669
1-296457,243.833725892,26.6245401059
1-296466,244.244005476,27.6184162359
1-296537,245.478160558,26.6004830968
1-296538,245.535026017,26.7923670009
1-29656,354.804330838,1.00153659124
1-296599,244.104428719,27.2461395251
1-296621,243.900087297,27.3294057464
1-296644,243.685656945,27.8616922794
1-296659,243.414356076,27.5928559087
1-296681,242.750569954,28.0852749764
1-296690,242.629280894,27.499660306
1-296694,242.855211093,27.2935458581
1-296702,242.273018188,27.8926958508
1-296716,242.262072125,27.8048479571
1-296732,241.382956332,28.4161582186
1-296733,241.71736145,27.9275417328
1-296766,242.088120739,28.4786834721
1-296771,242.202848901,28.4612740162
1-296778,242.60188,28.59173
1-29679,354.990030713,0.135188746587
1-296799,242.948276501,28.3946923159
1-296801,243.073393754,28.4295508705
1-296812,243.190961671,28.1083665866
1-296822,243.142879943,28.70162491
1-296824,243.025586046,28.4988658036
1-296849,243.903809855,28.1585845942
1-296892,242.369623226,28.7720104277
1-296900,241.778644993,27.9787650419
1-29692,355.089421102,0.269458015091
1-296922,241.658368324,28.2696839731
1-296928,241.840765375,28.8516255628
1-29707,355.608522965,0.255938350855
1-297084,240.548167423,30.5629612132
1-297126,241.251185189,29.6115330631
1-297172,241.94121317,29.3367659657
1-297190,242.570601621,29.1257651605
1-297192,242.180489621,29.2163627256
1-29721,355.946360816,0.705851988404
1-297219,239.17852912,29.8131795023
1-29726,355.89492342,0.567831769652
1-297266,238.515570044,29.9151013577
1-29728,355.825110967,0.442474636753
1-29745,356.072938346,0.441779181604
1-29748,355.983164831,0.218054170333
1-29749,356.092469402,0.0963688739824
1-29751,356.168993543,0.17728280722
1-297822,117.206918223,18.3835703514
1-297825,117.094733328,18.5028826591
1-297846,116.919170676,18.478553388
1-297854,117.43276891,18.9185959989
1-297860,117.42263,18.8618
1-297863,116.767280449,18.1383425062
1-297871,116.730202777,18.482375517
1-297902,117.021640894,18.6155951897
1-297905,117.003225435,18.622145951
1-297909,117.038289628,18.5706939566
1-297910,117.074570933,18.9592212143
1-29792,358.094461941,-0.628759880529
1-297924,116.76927177,18.590630627
1-297936,116.577525356,18.368684364
1-297950,116.551788207,18.7103693162
1-297956,116.67274471,18.7348410457
1-297970,116.446792381,18.312577531
1-297986,116.346578955,18.2366261774
1-297987,116.364316267,18.1286260397
1-29799,357.651747574,-1.12808991462
1-298089,117.83073714,19.59454415
1-29809,358.468819087,-0.0987309075214
1-298090,117.803698308,19.5784472556
1-29811,358.221930841,-0.382447349138
1-298111,118.074345115,19.5950803976
1-298114,118.113655409,19.5401626458
1-298197,118.526929331,20.6582877828
1-298206,118.226710583,20.6628789275
1-298217,118.286539568,21.8515527866
1-298228,118.474514028,20.7827704892
1-298273,120.118848818,21.1362509124
1-298280,120.157081193,21.5076630349
1-298298,120.538363242,21.2527634106
1-298308,120.609332708,21.193616721
1-298310,120.788975163,21.2664966673
1-298311,120.754805166,21.0468572109
1-298319,123.320626318,22.6483193425
1-298347,122.422087497,22.5603927646
1-298360,121.797812529,22.2900757831
1-298361,121.910555382,22.2862119566
1-298367,121.45542388,22.3401254681
1-29843,356.270288778,-0.270886747269
1-298466,122.474147344,23.4874691888
1-298482,122.550750441,22.7722827177
1-298490,122.61424433,23.453121861
1-298498,122.938744486,23.4738282234
1-29851,356.53702356,1.03033424423
1-298533,124.843267515,23.74728292
1-298537,125.687370639,24.2969703898
1-298546,124.447939515,23.4765323934
1-298555,124.109635921,23.1425158913
1-298596,123.70918848,24.002949613
1-298600,123.530409854,23.7119154499
1-298623,123.098008176,24.1159781368
1-298626,123.768534131,25.6086845695
1-298640,123.265370207,24.5669929863
1-298668,124.18959773,24.7802418812
1-298677,124.954227118,25.5401791353
1-298693,124.698297548,24.5374298193
1-298708,125.322196039,25.4918682616
1-298715,125.361695991,24.453072081
1-298727,125.853157621,24.6734435513
1-29874,357.223131022,0.642192413136
1-298752,128.250742039,26.0140506945
1-298778,127.107818258,25.0146350066
1-29878,357.127656505,0.36051019958
1-298798,127.273132937,25.7726268856
1-2988,159.592103934,0.819848508903
1-298823,126.514500226,25.5945851751
1-298835,126.081201703,25.6744725593
1-298842,126.278362587,25.9007850514
1-298845,126.310386877,25.0161048395
1-298864,126.198239115,25.2250808912
1-298867,125.71897655,25.5584090602
1-298868,125.60327372,25.5090791387
1-298906,127.027493024,26.9118288966
1-298926,127.343679631,26.6568868313
1-298938,127.105953892,26.3973701601
1-298940,127.036813758,26.0949911446
1-298950,127.374084016,26.5499609357
1-298953,127.13101957,26.3486816944
1-298966,127.553016498,26.6273229458
1-299013,128.494561948,26.1067972709
1-299015,128.508442469,26.1490920644
1-299016,128.753560042,26.0573359726
1-299056,130.160791015,27.2411152717
1-299094,129.46447852,26.5988504664
1-299163,128.633013857,27.0535922562
1-299166,128.622022349,27.4298486443
1-29917,358.066037768,0.102962333894
1-299176,129.032564433,26.8120653333
1-299195,128.734304484,26.3823899521
1-299204,128.217219469,27.0250925663
1-299337,130.08255306,27.7402146324
1-299400,130.688771558,28.5216082002
1-299414,131.779074365,27.8736050542
1-299468,131.704957687,28.171321961
1-299474,131.538189994,27.9718175611
1-299476,131.709178102,28.4172240721
1-299496,131.204734198,28.3148852145
1-299532,131.224975242,27.7189998538
1-299561,130.320095018,27.6593145248
1-299565,129.923733498,27.725716146
1-299567,130.126015992,27.6309136145
1-299570,130.15087223,27.8765302312
1-299571,130.307516597,27.9077931283
1-299607,131.301983738,29.3062359704
1-299614,130.838287575,28.8310242398
1-299641,130.92217926,28.6230365601
1-299669,131.635231215,29.598723238
1-299674,131.7875648,29.7822905787
1-299684,132.043573752,29.4913800312
1-299713,132.75026555,29.1819477423
1-299741,134.307439723,29.292623468
1-299745,134.070033314,29.0033129891
1-299757,133.588048686,29.0457728726
1-299759,133.659526475,29.1901679559
1-299781,133.518891903,29.053541333
1-299793,133.25889354,28.5402331687
1-299794,133.194773314,28.9246728351
1-299845,132.952546253,29.2795096001
1-299960,132.661769501,30.1753550033
1-299973,132.363315088,29.5199725497
1-300010,133.034451573,29.6936802776
1-300085,135.315447387,30.0247464102
1-300092,135.198056203,29.990284091
1-300096,135.187285682,29.6821990696
1-300105,135.030436672,29.6327716468
1-300126,135.042768502,30.3879673342
1-300138,134.591835176,30.3332563579
1-300145,134.770579111,29.8162556934
1-300189,133.81502,30.17275
1-300238,134.581291082,31.1220886599
1-300264,134.741027883,31.0486329529
1-300275,134.891919348,30.9173760946
1-300293,135.233760471,31.141427444
1-300318,135.250302834,31.0906963419
1-300363,137.18220229,30.8913341778
1-300401,136.638779932,31.1899702229
1-300411,136.329300358,31.1879508847
1-300461,137.160232544,32.5929527283
1-300464,137.254288396,32.2830609227
1-300469,137.223188476,32.2530361675
1-300599,140.046766253,32.8293639942
1-300600,139.44474563,32.4682850091
1-300604,139.493862242,32.6466511919
1-300607,139.735344839,32.5130047571
1-300623,138.969363169,32.4659343959
1-300624,139.032468072,32.8921736022
1-300625,138.742506511,32.7895428219
1-300653,137.949754694,32.9241382218
1-300663,139.398625606,33.6538331262
1-300672,139.646760758,33.8680022735
1-300674,139.67831082,33.9430635442
1-300675,139.685412592,33.731179621
1-300676,139.773678218,33.9300709859
1-300680,139.760590695,33.6952085624
1-300695,139.895143044,33.8880918144
1-300696,139.842334457,33.6034325119
1-300699,139.863835136,33.790894966
1-300703,139.419004477,33.0145981335
1-300705,139.387878713,33.1404150861
1-300709,139.929094807,33.8110097873
1-300718,139.764735719,33.3927993748
1-300734,139.97680569,33.1072866569
1-300739,140.254934107,33.1266639802
1-300759,140.490953661,33.0063678594
1-300773,140.338303755,33.6913230263
1-300778,140.727721732,33.1420123614
1-300828,143.373878191,33.974296696
1-300925,140.538152909,33.9008709164
1-300931,141.490812594,34.6299107981
1-300968,141.816811969,34.4272257572
1-300969,141.917802427,34.5331804857
1-300973,142.007171549,34.4105520044
1-301014,142.777356423,34.0929455974
1-301090,146.628758262,34.9168377202
1-301107,146.495655846,34.553297199
1-301108,146.342221348,34.6944291785
1-301193,144.156457423,34.4773530878
1-301213,143.809269161,34.731706307
1-301241,144.52643,36.0392
1-301244,144.46813253,35.7836866039
1-301260,144.732148921,35.695160225
1-301265,144.356788469,35.2400774399
1-301272,144.410643728,35.2284737818
1-301273,144.205917314,35.3155163547
1-301288,144.497102781,35.1988242876
1-301321,145.81603731,35.2061981095
1-301327,145.50128,35.36446
1-301330,145.829803467,36.2478218079
1-301331,145.814039863,36.2314430016
1-301360,146.716362478,35.2510982477
1-301386,147.429978152,35.18604685
1-301388,147.60071976,35.1580784359
1-301461,147.069597496,35.4250109523
1-301470,146.633472458,35.3303421673
1-301489,146.255605474,35.2419252494
1-301495,146.311888411,35.369304886
1-301504,146.414570885,36.0000267413
1-301537,145.860507483,36.2373813035
1-301541,145.81405,36.2856
1-301561,146.016885243,36.3090136815
1-301579,146.29654,36.53427
1-301609,146.660607822,35.9951893756
1-301834,148.421104587,35.7018761426
1-3019,159.827060624,0.839857502776
1-3050,160.143695777,0.817428701321
1-30632,4.53652539548,-0.783762191853
1-30887,4.2288420456,-0.0882208825677
1-30958,6.42267933293,-0.374829734148
1-30960,6.55385971945,-0.61558557904
1-30993,5.57206655489,-0.968793663263
1-31020,5.407878,-1.010618
1-31160,5.13727185559,-0.146407263746
1-31189,5.58273548897,0.00915551281134
1-31212,5.91616850756,-0.120843876483
1-31237,6.39337977323,0.8468258097
1-31249,7.67878973393,-0.802216561325
1-31271,7.55605935585,-0.707838371408
1-31295,7.30918532467,-1.01936262056
1-313033,210.217782954,38.4180312572
1-313036,210.311387601,37.8829879225
1-313053,210.632175032,37.6813872524
1-313054,210.371046129,37.6471489209
1-313108,212.366822822,37.6867491252
1-31324,7.29345626963,-0.163789254964
1-313322,213.454946357,37.2690668654
1-313323,213.404349787,37.5278711818
1-313335,213.713615058,36.7899518169
1-313351,213.858459387,37.4902659668
1-313354,213.798415587,37.0775723293
1-313385,214.642100658,37.024420277
1-31345,7.41857319348,-0.415184446582
1-31369,7.08044437539,-0.246340833016
1-31374,6.31307218122,-1.11175727398
1-31375,6.36659969212,-1.01059842511
1-31376,6.52858112422,-0.721714553614
1-314013,221.919226552,33.1277488147
1-314028,222.453764245,33.857455712
1-314040,221.792028246,33.2104733849
1-314059,221.666542185,33.3012218567
1-314067,221.666417171,33.4012281555
1-31425,6.60403734297,1.02004128285
1-31432,6.40711093019,0.036723034488
1-314332,224.437789488,33.1656344458
1-314374,223.992874117,32.6257217102
1-314386,224.007695632,33.0413565224
1-314409,223.867459205,32.8400281225
1-314424,223.383358975,32.8306810028
1-31444,6.78509252634,0.933349428042
1-314449,222.961188028,33.1829811841
1-314639,224.519179379,34.1223408164
1-314676,227.536895057,31.8878363741
1-314700,226.591352584,31.2572839474
1-314719,226.231810519,31.1249809921
1-314736,226.464753943,32.0099797304
1-314817,224.737195419,31.786649803
1-31485,7.25618195747,0.35083235774
1-31500,7.12272652365,0.781030457159
1-31502,7.71740007467,0.528758918863
1-315062,229.83144601,30.7165373261
1-315063,229.437391969,31.0043844974
1-315099,228.63271712,31.0309520948
1-315103,228.5940189,30.8833526981
1-315134,228.023242349,30.8398353184
1-315206,227.901418339,31.7131450775
1-315276,228.723857449,31.6566748302
1-31530,7.75249875162,0.43574830194
1-315462,231.413895826,29.6035462094
1-315494,231.035154608,29.8820676657
1-315502,231.100285824,30.006031559
1-315503,231.107052376,30.1186903685
1-315626,229.277476479,31.3481660706
1-315675,230.508292093,31.2330601145
1-315770,230.812461084,30.9928422723
1-315799,231.872177256,30.778298767
1-31580,9.56485395306,-0.967405560911
1-315863,232.213336275,29.0573223952
1-31587,10.1120979603,-0.045422751148
1-315931,231.400889075,29.7693996225
1-316023,230.686983636,29.7696005075
1-316030,230.652568187,29.8957624364
1-316109,230.784981956,30.8775072646
1-316138,230.861630227,31.0662679542
1-316144,230.947528074,31.1952735897
1-316145,230.899637624,31.1725222791
1-31626,9.82909072086,-0.456257608849
1-316277,232.419109618,30.4859177906
1-316296,233.969521776,28.0552269095
1-316385,232.542825903,29.0083952252
1-31639,8.78569873083,-0.133681896644
1-316402,233.194091082,28.3670695875
1-316437,232.185175124,29.1013361062
1-316482,232.278580572,29.6777137202
1-316583,233.504892044,29.2298931206
1-316593,233.275220141,30.0907203718
1-316607,233.520461477,29.9068817249
1-316675,237.024729238,27.9623646788
1-316700,236.765405052,27.9888612383
1-316728,236.321146067,27.9137608113
1-316773,235.374904168,27.9865024337
1-316865,235.023897879,28.0804506595
1-316872,235.152678619,28.5124355207
1-316920,235.398323152,28.0495680836
1-316933,235.540149707,28.2569582583
1-316945,236.006339163,28.2770287796
1-317060,237.961673393,25.9378353384
1-317062,237.971010455,25.9783396567
1-317099,237.853217459,26.7303552396
1-317100,237.655552873,26.7467586736
1-317211,236.896206552,27.8073266975
1-317226,237.499536314,27.100034833
1-317315,238.028347327,27.5587420659
1-317381,238.238718316,27.663300415
1-317388,238.299759729,27.555750278
1-317471,239.965063698,25.940652403
1-317497,239.224009831,25.6811815915
1-317534,239.168802952,25.6383923785
1-317540,239.219794467,25.5686141938
1-317560,239.126314415,25.3290435494
1-317568,238.220481843,25.9494388038
1-317575,238.668600817,25.5698026721
1-317589,238.02091914,26.0744622403
1-31759,8.96123734092,0.869306815357
1-317694,239.549641837,26.5222111847
1-317695,239.719390274,26.438622549
1-317727,239.995525714,26.4807587087
1-317742,239.611175339,26.6451840254
1-31776,9.29836316868,-0.058476974099
1-317783,240.464296685,26.3194430731
1-317791,240.334135266,26.0775531564
1-317809,241.003920502,25.9553979465
1-317822,242.810051712,24.2250218923
1-317823,242.627171994,24.0546048753
1-317837,242.505360742,24.3535069532
1-317857,242.228455994,24.3562042309
1-317860,241.932392,23.7336630468
1-317862,241.870024178,23.8045204195
1-317878,241.70771182,24.1105924267
1-31788,9.39920356323,0.280661865228
1-317938,240.918943454,24.60267345
1-317951,241.344792595,24.1314594112
1-317962,240.779507769,24.5239896368
1-317967,240.632093604,24.762174834
1-317979,240.988343223,24.4022408527
1-317981,241.039926553,24.3307957312
1-318009,239.866087824,25.09066407
1-31801,9.7357994493,0.299242590135
1-318024,240.469062196,25.7511347232
1-318034,240.687669138,25.2521888887
1-318069,241.01903864,25.5628103187
1-318071,240.832698601,25.4537018179
1-318089,241.148367218,25.1899383439
1-318105,241.297873241,24.9601168782
1-318122,241.747204897,25.363955935
1-318128,241.856164707,25.4436218452
1-318137,242.147659616,24.9525329552
1-318141,242.031946363,25.4215612552
1-318145,242.374806295,25.639403589
1-318146,242.02612,25.48535
1-318148,241.944668703,25.5375112697
1-318164,244.781805041,22.6973209618
1-318255,244.054687724,23.379428084
1-318279,243.936009926,22.7260102172
1-318315,243.178262849,22.9841583694
1-318321,243.4418295,22.9190135369
1-318330,242.436748937,23.3828630127
1-318334,243.084888914,23.0020200482
1-318364,242.89438708,24.3921381308
1-318370,242.898693893,24.0765990353
1-318397,242.87830654,23.8116034128
1-318401,242.874040099,23.9737579079
1-318434,243.032096541,23.718144973
1-318435,243.160470374,23.6070485609
1-318463,243.56101062,24.2809843272
1-318474,243.995952366,23.6575249995
1-318499,244.583232408,23.6370834476
1-318513,244.03604126,24.0795288086
1-318518,244.659301293,23.9425782742
1-318519,244.694521845,23.9152327734
1-318601,245.998437113,21.7950305856
1-318621,246.209997029,21.6138741605
1-318725,245.995003624,22.3933672694
1-318728,245.859250212,22.4857070018
1-319363,201.946539253,51.1375224871
1-319368,201.508002477,51.3020366089
1-319380,201.23284279,51.1937566628
1-319381,201.07516,51.25022
1-319387,200.971919902,51.4352347109
1-319390,200.255968666,50.5235887339
1-319400,200.595868718,51.3201395782
1-319408,199.829107877,51.126738437
1-319440,198.608693632,50.9791687626
1-319447,198.749292649,51.2725778654
1-319474,198.339389002,51.4609159162
1-319477,198.262510451,51.2314448248
1-319544,199.45445575,52.0236445954
1-319576,200.052117571,51.7652226121
1-319587,200.819830375,52.6537714858
1-319646,203.674287678,50.4641682307
1-319661,202.82777236,50.9882575745
1-319663,202.527674312,50.5110908415
1-319668,202.485377395,50.8838631272
1-319706,200.845092268,50.1701537798
1-319795,203.109076945,51.8858495646
1-319949,204.100678826,51.6132424058
1-319957,203.685083768,50.7703870346
1-319961,205.178136693,51.8886815672
1-319977,205.326013744,52.1026930127
1-32016,10.1461710193,-0.2937120292
1-320267,209.493046404,49.9776378078
1-320314,212.46705049,48.4441132186
1-320324,211.991755192,47.9064008103
1-320328,212.116140368,48.2001554186
1-320337,211.474226488,48.3655452742
1-32034,9.88843683958,0.597494716911
1-320340,211.580127094,48.5576331453
1-320358,211.811154792,49.0935931941
1-320459,210.886667439,49.9686831653
1-320477,211.615727295,49.953105098
1-32048,10.51573025,0.71898806979
1-320528,212.321266069,50.0481183366
1-320543,213.010158799,50.1370959328
1-32055,10.5745189523,0.370548863579
1-320551,212.909287308,49.8844743803
1-32056,10.4174680608,0.208785194852
1-320560,213.182664453,49.868483618
1-32058,10.4083294322,0.257635351637
1-320584,216.256140174,47.9534929732
1-320606,215.463145967,48.0337900958
1-320614,215.902396279,48.4361730773
1-320642,214.375197857,47.7149584725
1-320655,215.274863658,48.3081727439
1-320664,214.818992501,48.0610045702
1-320677,213.809361648,47.7499574049
1-320681,213.813097542,47.8733435601
1-320748,212.765629211,48.9656202444
1-320796,214.930148646,49.2366458158
1-320912,217.824864002,47.4976011776
1-320922,217.077905948,46.8238432166
1-321,147.031964598,0.77531465809
1-321057,215.604728976,48.656707994
1-321069,215.346547038,47.9184171568
1-321074,215.385064339,47.9627317242
1-321127,216.729290026,48.0998981802
1-321148,217.577208599,48.0685199319
1-321149,217.465568584,47.9859308997
1-321165,218.538472134,48.1088764319
1-321167,218.600034104,48.0374809129
1-321170,218.662631073,47.9683332314
1-321215,219.704696302,46.6081857086
1-321221,219.726705634,46.6656150482
1-321256,219.227540718,46.8017683736
1-321271,218.874573983,46.2023905577
1-321276,218.36486701,46.4682615107
1-321290,218.468780678,45.7611491471
1-321299,217.975396581,46.2702966932
1-321354,218.947564333,47.0074672475
1-321374,219.438477655,47.3149061861
1-321377,219.742857784,47.3079157281
1-321409,220.498722704,47.0111632402
1-321426,221.029543945,47.0269767174
1-321512,221.485183467,45.9158181732
1-321582,220.08365595,46.935688792
1-321655,221.975381891,46.5149290944
1-321684,222.834577626,46.684999005
1-321725,223.352619318,46.4855854915
1-321739,226.431661417,44.4049023746
1-321841,224.361594392,45.8214161418
1-321895,226.291453527,45.5607391688
1-321911,229.230336571,43.1094638412
1-321914,228.91605,43.17848
1-321932,228.295074885,43.2617104767
1-321936,227.547504702,42.607145053
1-321938,227.329239945,42.6750722013
1-321961,227.127740234,42.8666919225
1-321962,227.016998374,42.8190204226
1-321963,227.069591907,42.9163757462
1-321967,226.962271931,43.5227049063
1-321979,226.135574018,43.8776584965
1-321982,226.127153386,43.06941831
1-322020,226.911930178,44.5562592519
1-322028,227.405872815,45.1345675045
1-322035,227.481805538,44.9910758381
1-322045,227.928403387,43.9704402481
1-322048,228.30396347,44.055399
1-322074,228.700725792,43.6659680669
1-322087,228.982725261,43.8896203597
1-322096,229.493083453,44.0795834625
1-322113,229.308914218,44.0180313812
1-322159,231.042635218,42.0687225384
1-322161,231.205309356,42.1725581055
1-322172,230.574386471,42.2870128003
1-322183,230.39627,41.90446
1-32223,13.42766947,-1.08517904079
1-322240,229.009499056,42.1462413591
1-322258,228.797141891,43.1596836041
1-322259,229.016509168,43.160143213
1-322262,228.98459662,43.1667800105
1-322277,229.164859076,42.9538517436
1-322291,229.795587153,43.2045562882
1-322308,230.108412527,43.0484305988
1-322336,230.357634111,43.454386976
1-322353,231.631883687,42.8749106326
1-322436,234.127669317,41.1747630773
1-322451,233.377171179,41.0961140392
1-322506,232.08017836,42.3547928
1-322507,232.041293457,42.2044581934
1-322563,233.115235694,41.8117859622
1-322575,233.815568887,41.5705272312
1-322581,233.136291413,41.9804417118
1-322586,234.031337326,41.4919184761
1-322671,235.797029139,39.2387736443
1-322679,235.709491246,38.2238412017
1-322680,235.759080608,38.6604998963
1-322768,235.057231432,39.9041366035
1-322784,235.786093375,40.0485541708
1-322787,235.92048814,39.5403571158
1-322802,236.2674028,39.8598311064
1-322806,236.096078234,39.5589501996
1-322974,237.167053784,37.5082749292
1-323,146.842251321,0.740816056908
1-323026,237.451396226,38.0029235864
1-323055,237.888156574,38.2994367409
1-323378,241.892588201,36.484048963
1-323420,244.612010432,33.7146052691
1-323475,243.734145251,33.0626375602
1-323764,246.054052035,31.8758578693
1-323766,246.175999716,32.0643726324
1-323774,245.685828787,32.21665959
1-323775,245.749499652,32.0142382813
1-323794,245.346646891,32.3490136493
1-323813,245.258780459,31.7556833502
1-323860,245.003508806,33.5461892623
1-323886,245.14186338,32.9349279137
1-323888,245.686628102,32.6591618473
1-324033,246.358197043,30.3094478193
1-324250,249.53426186,28.3686783449
1-324267,249.101986828,28.6178052776
1-324358,249.226683708,29.0148514188
1-324389,249.901027833,28.8181214665
1-324517,255.728151066,22.9300598103
1-324562,255.149715786,25.1598596435
1-324605,255.881516323,25.2283629693
1-324619,256.013990372,24.2644284496
1-324624,256.333803036,24.4703493475
1-324633,256.21393005,25.0551004619
1-324635,255.99939012,25.0788395101
1-324637,256.026552042,25.0201148358
1-324658,256.705047623,24.905921091
1-324662,257.354443473,22.2140634646
1-324664,257.512868928,22.4542524732
1-324677,256.467218561,22.2441264738
1-324693,256.252859658,22.2849329737
1-324698,256.346976328,22.3081037871
1-324715,255.511524831,22.9354681081
1-324730,255.494175135,24.2364238364
1-324738,255.981508061,24.7800549805
1-324740,255.876326057,24.0585818853
1-324762,256.584486758,24.7704412327
1-324789,256.651407261,24.5454163023
1-324790,256.648258579,24.782253712
1-324877,256.856249806,21.922233668
1-324879,256.918411065,21.8810774637
1-324881,256.941288898,21.5292451377
1-324891,256.592627457,21.4061779524
1-324942,257.010739851,22.5158274783
1-325038,252.498681879,27.0747709511
1-325063,252.389698527,26.8478103837
1-325088,251.637118578,27.3182731137
1-325181,250.661034288,27.443701729
1-325250,252.69957,28.84561
1-325389,253.358911155,26.0884016474
1-325399,253.946363761,26.572936092
1-325432,253.354203285,26.9964230235
1-325456,252.194328145,27.0105353601
1-325492,251.405216722,26.9810291102
1-325495,251.709490845,26.9863759045
1-325522,251.674451997,27.2751453361
1-325544,253.147552675,28.4547760379
1-325577,252.251838604,27.6297553972
1-325590,252.533684452,27.219604084
1-325636,254.368172262,27.2050825639
1-325658,254.450686503,27.4168481018
1-325660,254.843442902,24.9462077361
1-325663,254.68642186,25.1505628873
1-325672,255.172746967,25.5577844042
1-325684,254.625233222,25.3902816445
1-325727,254.00497029,25.8260098464
1-32576,15.6768791908,-0.749630516526
1-325760,252.800195525,25.6508932696
1-325800,253.46293286,26.9728613295
1-325830,254.13394,27.49249
1-325834,253.959602986,27.4415780118
1-32585,14.6978897612,-1.09714474494
1-325866,254.215101703,27.4869708642
1-325869,254.371362037,27.350632772
1-325871,254.312404248,26.8363385669
1-325886,254.561593963,27.2262932003
1-325913,256.007737099,24.1719916009
1-325918,256.196768812,24.5839926939
1-325958,255.441207934,24.9242775751
1-325967,254.814738872,24.8591926016
1-325973,254.911251443,24.9964807539
1-325994,253.683053684,24.8185626883
1-325995,253.812224001,24.6554427421
1-326001,253.912684918,24.3120830664
1-32603,14.4530881405,-1.0040735216
1-326031,253.866104982,25.229841235
1-326041,254.622304883,26.1093327516
1-326068,255.513304723,25.4164393026
1-326095,256.133083449,25.215274464
1-326102,256.365815189,25.2044438818
1-326103,256.410457145,25.2083550431
1-32623,14.1976012887,-0.920063795168
1-32633,14.69491824,-0.751828226271
1-32643,14.4726643554,-0.346239287353
1-32661,14.4049622181,-0.708586332597
1-32691,14.2924168787,-0.346955561819
1-32696,14.3207324623,-0.66948267145
1-32697,13.9566429456,-1.08168039977
1-32701,14.0444657078,-1.11692105137
1-32708,13.9772539065,-0.92066100348
1-32715,14.1856007803,-0.874824940026
1-32786,14.2109066167,0.346470263076
1-32796,14.3742746241,0.102948089501
1-32827,14.5602815777,-0.296828655941
1-32848,14.8128437221,-0.225145887238
1-32849,14.9255459068,0.916659395652
1-32881,15.2865418987,0.0392524296119
1-33003,16.121720627,-0.440754754603
1-33036,16.1612803913,-0.891009596238
1-33039,15.8313257091,-0.589654999363
1-33049,16.0303946052,-0.970035648105
1-33082,15.2089710035,-0.731360324952
1-33215,16.8476427822,0.892677093202
1-33220,16.8813658876,0.88976155366
1-33227,16.7146221103,0.180953528451
1-3327,160.255051842,0.632621978343
1-333018,225.506734847,9.14898109306
1-33302,18.1487404416,-0.414635851999
1-333272,225.22953,9.61331
1-333290,225.465388393,9.72593894718
1-33337,17.8158818881,-0.455980662535
1-333381,225.236180286,11.5174164077
1-333410,224.592583462,11.2675901677
1-333429,224.52598185,10.9545458914
1-333431,224.492031693,11.0076159672
1-333696,226.829815628,8.58535919523
1-333721,226.682027428,8.60419482166
1-333735,226.594939248,9.05000336802
1-333770,226.306779109,8.79660873561
1-333771,226.405423686,8.63504043421
1-333784,225.985833529,9.44639998524
1-333824,225.165385187,9.21943717258
1-333832,225.539146533,10.8444197511
1-33389,17.4877054714,-0.703530522796
1-333928,226.093486242,10.043064926
1-333958,226.650607393,9.64948798955
1-333998,226.822290854,10.6042645076
1-334206,226.692889161,10.7761726373
1-3343,160.966486064,1.06166869482
1-334462,229.036747072,8.75888209008
1-334478,228.649689858,8.33393161556
1-334508,228.147352613,8.69624364932
1-33453,17.1588101051,0.275376488257
1-334549,227.537958275,8.39103356574
1-334736,228.987383034,9.11407438048
1-334776,231.234834085,10.1183552534
1-334781,231.169861037,9.96932458816
1-334827,230.818552761,10.5929827869
1-335046,230.770942131,11.244927153
1-33505,17.7392580897,0.634229570828
1-335059,231.126031934,11.0976855053
1-33508,17.6698860079,0.274463289145
1-33510,17.8979749548,0.462503524613
1-335102,232.063752451,8.59604793345
1-335141,231.05241394,8.54480266571
1-335172,230.833858516,8.61803210156
1-335174,230.929263836,8.45804964778
1-33518,18.2268475772,0.186871916328
1-33522,18.1404261577,0.293349919469
1-335239,230.305163029,8.19553840239
1-335253,230.375950138,8.01221336
1-335268,229.973072586,8.09927165457
1-335271,229.764139726,8.13876621113
1-335307,230.473598228,9.19328254495
1-335328,230.896871828,9.34617063381
1-335331,230.524748438,9.11193848743
1-335376,230.749368142,8.7553894381
1-335380,230.943881691,8.64809118719
1-335427,231.452117434,8.9798332344
1-335441,231.947616872,9.62493411211
1-335446,231.574570438,9.71095037677
1-335448,231.592485223,9.3964322678
1-335450,231.787579241,9.07595495103
1-335454,231.59352428,8.98735265832
1-335507,233.015949638,9.44962232408
1-335511,233.065470154,9.46554414698
1-335523,232.644086848,10.1811410348
1-335527,232.146212285,10.1810146777
1-335584,231.562265557,9.88544435622
1-335786,233.861957434,8.38813448746
1-335797,233.67885,8.33404
1-335803,233.640246632,8.35082245144
1-335823,233.40266786,7.91227283422
1-335905,232.228951575,7.74531876963
1-335949,231.78290641,8.65296363795
1-336001,232.699271812,8.49092802414
1-336005,233.135258682,8.76489269292
1-336034,233.147055907,9.56264243696
1-336081,233.955878179,8.9274756419
1-336083,234.08801326,8.68671896956
1-336095,234.082183838,9.34421253204
1-33617,20.2435851877,-1.15854774449
1-336267,233.943200147,7.94184379842
1-336336,235.731298699,9.22837476232
1-336406,236.543122767,8.44593054631
1-336432,236.783417933,8.78827011873
1-336436,236.63380073,8.52689796657
1-336458,236.268170922,8.55966065553
1-336461,236.536693556,8.79287950957
1-336486,236.440886833,9.07973362421
1-33669,19.7234378385,-1.00201110281
1-336690,236.141095932,10.2931523872
1-336777,237.47697,8.86122
1-336849,236.9352772,9.01794775184
1-336867,237.109618014,9.16453823191
1-336885,237.277565137,9.02274846272
1-336890,237.985450999,9.68821391225
1-336906,237.901334198,9.18699237283
1-336908,237.89777974,9.14561493499
1-336913,238.045491145,9.30327028282
1-336953,238.584855865,9.49159111449
1-337116,238.59346475,8.57089070573
1-33721,19.093872345,-0.209275372474
1-337227,239.477364306,9.40991954371
1-337228,239.502106213,9.56042757716
1-337230,239.490993423,9.37288126846
1-337237,239.725452002,9.52213749448
1-33732,19.1688596454,-1.19455052395
1-33745,18.785736437,-0.0483821169979
1-33758,18.6928863257,-0.00109952541905
1-33775,18.5658025035,0.765361055536
1-33777,18.6028622791,0.408070192362
1-337898,112.662660995,38.4475863751
1-338034,111.090757231,39.0190253819
1-33805,18.739971721,0.430799451
1-338060,112.070735161,40.0841061378
1-338090,111.874793014,38.699636354
1-33810,18.676128644,0.132750118268
1-338117,112.559910339,39.533459057
1-338152,112.97970722,39.1401320851
1-338220,113.057012986,39.5600737596
1-338237,112.910993925,39.4005367184
1-338250,113.248257619,40.0073013252
1-338283,112.670687362,40.1917896363
1-338305,112.360263537,40.1691903443
1-33835,18.7595932892,0.262932188358
1-338359,112.416704157,41.072316326
1-338389,112.557747581,40.8856710657
1-33848,18.8561899499,0.0716447908153
1-338523,114.782177856,41.3942838934
1-338555,114.374149013,41.7372315854
1-338559,113.981992378,42.2033620575
1-338566,113.898295912,41.9635889345
1-338593,113.417289754,41.6852778566
1-338600,113.365500667,41.8858374185
1-338629,113.266875521,42.4724616081
1-338633,113.255207148,42.4251221385
1-338677,114.186282401,42.4437088861
1-338697,115.017774246,43.0009101908
1-338709,115.166941043,42.4539538291
1-338721,115.302029847,42.7493823944
1-338737,116.475347803,43.5193898701
1-338746,116.854914291,43.9186203408
1-33876,19.0175598066,0.0183227604392
1-338770,116.335737456,43.9017733117
1-338771,116.732642218,44.2656992972
1-338796,116.169257474,44.1444094839
1-338822,115.632320465,43.935522553
1-338828,115.641612983,44.2158591843
1-338829,115.633440402,44.2338189442
1-338851,115.252781946,43.3261267024
1-338911,115.238060984,45.2922028227
1-338922,114.775746822,44.4027654465
1-338934,114.961862612,44.8043449928
1-338937,114.941878306,44.7590509996
1-338963,115.316252031,44.9160264027
1-339010,115.964007538,44.7243293414
1-339028,116.097926044,44.5277414829
1-339041,116.657135061,44.7905163357
1-339042,116.913117872,44.4627901849
1-339057,117.471453804,44.8731552648
1-339061,117.144342496,44.6882851596
1-339092,117.418414871,44.8960154584
1-339094,117.472421015,45.2484834965
1-339111,117.964463339,46.0694301321
1-339116,117.241187951,44.9860564855
1-339120,117.364038937,45.5329185307
1-339125,117.739943026,45.9895292443
1-339132,117.950149278,46.0519833875
1-339138,117.318152949,46.2050395381
1-339163,116.280206992,46.0724212288
1-339192,116.74926876,46.9714843326
1-339218,116.577192812,46.8175802205
1-339233,116.763969988,46.5344816505
1-339258,117.291419677,46.4618830471
1-339291,118.797118458,46.3003520467
1-339295,118.432971579,47.2480042699
1-339300,118.655540478,46.9882207166
1-34036,21.3713986628,-0.0573048393133
1-34048,21.1587819927,-0.0628731541068
1-34050,20.8460274593,-0.57769427642
1-34106,20.5990668958,-0.875200565572
1-34149,20.8549364792,0.755284336195
1-34179,20.77562973,0.34781177573
1-34944,29.1377802755,-0.174999472916
1-34951,28.3758121243,-1.09566448951
1-34985,28.1012094578,-1.14176257489
1-350,149.160893852,-0.358021784
1-351470,120.836149035,48.5884299309
1-351474,119.623484735,47.6531184648
1-351478,120.590486791,48.5328708666
1-351506,119.284483439,47.7656374167
1-351511,119.315453104,47.8030370862
1-351538,119.145123564,47.5638513288
1-351563,117.863904515,48.5950068961
1-351566,118.10650806,47.7779786348
1-351572,117.541010049,48.4788833697
1-351575,117.405273503,48.5156647136
1-351596,118.574831205,49.7995147266
1-351614,119.25776011,49.5673728539
1-351622,119.520944232,49.4179395209
1-351628,119.334252905,49.1140687125
1-351692,121.429548612,48.9337751432
1-351694,121.418795882,49.1312772845
1-351702,122.261749357,50.1786740151
1-351716,122.077051466,49.6334822775
1-351719,122.240261573,50.0162986148
1-351743,122.354796604,50.2638981557
1-351746,122.510288807,50.7208375325
1-351751,121.611557533,50.1196932665
1-351790,121.14792839,50.7085561945
1-351792,121.17245095,50.7185278544
1-351815,119.997739983,50.0969369513
1-351818,120.607075466,50.2364597465
1-351869,121.0907101,51.8455595933
1-351890,121.230107529,52.070824218
1-351911,122.030347886,51.751244244
1-351913,121.839452201,51.9156860618
1-351919,121.834404691,51.1316070317
1-351923,121.87594397,51.2938363047
1-351971,122.560230731,51.8725480581
1-352017,125.157167091,52.5183615196
1-352023,124.327366784,52.029915216
1-352045,123.971469333,51.7625693845
1-352063,124.546178511,52.4524343005
1-352066,123.801,51.95655
1-352081,123.587847762,52.77350665
1-352102,122.854276586,52.5303806741
1-352103,123.039644476,52.4552293371
1-352114,123.150217943,52.734220452
1-352120,123.634296628,51.8848676438
1-352130,122.679954573,52.5219820689
1-352156,122.353247822,52.4793907969
1-352245,123.259945817,53.519393599
1-352293,123.442645039,52.8654606206
1-352356,126.91066989,53.5957422332
1-352403,126.358455793,53.9689342469
1-352409,126.179179705,54.2242363566
1-35251,28.525878553,0.950600800103
1-352513,123.255280115,54.5211784944
1-352538,125.253570622,55.2002119839
1-352560,124.516048563,54.61908305
1-352569,125.388260894,55.1519680813
1-352603,124.924098232,54.6272766082
1-352623,126.195275835,54.7860594888
1-352635,126.132757726,54.853889824
1-35264,30.5332490741,-1.15652187823
1-35266,30.6161873187,-1.22548510513
1-352662,126.349894378,54.8392990909
1-35268,30.4308202323,-1.06981712944
1-35270,30.4803180924,-1.16909679713
1-35271,30.4850442246,-1.10285684907
1-352713,129.983836848,55.5672802607
1-35275,30.2768729712,-0.651504376954
1-352755,129.243798635,55.6457617252
1-352786,128.549746246,55.8171742908
1-352796,128.09414579,55.8608823491
1-352827,126.878849834,54.9046938881
1-352833,127.477877571,55.6930372763
1-35296,30.0203421019,-0.279134518815
1-35299,29.9318455457,-0.825351374173
1-35300,30.0194442476,-1.00769386493
1-35323,29.5778573412,-1.04922193973
1-35334,29.6459781133,-0.485523793948
1-35362,29.4426732483,-1.20832874759
1-35371,28.8996319793,-0.391213625477
1-35391,28.671011,-0.143342
1-35518,29.2546068216,0.813550191995
1-35522,29.3188182817,0.383121056293
1-35523,29.3485018386,0.417788464893
1-35528,29.7216431006,0.825094606474
1-35530,29.7179069769,0.568325528295
1-35580,30.2897503939,0.791611987903
1-35586,32.3864687333,-0.999897937983
1-35650,31.5666031749,-0.291437101791
1-35652,31.7199861627,-0.518099725088
1-35655,31.5433157727,-0.129845684243
1-35671,31.3433042469,-0.745346414673
1-35677,31.2701037754,-0.711722748107
1-35691,31.0885311369,-0.866834770917
1-35709,30.8924534523,-1.01684433457
1-35710,30.7371400125,-1.05858336857
1-35716,30.6366333235,-0.208310453039
1-35723,30.5518802996,-1.00811706769
1-35728,30.5724270611,-1.03962714801
1-35729,30.5644716818,-0.985249306738
1-35747,30.4747312789,0.7212186758
1-35797,31.1966304262,0.835116388121
1-35806,30.7627325212,0.567869684492
1-35810,31.416463696,0.661798966197
1-35814,31.52236517,0.847885029
1-35816,31.487621624,0.773356454291
1-35826,31.0332519527,0.28574596666
1-35830,30.9143511568,0.215932852432
1-35832,31.1272247381,0.431166819704
1-35840,31.4432289025,0.626055926871
1-35847,31.3259309359,0.0555810301377
1-35849,31.7497254165,1.01345479563
1-35858,31.6215605875,0.70644426433
1-35869,31.585421768,0.617156361673
1-35870,31.9585996105,0.873067964001
1-35876,32.0648460388,1.19544160366
1-35897,32.4874800229,0.876408538366
1-35900,32.2008321181,0.800503265658
1-35905,32.1746766215,0.40739880378
1-35912,32.1500267146,0.458344136935
1-35923,34.7499415182,-0.601735510346
1-35926,34.9213774441,-0.255640663023
1-35935,34.5070413038,-0.415554759167
1-35937,34.3991810957,-0.493589654998
1-35952,33.6223942904,-0.767955133457
1-35953,33.2231013087,-0.908470876896
1-35957,33.5076729586,-0.977438774843
1-35973,33.5246434178,-0.276961112728
1-36004,32.8251959509,-0.980760023024
1-36045,32.3829664085,-0.0272166095628
1-36098,33.4762490468,0.448261788956
1-36258,35.1522021244,-0.380157724524
1-36266,35.1105896278,-0.312863777025
1-36267,34.8287929835,-0.820877062224
1-36276,34.7823838662,0.61302089918
1-36278,34.478591916,0.251777142477
1-36285,35.2350380375,1.03388151891
1-36295,35.6239396771,0.38268116579
1-36298,35.9008347512,0.225713974118
1-36317,36.8819506631,0.877403370271
1-363493,226.476198337,7.43062235465
1-363508,226.04908326,7.45643717871
1-36351,38.6727130528,-1.23851441397
1-36357,38.6572933192,-0.979825698385
1-36359,39.0706478306,-0.812335399571
1-36361,38.7286039918,-0.796015007051
1-36363,39.0800182416,-0.688825318127
1-363685,225.228974573,8.58226618656
1-36373,38.6508700017,-0.414395059837
1-363769,225.951071086,8.42978530332
1-36381,38.9363186162,-0.188187021784
1-36382,38.5440261305,-0.00178404760198
1-363831,228.098455792,7.3078600547
1-363834,228.263349254,7.32573430089
1-36386,37.779258815,-1.10518325836
1-36392,37.9355048883,-0.945542508084
1-364053,226.5799,8.1118
1-364088,226.785618582,7.80271158305
1-364106,226.939001462,8.16845684014
1-36416,38.1001719357,-0.55207323206
1-364167,227.576719279,7.70544655965
1-36417,38.208945111,-0.3532912511
1-364175,227.757471655,7.68934662901
1-364189,227.988209062,7.77268906251
1-36420,38.2325320155,-0.131245004936
1-364204,228.117247519,7.97388624279
1-36423,37.9683313637,-0.279840490138
1-364321,228.547149912,7.19755948411
1-364324,228.394457331,7.11353594268
1-364389,227.338871574,7.10870274049
1-36447,37.5496070403,-0.59794219134
1-36448,37.4964499583,-0.598960098086
1-364507,227.739921071,7.60508486908
1-364513,228.400825885,8.08577741305
1-36452,37.5451998512,-0.648239013459
1-364526,227.973696662,7.6900404022
1-364539,228.114913797,7.51264144022
1-364559,228.259925187,7.29296981376
1-36456,37.4771197832,-0.167381683377
1-36457,37.0435879343,-1.05715345139
1-36471,37.1524983344,-0.246625627
1-36476,36.9688026381,-1.15280687364
1-364842,228.423954249,7.35506601632
1-364846,228.707828747,7.59026658211
1-364863,228.71780801,7.48305907033
1-364875,229.771347409,7.81622375351
1-364880,229.932803056,7.75435882629
1-364935,230.015751166,7.47939525326
1-365004,230.490159756,7.51289857468
1-365011,230.449123167,7.52285682934
1-365037,230.633760954,7.5999505594
1-36522,37.3913006342,0.37325279653
1-36548,37.7521626483,0.48231527431
1-36559,37.8902337877,0.756324689931
1-36560,37.997653039,0.748069852645
1-36562,37.9307094692,0.293505774944
1-36564,38.0811947747,0.671967980186
1-36565,38.1587047424,0.594245404121
1-36566,38.0490620926,0.224021539896
1-36571,38.1251900222,0.233624615865
1-36573,38.0767219695,0.992784371135
1-36585,38.197622053,0.678101681319
1-36587,38.2536656642,0.674131504103
1-36593,38.2958339707,0.0673889679678
1-36621,38.4845499197,0.923746410228
1-36644,41.0966482687,-0.178547761451
1-36645,40.4863736549,-1.03059236972
1-36663,40.30402,-0.87703
1-36698,39.2954315425,0.0121931197899
1-36703,39.6372182443,-0.867466146077
1-36705,39.5360106162,-0.642306270718
1-36732,38.9789004365,-0.796379450833
1-36779,39.4613924343,0.574641410115
1-368219,218.969868477,5.3127324829
1-368221,218.989880184,5.30844829156
1-368248,219.213702685,5.96122976659
1-36827,40.5600858575,0.8778073766
1-36832,40.8804658761,0.306821500727
1-36833,40.5568647331,0.3829490791
1-36843,41.0062256193,0.176297219814
1-368442,219.635747632,6.36916638491
1-36847,41.1529202911,0.142105128887
1-36849,40.9690483092,0.152646263184
1-36854,42.8053973029,-0.845003037865
1-368603,220.741481058,5.13670177068
1-368606,220.606365023,5.37095581699
1-368625,220.041248522,5.37001301866
1-36867,43.2272689385,-0.401081558901
1-36870,42.407980379,-0.813857447855
1-36874,42.5477668583,-0.999097974793
1-36877,42.3180767201,-0.774108962905
1-36878,42.5421244387,-0.867115967443
1-36880,42.3874325272,-0.784442553068
1-368816,224.641891856,5.50957024175
1-368846,223.542486127,4.93603817116
1-368851,223.654488174,5.13195106118
1-368873,223.320762882,4.79338332873
1-36890,42.5327611629,-0.266960497214
1-36892,42.2280037733,-0.966787630477
1-368926,222.967464224,5.24566211555
1-36893,42.1432875395,-0.993155170836
1-368956,222.977407327,5.32618251026
1-36897,42.27915,-0.90221
1-36899,42.416649866,-0.636905831744
1-36903,42.4195791227,-0.565929028661
1-36905,42.3974310935,-0.723676197278
1-36919,42.0327818599,-0.752315928466
1-36923,42.142438677,-0.549874110229
1-36925,41.8404859495,-0.462490551761
1-36927,41.8685751616,-0.268195111374
1-369277,225.51741531,4.90221300339
1-369294,225.097249352,5.48140004064
1-369352,224.643755171,5.79076611244
1-369413,225.400129006,5.68283576467
1-36942,41.7626451163,-0.647954033272
1-36945,41.6431103101,-0.843537381902
1-36968,41.3073884525,-0.746138088523
1-36970,41.4483281377,-0.240915330231
1-36975,41.5210512647,-0.650956442347
1-36977,41.4931915999,-0.449181093753
1-36980,41.5347232946,-0.555453168581
1-37018,41.2805684533,0.950165001317
1-37034,41.3789555443,0.920638397764
1-37036,41.6999087151,0.421577106474
1-37039,41.6857515758,0.369536241384
1-37062,41.8463658412,0.05875669652
1-37068,42.1984450083,-0.10918489701
1-37069,41.9370732132,0.414182221714
1-37079,42.0923363863,0.98646544284
1-37084,42.7394299674,0.369408313151
1-37122,43.1343283074,-0.0478187621697
1-37126,44.7356492529,-0.766114112307
1-37143,44.6807240951,-0.939738959551
1-37155,44.3494696109,-0.309408675599
1-37167,44.1695892484,-0.24566331798
1-37169,43.7774919338,-0.162517300576
1-37192,43.4067634262,-0.0291476358458
1-37196,43.1562184278,-1.16906729877
1-37198,43.2411433893,-0.8158096022
1-37201,43.1349724384,-0.609253315285
1-37202,43.11891,-0.32886
1-37208,42.9775629197,-0.980116719149
1-37211,42.5702667337,0.0919901487903
1-37213,42.4165410114,-0.0698507357271
1-37239,43.0817798664,0.556175383739
1-37245,43.5606510294,1.02912275692
1-37265,43.6582905094,0.939435236268
1-373011,222.034919523,31.7103507107
1-373057,222.190590833,31.6870424105
1-373100,223.612367837,30.9085092876
1-373102,223.652055801,30.6180119147
1-373136,223.210424178,30.4270964098
1-373161,222.810069402,30.6922457183
1-373175,222.833618691,30.6638343718
1-373191,222.940610073,30.2943710037
1-373219,222.211849357,30.5643527667
1-373327,222.976271051,31.2801437799
1-37335,46.9437505345,-0.787567162954
1-373351,223.251556223,31.0403599876
1-373354,223.406567136,31.4392754936
1-37338,46.7491337173,-0.811526362774
1-373381,223.710919656,30.9579986515
1-373407,224.010716887,31.5315309772
1-37341,46.7261549247,-0.937073942169
1-373717,225.781237535,31.2039199896
1-373784,227.313878498,30.2610540964
1-373827,228.786348588,28.3849803726
1-373830,229.146552165,28.6345850676
1-37385,46.2941968423,-1.07547036487
1-37386,46.3046913147,-1.00633585453
1-373870,228.451852792,28.032958699
1-373878,228.414854807,28.2444605219
1-37388,46.3324427151,-0.97071283923
1-373953,226.990601449,28.8818610359
1-37396,46.4181558739,-0.401919920453
1-373995,227.445570452,30.1345263349
1-37400,46.5605185087,-0.344391889546
1-374007,227.041406706,29.2221919157
1-37407,46.1646010221,-0.841305655295
1-374081,228.073311064,29.6572101033
1-37409,46.1445834612,-0.0866696780836
1-374107,228.237054485,30.3045226966
1-37415,46.3470225234,-0.24210798119
1-37418,46.152372187,-0.0374198775376
1-37421,46.2130835844,-0.0513535322846
1-37427,46.0210568698,-0.0860267487325
1-374333,229.429446689,27.8953327529
1-374377,228.575262608,28.060528851
1-37440,45.954624176,-1.10374999046
1-374400,228.735926301,28.7597519597
1-374423,229.811607205,29.340022935
1-374514,230.903166956,28.643074785
1-374549,231.151619755,28.7750197697
1-374561,230.638587506,29.036486121
1-37477,45.1562658081,-1.12625045687
1-374773,229.847987632,28.3182107199
1-37478,44.8466810553,-1.16668563519
1-374844,230.369807442,29.2816083492
1-37491,44.6236707901,0.846091997114
1-37494,44.6254665156,0.794234693084
1-374963,231.477308726,28.463429325
1-374994,231.866124201,28.7005355413
1-375009,232.158403728,28.3332857268
1-375061,233.424323804,26.140055043
1-375129,232.433422253,27.1119839323
1-375134,232.551073651,27.1341167912
1-375213,232.096990969,28.2294709688
1-375364,233.186449362,28.0631382566
1-375434,236.095646743,25.3275271409
1-375445,235.85418184,25.8533088685
1-375452,235.998783186,24.9985041188
1-37546,45.6984025268,0.964835657488
1-37547,45.598159228,0.97929394383
1-375502,235.716219028,24.9739895093
1-375532,234.162311971,25.9068253237
1-375609,234.845689088,26.4143567961
1-375625,235.249035328,26.2269426457
1-375635,235.472433385,26.4939943413
1-375678,236.290112726,26.5061147874
1-375679,236.370765668,26.6030482534
1-37568,45.9704786146,0.41526227659
1-375695,236.901377571,26.0637670424
1-375718,238.986496313,24.3420300865
1-375801,237.371263985,24.8768930422
1-375863,237.159600159,25.4041704348
1-375869,237.067889241,25.5270108678
1-375964,237.869375694,25.8201362161
1-375992,238.676162329,25.5635828139
1-37601,46.2857428469,0.343443042976
1-376025,241.249852631,23.6583859311
1-37603,46.3265984682,0.215557236472
1-37606,46.2377690557,0.216811764231
1-376071,240.371078804,22.7959534041
1-376102,239.359695383,23.2725215678
1-376116,239.016333483,24.4480400915
1-376117,239.018610983,24.3993348981
1-376122,238.63953209,24.0216965204
1-376132,239.219513552,24.6618299192
1-376166,240.156241554,24.0467825305
1-376168,240.478234088,24.1509100723
1-376179,240.924419953,24.0951314449
1-376195,241.21066778,23.9749193876
1-376285,242.280313624,21.867727614
1-376312,241.403363039,22.18640036
1-376321,240.966931415,23.4488384571
1-376323,241.135151504,23.9444904755
1-37633,47.1429889739,0.55093690996
1-376330,240.935241812,23.4822369353
1-376334,240.807251981,23.0083106525
1-376341,241.267695866,23.9171279454
1-376342,241.247022778,23.8697937854
1-376344,241.323420108,23.7556819614
1-376346,241.152724187,23.6631835878
1-376347,241.150240754,23.6250625501
1-376348,241.18988478,23.6286240007
1-376355,241.308999963,23.1557558571
1-376388,241.877617269,23.2362710323
1-37640,47.1188191875,0.387563534541
1-376413,241.913639345,23.4168660273
1-376419,241.923112921,23.3406083811
1-376429,242.63282252,22.6896602798
1-376608,243.583216254,22.2661043866
1-376616,243.356593668,21.9094219957
1-37671,48.196618271,-1.02285447351
1-37679,48.5733342944,-0.609696334691
1-37695,47.8890844551,-0.742939934572
1-376993,312.909236778,-0.055866767
1-377125,112.22135952,41.3078118442
1-377167,111.675692335,41.2234616502
1-377176,111.51652869,40.5579521159
1-377221,110.888511167,41.4349068759
1-37727,47.7721826741,-0.546537826618
1-37730,47.7587038228,-0.182277836162
1-377321,110.556154654,42.1836428542
1-377378,111.138150035,41.9506135859
1-377439,112.169426691,41.4730240551
1-37744,47.528362637,-0.468033748749
1-377471,112.644838061,42.3290588306
1-377508,112.428340308,41.901214769
1-37751,47.2479059369,-0.793340169809
1-37754,47.3207531152,-0.906653484303
1-37755,47.262752488,-0.913977616056
1-377560,111.938062776,42.1806755052
1-377576,111.602864657,43.0485628876
1-377617,110.865858864,43.0516356107
1-377626,110.45060681,42.286307244
1-377679,111.823845471,43.7848781245
1-377686,112.079253021,43.3021184405
1-37769,47.3400297067,-0.407944397575
1-377702,112.514768348,43.3791832689
1-377718,112.320583957,43.9557534573
1-377720,112.721756162,43.5007438516
1-37775,46.9714552733,-0.922970134592
1-377780,113.302861961,44.1067181578
1-377781,113.355304783,44.1864789289
1-377787,113.593160465,43.8912796041
1-37784,46.7463179463,-0.56480466568
1-377841,113.747217977,43.4725190638
1-37787,46.6713709268,-0.55507454213
1-377875,113.510925665,43.5435941334
1-37791,46.6602571675,-0.509978304821
1-37796,46.7745390667,-1.13440267087
1-37797,46.6125296402,-0.846615867924
1-377978,112.69868022,46.0101157292
1-377986,112.855930903,45.3094822197
1-377990,112.654605418,45.21218635
1-378039,113.400181444,45.9433769279
1-378123,115.034945248,46.1723065612
1-37813,46.5212586534,-0.534049089871
1-378148,114.924507865,45.912609695
1-378164,114.455928451,46.3976622911
1-378168,114.309703748,46.9375039058
1-37818,46.4972859801,-0.166472479946
1-378182,114.673017412,45.9436549273
1-37822,46.3732544874,-0.381932333858
1-378237,113.326608857,46.3481928774
1-378271,114.4736549,47.9572200413
1-378276,114.060173404,47.3396805172
1-378327,115.304068393,47.6714784179
1-378360,115.387477093,47.8710058847
1-378373,116.28665,47.55237
1-378375,116.116060327,47.7311680931
1-378394,117.427327979,49.5230768522
1-378400,117.568593951,47.8894054153
1-378401,117.904332288,48.000528304
1-378403,117.451251659,48.1295623832
1-378412,116.887259522,49.2467553242
1-378428,116.522958437,48.8479689576
1-37846,47.189315197,0.674819334787
1-378479,115.821209527,48.6669712026
1-378486,116.591106778,48.2968325245
1-378500,115.672043115,48.8260523597
1-378526,115.93947,48.137067
1-378549,115.669066274,48.022175773
1-37862,47.0294515613,0.456208364797
1-378624,116.568491431,49.9322188471
1-37863,46.6649126989,0.0619768826479
1-378656,117.329417587,50.1118996627
1-378660,117.784693322,49.9067742947
1-378663,117.748051629,50.0561769908
1-378670,117.738360613,50.3137470654
1-378674,117.681508876,50.5041168844
1-378681,118.11969757,49.8387078559
1-378687,117.835257845,49.8511410695
1-378688,117.96620728,49.814311338
1-378690,117.996169011,49.8939775243
1-378699,117.780340602,50.4077082392
1-378704,117.918349588,50.1840655882
1-378708,117.847405296,50.1668598686
1-378715,118.328694856,50.1855392772
1-378723,118.037543744,50.3736205298
1-378728,118.1981131,50.251194928
1-378729,118.017292488,50.1308227719
1-378749,119.692171282,50.459723286
1-378753,119.988295378,50.427737229
1-37877,47.1101909591,0.555106741017
1-378770,119.120000702,50.2878655047
1-378771,119.245459616,50.6345350308
1-378795,118.925615484,50.1727724696
1-378826,118.625672064,51.1214478894
1-378844,118.890270835,50.4130958403
1-378863,118.41049,50.77351
1-378881,117.46844143,50.7712316083
1-378884,117.028986849,50.1134794775
1-378885,116.827969118,51.3824199817
1-378901,116.943082242,51.6460199117
1-378903,117.022953768,51.9445031406
1-378910,117.337806629,52.3511379162
1-378957,117.511088812,51.6598396027
1-378966,118.176819925,52.0256335895
1-379008,118.761277838,52.2274365406
1-379030,119.10579026,51.3445686487
1-37904,47.5812703826,0.0441144790254
1-379045,118.872451166,52.0104987113
1-37908,47.787486215,0.235180942215
1-379087,119.910115328,51.7923625696
1-379124,120.547357773,51.7348775206
1-379196,119.633813077,52.5979639759
1-379199,119.779693162,52.7471754361
1-379202,119.79886545,52.686961868
1-379209,119.623553117,52.4169826473
1-379214,119.601892134,52.768540321
1-379216,119.380754497,52.6828488931
1-37922,47.9851588295,-0.0325628998893
1-37923,47.956254832,-0.00308683646097
1-379241,119.344699712,52.7127160486
1-379243,119.237414816,52.6669249912
1-379255,118.266564822,52.7432009155
1-379261,118.805221904,52.8470892414
1-379277,118.145540555,52.8468553976
1-379291,118.726922828,53.8462770857
1-37931,47.9148954163,0.781728582267
1-379348,119.183463603,52.9890468961
1-37936,48.0654771418,0.24045156252
1-379375,119.898434811,53.1002139368
1-379380,119.627278961,53.3883331418
1-379387,120.151378691,53.4591010713
1-379410,120.23007,53.67056
1-379430,120.993895508,53.5382976754
1-379490,123.191589434,54.1397196685
1-379503,123.288183201,54.6374161301
1-379528,123.23127,54.34163
1-379536,122.82642,54.74791
1-379545,122.245088364,53.5098777398
1-379571,122.41118234,54.5521731771
1-379605,121.128148258,54.1117439146
1-37965,48.6427236336,0.532374876049
1-379653,120.221838851,55.5631071782
1-379660,119.973719867,55.374818222
1-379708,121.054830354,55.3976652588
1-37973,49.1085522243,0.321642725666
1-37974,49.0884055862,0.479476043231
1-379741,121.664731894,55.1470956778
1-379777,122.763174036,54.9290959544
1-37980,50.50408,-1.05393
1-379811,123.717488293,55.610248053
1-379814,124.017452682,55.3945436861
1-379829,124.666914025,55.437998958
1-379865,124.339174229,55.3405265396
1-379877,124.12820127,55.2976316461
1-379920,123.71533674,55.0938054648
1-379941,123.361510012,55.2263795045
1-37995,51.1150071408,-0.0863352016678
1-37996,50.1713758746,-1.17610455905
1-37998,50.1888813763,-1.05394484938
1-380,149.09069,-0.25119
1-38000,50.19091,-0.85163
1-380000,121.960564881,56.6934864581
1-380032,122.985123942,56.9790067546
1-380045,123.338037496,57.852238539
1-38007,50.7416763778,0.0541373977095
1-38008,50.9308766221,-0.11843058098
1-380097,124.064089969,57.5305417333
1-38011,49.9737624968,-1.14589957017
1-38012,50.1451598284,-1.09589613201
1-38014,49.8214420421,-0.969631342939
1-38017,50.138413881,-0.339959846103
1-38029,49.5841798618,-0.824657888672
1-380299,124.067191853,57.1671902076
1-38030,50.052447177,-0.540676700217
1-380300,124.062110011,57.7093321492
1-38033,49.940137223,-0.077189233391
1-380333,123.686548781,58.2798468272
1-380334,123.321746651,58.3616274559
1-380384,124.182169128,58.4360546793
1-38041,49.4574544521,-0.554658522356
1-38042,49.5116507923,-0.538961269538
1-38062,49.2288666096,-0.0420070079219
1-38067,49.3334565213,-0.0765511066701
1-38075,49.2492801128,-0.901200687731
1-38101,48.4384159113,-0.241460052673
1-38103,48.3131835428,-0.0939093232241
1-38136,49.4836331115,1.04534962996
1-38138,49.4063653965,0.815197441981
1-38155,49.7821722131,0.955959017951
1-38157,49.7676691625,0.937496943591
1-38160,49.8456932706,0.823469663765
1-38166,49.9468538118,0.623822203484
1-38167,49.9459168383,0.584580029822
1-38168,49.9293385832,0.565477825589
1-38173,49.9732256506,0.391442192294
1-38189,50.1997928211,0.185604406926
1-38210,50.7135225204,0.139672286532
1-38214,50.8270977687,0.939891848291
1-38217,50.7719951681,0.354298684137
1-382273,118.634242089,16.8097293987
1-382284,118.184498039,16.7095016652
1-382306,118.213683676,17.5600189237
1-382312,117.587908107,17.169833722
1-382318,118.034707037,17.9303045778
1-382322,117.59546,17.64534
1-382326,117.300550626,17.5661640893
1-382349,117.066194229,17.6021625282
1-382352,117.186922861,17.966051805
1-382355,117.23952599,17.5771207096
1-382452,118.16230011,18.3216056824
1-382459,118.169874556,18.3745632551
1-382465,118.859666758,18.9755450907
1-382473,118.637432363,18.3280658072
1-382505,119.076876372,18.5059504563
1-382557,118.98443,16.65766
1-382566,118.002740625,15.7585152922
1-382588,117.894285161,16.621269888
1-382648,117.216794454,17.3562665374
1-382678,118.476258864,16.9533603239
1-382689,118.62259747,17.7010718242
1-382696,119.036102953,17.3806654122
1-382697,119.207582307,17.3803033794
1-382711,119.106581421,17.9740538756
1-382712,119.174377409,17.9911684239
1-38272,51.8784000559,-1.12778304465
1-382729,121.241758658,19.3137174702
1-382736,120.679260621,18.6319336183
1-382748,120.796457799,19.2597352811
1-382793,120.042240125,19.2343332001
1-382806,119.593860237,19.5069432093
1-382809,119.535738941,19.5501458348
1-382816,119.913707941,18.5185099008
1-382817,119.944238587,18.4017932251
1-382818,119.930431029,18.4677328788
1-382839,118.961999759,19.3072160399
1-382848,119.328811397,18.7906755411
1-382860,118.904235852,19.1550346256
1-382889,120.620213395,20.5139809177
1-38293,51.680009176,-0.769460466479
1-38298,51.7206811545,-0.703171876609
1-382980,121.137535132,19.8512585074
1-38299,51.6942487239,-0.648169731434
1-383,149.112571269,0.129737435983
1-383017,121.720459522,19.8592023018
1-383025,121.785617617,19.885254765
1-383040,122.328820666,18.4044035397
1-383050,121.757862988,17.377321327
1-383052,121.603963221,17.4176863151
1-38310,51.580665882,-0.631324276331
1-383107,120.565821815,18.4022945386
1-383135,119.991192222,17.8478429307
1-383151,120.509273694,17.0407292337
1-383171,119.87865241,17.4914220335
1-383177,119.63633689,17.9100412893
1-38319,51.6094639027,-0.311705946281
1-383208,120.994846241,19.3642418355
1-383214,120.404052856,18.8851684429
1-38323,51.3858158,-0.539661540187
1-383264,122.127680014,19.208471696
1-383292,123.059222223,20.3150150543
1-383319,122.560990601,20.2072662101
1-38334,51.5812647501,-0.91264876048
1-383380,121.548946105,20.9969308873
1-383414,122.265635067,21.3683940821
1-383459,123.421142727,22.0702997506
1-383464,123.558705698,21.4357354591
1-38347,51.2564602579,-0.192948313921
1-38348,51.1555183364,-0.444017557679
1-383484,124.158898166,21.5280636906
1-38352,51.2847361951,-0.544948058759
1-38353,51.3177727742,-0.40903918768
1-38354,51.3271752151,-0.156467794213
1-383562,123.515745273,20.1232127819
1-383589,122.519651295,19.7455904192
1-383608,122.352258486,19.6281973296
1-383612,122.296013929,19.6606583249
1-383623,122.326050099,19.4995695017
1-383648,122.135669705,20.5373774612
1-383662,122.848668738,20.972533923
1-383667,122.465158942,20.429373175
1-38368,51.4099410274,-1.03012091708
1-383698,123.761600306,21.2715995166
1-38374,50.8885990777,-0.438535643413
1-383751,124.622262779,20.3627373162
1-383753,124.44620517,20.2795620387
1-38377,50.9707741265,-0.554082387071
1-383782,126.652963166,22.4223109579
1-38379,50.9703533741,-0.442532515958
1-38380,50.5013985806,-0.807105203712
1-383806,125.13392009,21.7204930601
1-38381,51.0271154412,-1.05785891293
1-383812,125.315775564,21.4478238204
1-38392,50.6830270556,-0.179573106464
1-38398,50.3913688543,-0.178367722703
1-383997,124.706752189,22.9545343893
1-384038,125.395022114,23.2066662157
1-384065,125.944507218,23.5893148394
1-384095,126.590032639,20.2705145924
1-384097,126.617107942,20.7219144456
1-384100,126.704132246,20.3648515666
1-384105,126.668813649,20.9672721285
1-384110,127.011666873,20.9967455625
1-384124,126.216410759,20.9912164628
1-384125,126.547301019,21.0174633222
1-384128,126.610961843,20.7981348068
1-384147,126.104028767,20.9400405843
1-384149,125.926883384,21.0614783374
1-384167,125.631121621,20.967889239
1-384171,125.649655693,20.9961655479
1-384185,125.279240729,21.171313725
1-384186,125.164442142,21.0792995889
1-384189,125.14376637,21.1054663161
1-384191,125.084933497,21.1064124578
1-384194,125.148697904,21.0677945565
1-384222,125.062375384,21.0600550691
1-384246,124.931257265,21.0367689713
1-384250,124.908695519,21.2853610145
1-384253,125.138527276,20.1119126937
1-384256,124.803188399,20.5107190873
1-384262,124.804460255,20.757476218
1-384265,124.977875484,20.8620843186
1-38428,50.9401586064,0.00743315679052
1-384306,125.110457064,22.3843627261
1-384344,125.329208789,21.4468400523
1-384363,125.649814536,21.4649730541
1-384388,126.44906464,21.8794112791
1-384394,126.723250502,22.4832015346
1-384396,126.621540795,22.2611670641
1-384400,126.755857347,21.7067520534
1-384413,127.06798281,22.0348242402
1-384424,128.65567535,23.5732889913
1-384429,128.693824927,23.7174532486
1-384486,127.31796476,23.8090207885
1-384507,127.363994711,23.5070618068
1-384547,126.729182973,23.2324947972
1-384548,126.535608471,23.7399228582
1-384554,126.398536014,23.9591923311
1-38461,51.4128904445,0.2421157762
1-384621,127.105764037,24.6230579001
1-38463,51.3696284737,0.278530103005
1-384690,128.222091679,25.6059480444
1-38470,51.7089138095,0.1985888336
1-384726,128.651454586,24.4676171963
1-384789,128.848433221,22.5500466105
1-384808,128.04718576,22.5605602691
1-384809,128.195861645,22.576562509
1-384818,127.892526534,22.0336836082
1-384821,128.019903751,21.6286298321
1-384848,127.43483886,22.4243963664
1-384849,127.252980642,21.9633831158
1-38486,52.1382887892,1.00674251924
1-384872,127.360336432,22.7434073122
1-384929,128.875797269,23.6761851633
1-384930,129.012733645,23.9118395792
1-384936,128.71818464,23.667943158
1-384945,129.14741123,23.119557282
1-384952,129.117928251,22.8474440791
1-385051,129.693287057,24.8703965235
1-385052,129.634702602,24.8987741464
1-38506,52.6213671199,0.752067673583
1-385070,129.893515911,25.4770889113
1-385076,129.616600206,25.0560982705
1-385077,129.57909051,25.0423547869
1-385080,129.505673957,25.3275092905
1-385090,129.606947052,25.0708402532
1-385091,129.669173266,25.5871764355
1-385099,129.545574407,24.8952945876
1-38510,53.0233052819,0.479390407217
1-385101,129.335954022,25.1543943847
1-385108,129.49546279,25.0487808569
1-385109,129.466368742,25.3016054748
1-385123,129.394959024,24.6125677204
1-385124,129.40411696,24.9997958761
1-385129,129.030903791,25.1127272222
1-385131,129.173910694,25.5819833663
1-385135,128.941496454,24.4524639357
1-38514,52.8475844124,0.364930734106
1-385149,128.904449009,25.004161773
1-385153,128.951372142,25.5753144376
1-385158,129.265423395,26.6719829568
1-385167,128.628822358,25.7921543921
1-38521,53.8141135283,-1.22860924524
1-385219,129.44054954,26.0888647249
1-385222,129.170063007,26.0801325112
1-385225,129.3707291,26.0143770356
1-38523,53.7801045531,-0.877233001745
1-385272,129.660753282,25.8391787865
1-38528,53.7267334058,-0.788922235044
1-385339,130.344592968,26.0558038456
1-385342,130.52191634,26.0032951287
1-385361,131.244455934,25.7392809331
1-385365,131.292796969,25.9615954263
1-38541,54.095960737,-0.882664935104
1-385415,131.048615932,23.5346951562
1-385422,131.128171442,23.2956348195
1-38543,54.0324255045,-0.596438683637
1-385455,130.810279755,23.4442332967
1-385499,129.99929,23.4134
1-38550,53.1714636534,-1.18362587541
1-38553,53.4615542316,-1.00838220622
1-385544,130.717401412,25.6426974315
1-385547,130.36775761,25.2344528405
1-385623,131.725410562,25.3700887716
1-385637,132.039141894,24.8427702449
1-38567,53.4336705879,-0.527284584275
1-385715,132.270519861,25.8586703252
1-385732,132.179007967,26.0234830828
1-385771,131.923582577,25.8882151666
1-385781,131.937672358,25.9304210075
1-385828,131.347630209,27.8227390348
1-385834,131.253369695,27.789092888
1-385918,132.586475426,27.3392330288
1-385925,133.02194,27.6642
1-385928,133.233230216,27.5616910563
1-385935,132.787320153,27.3559029707
1-385950,133.406406758,27.4729174853
1-385972,133.58893998,27.1672261424
1-385978,133.82809257,27.3461660786
1-386077,133.460058068,24.6819031859
1-386078,133.54219135,24.7767405688
1-386107,132.890681611,24.9646268131
1-386108,132.830546684,24.9279431388
1-38612,52.7789268292,-0.915973761209
1-386120,132.89976,26.29543
1-386150,133.759843218,26.6753462682
1-386154,133.575121613,26.5061185067
1-38618,52.6225852766,-0.488769014202
1-386197,134.463246325,26.0245115034
1-386212,134.644736684,26.2117512393
1-386263,136.240067219,27.7276382424
1-386264,136.294847141,28.2853329447
1-386272,135.411717453,27.6674530335
1-386274,135.412695933,27.6091527296
1-386298,135.090246354,27.9802657334
1-386302,135.033071449,27.9090351187
1-386322,134.213950728,27.2701039678
1-386394,135.69408238,29.2882381731
1-386400,134.740763703,28.9016652021
1-386411,134.904005336,28.5289891669
1-386430,135.837150569,28.6960444002
1-386436,136.069936789,29.4498763362
1-386443,135.949541488,29.160240187
1-386452,136.228339277,28.3843145009
1-386453,136.138199276,28.3498623083
1-386459,136.112664144,29.3155691898
1-386601,136.308976486,28.2247347935
1-386605,136.249888208,28.3477202508
1-38663,52.0504984222,0.124749266576
1-386657,137.234890412,27.513816822
1-386670,137.119450139,27.9920191708
1-386685,137.449432744,27.8623064121
1-386695,137.983505636,27.8992697013
1-386727,139.171289037,29.3394923014
1-386733,137.878720293,28.8265918025
1-386735,138.264982826,28.6355067914
1-386744,138.309146565,29.6110115735
1-386759,138.190569044,29.3664411763
1-386762,138.254137827,29.5383903738
1-386800,137.268018186,28.2568343402
1-386814,137.163780277,29.5900892028
1-386822,137.11856882,28.9110351614
1-386826,136.698353794,29.2195206446
1-386836,136.912550203,28.6359557126
1-386844,136.501224724,29.3447075331
1-386847,136.657756482,29.0692480115
1-386851,137.123136732,30.4442362163
1-386870,136.566433745,30.0538638655
1-386876,136.039692667,29.8057089071
1-386889,136.695913625,30.1213070348
1-386892,136.596483619,29.9301007501
1-386903,137.89856361,30.0775358575
1-386913,137.944424369,30.676654608
1-386926,137.64086825,29.7035454431
1-386932,137.844489995,30.0964312885
1-386944,138.391769377,30.0397975213
1-386954,138.211910325,30.2122585532
1-386961,138.561561076,29.6955144778
1-386962,138.414477288,29.9929365146
1-386963,138.477803643,29.9289931087
1-386964,138.403490666,29.9329800231
1-386972,138.486790144,30.3002700586
1-386996,139.326370239,29.7279033661
1-387014,140.108891955,27.4981944096
1-387016,140.040319545,27.2888540219
1-387035,139.854368007,26.9089284706
1-387045,139.777330867,27.9146096009
1-387066,139.713340536,27.6123593932
1-387081,139.177873123,28.0542327591
1-387085,139.288247553,26.7536413899
1-387086,139.235964535,26.8437800717
1-387106,138.844792279,27.2866441561
1-38713,53.1703361086,0.245738937436
1-387136,138.38070617,28.9517565414
1-387140,138.321183559,29.1168384521
1-387154,138.764757557,29.2699499706
1-387155,138.796524431,29.2521950094
1-387161,139.078120222,28.8890738652
1-387356,139.598141087,30.5431759706
1-387437,139.668688334,31.4567266319
1-387439,139.583774457,31.5118204419
1-387445,139.747511605,31.8612870052
1-387482,140.294063683,31.3876540534
1-387483,140.277098139,31.2283981495
1-387502,139.772229243,31.1036944406
1-38764,54.5641588216,1.0018050093
1-38770,54.3895928174,0.144233407811
1-38775,56.3891521567,-1.04690320706
1-38777,56.2841865512,-0.947098601846
1-38787,56.4896580952,-0.0209215155287
1-38798,56.1105615147,-0.303872199799
1-38802,56.1316453178,0.00664665180817
1-38819,55.5922982029,-0.583196462725
1-38822,55.5520135321,-0.354380936843
1-38856,54.8917856748,-0.511959862583
1-38887,54.0890115185,0.186890961787
1-38894,54.7363779924,0.917886256261
1-389238,148.073695805,33.0637250834
1-389244,146.991437311,32.9915460826
1-389362,145.822507609,34.0644415292
1-389374,146.588049753,34.3871856246
1-389375,146.523056831,34.6242573202
1-389389,146.081824536,34.0488718479
1-389400,146.711501952,34.2465965868
1-389410,146.769373921,34.3448275696
1-389438,146.439158931,33.8702469092
1-389466,147.550308228,34.6986732483
1-389476,147.467172107,34.7140936363
1-389479,147.542314292,34.4148740915
1-389499,147.651068305,34.777147104
1-389503,147.638799664,34.0988189132
1-389509,147.539015745,33.5693471221
1-389513,147.722376009,34.520453146
1-389514,147.721235358,34.6548870998
1-389685,146.701429799,31.7195786864
1-389720,147.588965479,31.4879449226
1-389730,148.285932317,31.4383043117
1-389743,148.636737571,31.606730807
1-38985,7.84985987896,14.5164170439
1-390054,149.970905664,33.1030140593
1-390056,149.990347201,33.4151126327
1-390066,149.482851062,33.1803440445
1-390086,149.315613924,33.9762909945
1-390130,148.737388233,32.9816453824
1-390151,148.046129266,33.4509909246
1-390168,147.86444987,35.0195050247
1-390223,148.487784455,34.5006077897
1-390228,148.327663762,34.764757067
1-390232,148.484493822,34.31530381
1-39024,7.06952306688,13.8234627442
1-390277,149.902123871,34.3202186073
1-390282,149.803764382,34.664044317
1-390389,149.71387423,32.0730617665
1-390514,149.413381311,32.677899835
1-390521,149.78129637,32.5198822788
1-39056,7.21371530128,15.0789803734
1-39078,7.49138915018,15.1820172491
1-39085,7.79388867489,15.8867466417
1-39090,7.86423786766,16.0839121011
1-390999,150.562932234,34.3278287288
1-391014,150.643131656,34.9358500505
1-39107,8.14554049874,15.0359488011
1-39187,9.4819694534,14.2328164022
1-39196,9.9097185929,14.6642606577
1-39197,9.43942294103,14.7116236458
1-392007,154.978349602,36.325738992
1-392010,154.636163224,36.26215187
1-392067,155.580761111,36.5830378474
1-39233,9.12727290657,14.621836803
1-392636,157.273613205,35.9751519965
1-392649,156.7463932,35.9553119253
1-392670,156.432859602,36.0235885082
1-392691,156.169798969,36.0075263836
1-392720,156.025058618,35.8187952018
1-392862,155.356236597,36.3709931993
1-392952,156.403127756,37.2223052101
1-392956,156.797240573,36.867461631
1-392972,156.560397898,37.4594095056
1-392976,156.428889515,37.4975251064
1-392978,156.574256682,37.1155135485
1-392988,156.814215072,37.3782776207
1-39299,9.29620317415,15.2648744009
1-39333,10.3141733233,15.2651014118
1-39376,11.9991011508,13.7426779765
1-39383,12.4646660286,14.9203116712
1-39396,12.2909633944,14.6440902035
1-394046,187.413169968,32.9126339066
1-394326,158.131804307,36.3670696179
1-394355,157.693737315,36.9546213324
1-394362,157.921317309,36.0233604164
1-394382,157.650666274,35.9166082542
1-394390,157.255705574,36.6050770082
1-394404,157.183003141,37.0918034183
1-39446,10.8849385874,14.3425470163
1-39452,10.7030091799,14.4280150194
1-39480,10.5896570474,14.2543620366
1-39493,10.29252015,14.2306141831
1-39500,9.85282599522,14.4562243055
1-39524,10.2981965228,15.0527277751
1-395508,203.965062019,27.8668380639
1-395528,203.806663432,27.6300360894
1-395533,203.937687741,27.8676047844
1-395547,203.240459396,27.7178342077
1-395593,203.082019385,28.3172193597
1-395601,202.48076901,28.5195551457
1-395617,202.046007623,28.6555565883
1-395622,201.971931237,28.5081687796
1-395643,201.733433101,28.5609112714
1-395668,202.30104993,29.8264063855
1-395682,202.48275987,29.7946364027
1-395699,202.994815897,29.943808205
1-39570,11.2482141097,15.2540915432
1-395713,202.456457324,29.1142093379
1-395734,203.087229868,29.0762260349
1-395780,203.962672797,28.8957363191
1-395813,204.047401611,29.3938781434
1-395824,204.092487952,29.5631388032
1-39615,11.8764500553,15.6970814393
1-39627,11.9748635915,15.0249136254
1-39661,14.7795238103,14.5232818978
1-39672,14.0866252904,13.8621550992
1-39702,13.9136975346,14.7736253936
1-397146,188.693692412,39.5882687358
1-397155,189.161552061,40.2652600782
1-397168,188.985415865,39.8364322344
1-397212,187.060617498,40.2003748394
1-397224,186.759919597,40.1128369119
1-39724,13.4619173999,14.8874301373
1-397286,188.782887092,40.5641933863
1-397404,190.548299685,39.9764201671
1-39741,12.9871505068,14.5831144538
1-397451,191.316102173,41.0725211498
1-397456,191.218746859,40.9316744552
1-397462,191.096914025,40.6968420296
1-397474,191.580813449,40.5411489273
1-397475,191.456291599,40.8178920891
1-39759,12.4138838437,13.6852246476
1-397613,186.251194401,40.1573118205
1-397639,185.791254618,39.8890963316
1-397643,185.531241873,39.2758793494
1-397647,185.500848925,39.4666791827
1-397651,185.275308743,39.8929669303
1-39766,11.83082242,14.7034848688
1-397697,185.535527737,41.2133928108
1-397739,186.313706937,40.3966485794
1-397773,187.234759274,40.8461652669
1-397792,188.022392026,40.9885451236
1-39795,12.6173487875,15.6811355856
1-39799,12.265393279,15.4855446559
1-39802,12.2710205668,15.5515084134
1-39805,12.8551160493,16.0611809126
1-39811,12.7476253854,15.8898924837
1-39830,13.1641116808,15.5982129459
1-39880,14.0444674762,15.1213654177
1-39909,14.559562965,15.2002350028
1-399129,188.407299457,37.6894556941
1-399194,185.626857731,39.0684386859
1-39922,16.5740146637,14.0650053024
1-399258,187.621791155,38.8213898629
1-399271,188.52276,38.66727
1-399279,188.459809652,39.519731261
1-39946,16.079224537,14.5034175794
1-399541,204.001894701,34.817955493
1-399563,204.175181991,34.7462508444
1-399581,204.287715351,35.2478332705
1-399847,194.681274403,32.2194061839
1-39995,14.956280892,14.3279289342
1-40006,15.065804546,13.7636364999
1-40058,14.2902812981,14.6518035241
1-40071,14.0787057343,15.4255529709
1-400847,185.565144555,33.3316398539
1-400855,185.979843731,33.9287125232
1-400885,185.065672935,33.6609350501
1-401052,184.623215861,35.6222586949
1-401058,185.154599868,34.4419205859
1-401110,190.320043463,37.8241224038
1-401122,190.19038,38.07348
1-401192,189.461351502,38.8770118663
1-401202,189.488820599,38.3162845006
1-401215,190.037887241,38.8481382155
1-401220,190.311803106,38.6644693562
1-401259,191.21879009,39.5979639435
1-401437,184.973839909,39.4664171983
1-401440,184.936588467,39.2459560193
1-401502,201.177416428,29.0496119639
1-401566,200.249479878,28.9695033088
1-401640,199.201582482,28.3617861702
1-40167,15.954720414,14.9595104658
1-401670,198.50605732,29.4069742477
1-401708,199.739299604,29.6463482564
1-401725,200.09610911,30.4447207527
1-401748,200.168507904,29.6167401251
1-401757,200.294065817,30.3346395591
1-401759,200.305919224,30.4781117192
1-401783,200.532227281,30.1444065186
1-401864,185.944063745,36.152814775
1-401876,185.69233393,36.4103291664
1-401878,185.31885633,36.3344241806
1-401919,184.932610187,35.5070215867
1-401964,185.571367158,37.4780153973
1-401987,185.909770953,36.9547367692
1-40201,18.0177939412,13.645463014
1-402014,186.424005568,36.5471603792
1-402060,187.625616865,36.6642872063
1-402062,187.429411978,36.7626421687
1-40212,18.5932236575,14.0447765415
1-402409,205.386024339,38.7879976571
1-402422,203.85303,38.09515
1-402436,204.543877891,38.6656120342
1-402454,203.413771905,38.0283537332
1-402467,203.62467398,38.294119525
1-40247,18.2680592436,14.2616607175
1-40248,18.1959734437,14.3608668864
1-402487,203.275045804,37.9667392036
1-40252,17.5104933502,13.6474847653
1-402576,203.525726598,39.6883852634
1-402609,204.17813493,39.205094774
1-402649,205.251609293,39.0568983145
1-402656,205.231149643,38.8734098611
1-402683,196.718241776,33.6101832055
1-402702,196.215314902,33.3057752282
1-402704,196.420960137,33.1789169229
1-402715,196.081068852,33.3203325575
1-402833,195.116796758,34.3796721709
1-402850,195.389583184,34.1166991866
1-402872,195.475286109,34.7586538014
1-402898,196.439832774,34.6810757842
1-403585,198.11258917,28.3258409379
1-4036,165.440210329,1.24739032663
1-403609,197.694256341,28.6421684103
1-403613,197.44079102,28.6211547265
1-403615,197.487062751,28.5582294277
1-403617,197.347602609,28.2814499456
1-403619,197.359784508,28.4158321342
1-403620,197.534549813,28.2899064821
1-403623,197.467258338,28.3825099289
1-403634,197.465445127,28.900375222
1-403662,197.009926906,28.2514018163
1-403664,196.973161414,28.3831807063
1-403672,196.638125786,29.184075159
1-403684,196.784236491,28.633303933
1-403685,196.817348641,28.2839220476
1-403693,196.56296229,28.712201708
1-403702,195.936838231,28.5459215452
1-403703,196.162791848,28.6289038434
1-403707,196.205381039,28.6611919513
1-403797,197.82575138,29.7940500714
1-403958,187.902643219,36.0074992903
1-403982,187.419143703,36.1994168462
1-404012,187.447727023,36.6821146262
1-404032,187.78140353,36.6188897909
1-404033,187.836063351,36.5737639443
1-404045,188.065057454,37.5282474106
1-404052,188.084043103,36.5133639493
1-404060,187.855146189,36.8261121104
1-404066,188.58542,36.51192
1-404070,188.295058435,36.5809438721
1-404083,188.522935588,36.8417342147
1-40410,15.964344638,15.4493779168
1-404102,188.859813869,37.2635550854
1-404130,189.526960191,36.8803668853
1-404135,196.522960268,28.5929539554
1-404136,196.31448,28.62646
1-40414,16.3326463172,15.5581809431
1-404141,196.526874172,28.7017452522
1-404152,195.866423768,28.5641675977
1-404155,195.832506231,28.6172684433
1-404160,195.889303656,29.0604897385
1-404164,195.648102824,28.7451731452
1-404168,196.0746887,29.0295511486
1-404171,195.53610476,28.387091532
1-404173,195.713544631,28.482439176
1-404179,195.633181919,28.4393347683
1-404184,195.433289749,28.9995499592
1-404186,195.430531765,29.1783455287
1-404191,195.094625216,28.5744704007
1-404199,195.198389338,29.0671720147
1-404200,195.31565418,28.8721591966
1-404231,194.84645404,28.4886571078
1-404242,194.875493488,28.7001354041
1-404243,194.922091018,28.5071906731
1-404249,194.523423939,29.0173526307
1-404260,194.354401874,28.4958325856
1-404264,194.580636349,28.6984713192
1-404265,194.562780614,28.5217767152
1-404279,194.235751252,28.6233719519
1-404292,193.730903044,29.0123860189
1-404293,193.895376923,29.0008681225
1-404306,193.795269511,29.5782512716
1-404358,194.612217945,29.612499106
1-404397,195.615824643,29.4875911163
1-404401,195.482642091,29.3227905658
1-40460,16.5848432812,14.5932623238
1-404898,185.319556387,32.7820424972
1-404900,185.326001202,32.7110621521
1-404986,186.468521562,32.1499353963
1-405001,187.12882108,32.547716252
1-405025,209.539517297,38.0518685456
1-405213,207.390012752,38.7144657524
1-405229,207.644388683,38.7517119128
1-405261,207.844333635,38.3103337134
1-40534,18.1583832348,15.5510630077
1-405389,186.932382436,33.5799241531
1-40540,17.9719305524,15.4701075492
1-405401,187.130617346,33.8667973148
1-40541,18.2077028072,15.5054459207
1-405438,186.453994751,33.5469017029
1-405454,186.24819144,32.9340405881
1-405457,186.079211269,33.183783634
1-405509,186.773480986,34.7413026696
1-405588,198.074427148,35.0098316725
1-40566,18.3153435298,15.5164751604
1-405673,196.416843842,35.2459357501
1-405698,196.063349007,35.4154973954
1-405707,196.76151355,34.9786112828
1-405760,196.102718588,36.4799500087
1-40577,18.2996475295,15.0995987581
1-405813,196.895014012,36.0029579413
1-405986,204.912044258,27.4045939517
1-405999,204.933971495,27.7764741491
1-406028,204.873644776,29.3594667252
1-406037,204.795149432,28.9591993031
1-406086,205.498855242,29.7815377378
1-406107,205.613784686,29.7674067966
1-40621,19.6320995397,14.5400985827
1-40655,19.4807921926,14.6288916755
1-40697,18.7121873923,14.3286252179
1-40700,18.7431679104,14.4573299105
1-40710,18.8024457294,13.46427746
1-40719,18.417921438,14.4688575599
1-40721,18.5727193229,14.626238985
1-40745,18.1480884036,14.0124880165
1-407465,190.000752018,36.8724047121
1-407466,189.73106583,36.8067311208
1-407487,190.463856568,36.2630183654
1-40751,18.2783861174,14.1080727576
1-40755,18.2800213358,13.3968386908
1-407685,199.200948072,33.9788683973
1-40771,17.7846301851,14.222808883
1-407718,198.891135387,34.1093355081
1-40776,18.1700107261,15.6586104213
1-40777,18.1831997972,15.5893660698
1-40778,18.1041446514,15.6436678187
1-40792,17.7757680923,15.1721368952
1-40793,17.5379598272,14.8871372101
1-40796,17.9586237696,15.1026852033
1-408028,206.242903412,31.0046928008
1-408035,206.203286281,31.2840144884
1-40810,18.4372944739,15.6834265206
1-40814,18.2809329119,15.464146019
1-40826,18.0736651358,14.9758083415
1-40833,18.5700130813,15.5925117161
1-40850,18.5886208504,15.1231331635
1-40870,18.7573245828,15.4135190327
1-40871,18.7867554991,15.7190059737
1-40883,18.9449455016,15.0659088006
1-409109,206.665517192,34.2245412546
1-409168,204.917866221,35.0233605804
1-409184,206.335746062,35.4737986635
1-409200,206.516392436,35.520368413
1-409214,205.658735284,35.1212870556
1-409240,206.263513601,34.8781106014
1-409242,205.893814212,34.9138472224
1-409272,207.126148739,35.272748084
1-40936,19.5903844298,15.4094260042
1-409362,196.604742174,30.99977668
1-409368,196.910195268,31.4869704434
1-409435,194.874504121,31.3355636401
1-409446,194.830931359,31.2776791747
1-409473,195.757141728,32.2107097826
1-409482,195.685994911,32.0850111295
1-409539,196.90762,32.77527
1-409567,197.580144952,32.0234050558
1-409576,197.66878,32.22818
1-40973,20.1819326973,14.9074997658
1-40980,20.0083522607,14.8610696811
1-40992,21.8549992312,14.0545274026
1-410131,195.475622379,36.228709184
1-41014,21.0470417406,13.8201379812
1-41022,21.2275787037,14.2183681691
1-41030,20.7941354706,13.7795446174
1-4106,166.400088346,0.877853044248
1-410676,207.301450689,35.2847067132
1-410704,206.541414551,36.5043855194
1-410705,206.551743438,36.4266307014
1-410718,207.0795839,36.4896023942
1-41072,20.4010540598,14.4528711801
1-4109,166.240154463,1.03831696276
1-41092,20.0504675157,14.5612753786
1-41093,20.0108974646,14.3617675139
1-411,148.979516543,-0.190297943214
1-4111,166.357417036,0.936195021823
1-41133,20.5280243297,15.5709764927
1-41141,19.8783449346,14.910705097
1-41158,20.8483535937,15.2146883695
1-41160,20.1806907615,14.847054844
1-411968,120.155540377,15.8694566777
1-411980,118.300437995,15.2413143621
1-412000,118.177788467,14.8406894758
1-412043,118.202222407,15.308880164
1-412045,117.735046075,14.7678282599
1-412058,117.993013365,15.7114103805
1-412105,117.700436207,16.3893864476
1-412119,117.857788969,16.6018406215
1-412128,118.230122563,17.0168029767
1-412131,118.25847,16.69089
1-412176,119.168808316,16.9201143063
1-412191,119.717877766,16.530712418
1-412207,121.604240384,16.7115494398
1-412212,122.584892059,17.3236659723
1-41224,21.2800703157,14.6187671822
1-412264,121.281217231,16.9463967838
1-412272,121.031796067,16.8189101394
1-412279,120.6467272,16.4942741768
1-41229,21.8466606755,15.5537425973
1-412352,120.624689523,17.2847333146
1-412366,120.734295412,17.4446093878
1-412393,121.579814334,17.5949376008
1-412397,121.50481,18.0446
1-412398,121.733213717,18.2226071136
1-412407,121.785677653,18.1352579577
1-412544,123.215342993,19.6355146802
1-412566,123.784588442,20.1638295005
1-41257,22.224069663,14.7207094293
1-41258,22.1751642634,14.6092312686
1-41260,22.2358432555,14.7033105994
1-412631,125.178409264,19.440630975
1-412736,127.003330613,20.1668620446
1-412812,126.017635585,21.0118789863
1-412833,126.409847941,21.1425594142
1-412851,126.557295217,21.2999222544
1-412858,126.329009561,20.3980989477
1-412866,126.910629852,21.2568547334
1-41289,23.4720801285,13.403412232
1-412892,127.106720333,20.954989474
1-412897,127.11357871,21.4172303118
1-413033,129.961495262,23.1433485715
1-41304,23.4388952252,13.7672138052
1-413040,130.048209256,22.7358865802
1-413103,130.933247421,22.962404952
1-41324,23.1627788182,14.0805377173
1-41334,22.8610177444,14.2775170238
1-41350,22.6608284773,13.2128281918
1-41356,22.2326113484,14.0764661726
1-413676,139.139354786,26.799500781
1-41396,21.87972,14.81973
1-41408,22.1286735065,14.9812301847
1-41413,22.487048865,15.3251508152
1-41416,22.5715893553,14.6551203272
1-41420,22.4204240815,14.505107792
1-414400,182.784465836,35.3330069871
1-41493,24.0007468097,14.5654365322
1-41506,25.6975701199,13.1805704882
1-415295,199.41717,32.66243
1-415304,200.10975626,33.0136321946
1-41531,25.858194382,13.8546355995
1-415354,199.675905146,32.9186618405
1-415389,198.767896464,33.0587250642
1-415391,198.858353229,33.1572931985
1-415405,198.355805484,33.2902073994
1-41541,25.4299375141,13.6758150021
1-415430,197.325023858,33.1575729693
1-415475,197.1484778,33.9758235136
1-415476,196.978400702,34.0870995491
1-415513,197.902098789,34.4198212081
1-415550,198.107803345,34.1213417053
1-415565,198.923399906,33.7617572444
1-415572,198.794159151,33.3855909844
1-415592,198.470946104,34.1247665319
1-415602,198.505511752,33.9367955955
1-41561,25.0191778445,13.4170412805
1-415620,198.973210517,34.0330072673
1-415754,204.96997,29.3797
1-415768,205.853653183,30.0695078457
1-415777,205.547368296,29.8956371334
1-415848,204.888962499,29.9970820026
1-415871,203.944119511,29.8559428814
1-415883,204.017186241,30.1410775634
1-415904,204.372870645,30.6162430186
1-415931,204.691162944,30.4804494714
1-415939,204.859583926,31.2079993813
1-415955,205.325466553,31.2951400307
1-415958,205.241146948,31.4191069725
1-41597,24.27618,13.24703
1-415975,205.306660394,30.3910538421
1-416015,205.359440553,31.256181578
1-416039,205.873396236,31.003217823
1-41678,24.7024659759,15.0281141402
1-41700,24.7579235116,14.9690542835
1-41704,24.8033675892,14.9008490197
1-41746,31.6827355216,13.3716289407
1-41749,31.6691829812,13.4399214589
1-41750,31.8919135887,13.5641555262
1-41752,31.9530631664,13.6095950748
1-41758,31.5248304024,13.2852247986
1-41760,31.3328326881,13.2585064539
1-41762,31.4201960493,13.1755472114
1-41771,30.7014177363,12.5948020613
1-41772,30.8766744224,12.5882554394
1-418006,206.295787521,36.376280524
1-41801,30.5704131562,12.6145534264
1-418014,205.540814262,35.9516917629
1-418023,205.753337262,36.1656555546
1-418048,204.605772406,35.7894388986
1-418071,204.226610425,36.2336565086
1-418090,204.091687895,36.6042744074
1-418104,204.102687853,35.6280503646
1-418111,204.105136464,35.8183057037
1-418128,203.635904637,36.0481238489
1-418134,203.881269417,36.0147104819
1-418197,205.203897366,38.2718746062
1-418202,204.027936772,37.0880775977
1-418224,205.293330159,37.0186006084
1-418228,205.332901659,36.9352572078
1-418242,205.584173927,36.9536345189
1-418252,206.202869638,37.1632244485
1-418253,206.154337129,37.1716322286
1-41828,30.1863873608,13.0399761195
1-41829,30.2055318822,12.9564797637
1-41833,29.7560394203,13.22457624
1-41843,29.984666938,12.4595705879
1-418626,203.196338983,38.0897849445
1-41864,29.6446685788,12.4511635795
1-418974,200.937091695,30.4762835224
1-419013,199.084413786,30.8768600123
1-419022,200.062526626,30.8998314255
1-419023,200.061514884,30.9877947819
1-419028,199.066481776,30.264531572
1-419040,199.948633034,30.82622814
1-419067,199.338732164,31.0593789008
1-419098,198.443875138,31.4487699705
1-41910,30.1831280251,14.2106205629
1-419116,198.663196749,31.9203891219
1-419126,198.929297108,32.0265394367
1-419151,199.13902,31.54643
1-419153,199.211157439,31.6306673433
1-419166,199.237801143,32.156050818
1-41918,30.7081937163,14.5206085491
1-41919,30.852825397,14.6975872712
1-419195,200.09349072,31.5811703262
1-419213,199.534355928,31.9601195683
1-41922,30.5981057222,14.3484769868
1-419231,200.213653253,31.390762043
1-419236,200.290528934,31.9463314732
1-419240,200.273355398,31.8312984504
1-419251,200.702317907,31.3244967036
1-419255,200.490461357,32.0998213358
1-419257,201.140522862,31.5463794808
1-419266,201.065918447,31.3450495839
1-419288,183.997377433,35.7173746013
1-419301,183.52006754,35.4078829395
1-419345,183.396894412,35.8001755194
1-419351,183.113323668,35.8834911662
1-419369,182.8527405,34.979394155
1-419380,183.007901999,35.4043988775
1-419427,182.285219476,35.6358062312
1-419450,182.282815784,37.1108680464
1-419504,182.793141475,37.5153531477
1-419533,182.66438703,36.6145041695
1-419536,182.721537971,36.5457776875
1-419555,182.871398958,36.788430704
1-419607,183.789114229,36.3366201557
1-41971,31.4132120888,14.6521629254
1-41974,31.2545881526,14.7134056398
1-42007,33.6269332084,13.2572057011
1-42030,33.3970270848,13.3704825796
1-42031,33.5160556032,13.3131049736
1-42053,32.747140698,12.3623604454
1-420631,205.370073591,32.192681018
1-420636,205.076050959,32.1531397042
1-420638,205.389007258,32.4326269649
1-42065,32.9507013149,13.1553573704
1-42070,32.9545668717,13.0210566967
1-420704,203.31737392,32.5218709369
1-420709,203.468324934,31.6046500241
1-420732,203.246370466,32.3204465748
1-420755,202.933687152,32.6353715131
1-420769,202.331962545,32.0047224327
1-420770,202.508845323,31.776693291
1-42078,32.6471706006,12.9182200617
1-420787,202.628354582,32.6237092027
1-42082,32.8252498454,12.9220672536
1-420901,203.787835831,32.6615871636
1-420908,204.08266178,32.8750953491
1-420924,204.554359244,32.8228438761
1-420973,203.658855694,30.5946014845
1-420979,203.770368571,31.0115592589
1-420986,203.279194983,30.4292905934
1-421010,202.523339684,30.4544347582
1-421027,202.235788854,30.1501942259
1-42106,32.3464524305,12.841627271
1-421066,202.107185823,30.8157154792
1-421128,201.170476287,31.0264957187
1-421145,200.928341053,31.5154765782
1-421160,201.693351437,31.9443972954
1-421226,202.459179596,31.4210139645
1-421238,202.572317305,31.3338297094
1-42131,31.6466327252,12.5203065089
1-421314,203.730622609,31.3935143722
1-421316,203.850108426,31.5714143307
1-42141,31.3690037992,13.251615883
1-42158,31.3231002464,13.5057331613
1-421728,201.656942881,31.666750115
1-421756,201.40956639,31.9939121951
1-42176,32.4271106524,14.3254913546
1-421767,201.743029603,32.5365141139
1-42177,32.5341279993,14.610096205
1-421775,201.762834226,32.6493084716
1-421777,201.649438331,32.7609141514
1-421782,201.13946468,31.6715159727
1-421784,201.02653,31.76235
1-42180,32.8169148245,14.1886421436
1-421808,201.187819681,32.5168408132
1-421814,201.084201517,32.848118803
1-42184,32.4144893737,13.9831824498
1-421842,200.696327374,32.6232691309
1-42187,32.1701044618,13.6886514205
1-421884,200.042285941,32.6786152177
1-421889,199.853809528,32.6034787404
1-42192,32.9093212827,14.2032777806
1-42193,32.9925752388,14.2692759713
1-42195,32.8782406002,14.3005186503
1-42197,32.881005008,14.2006414732
1-421972,200.644924623,33.1570944949
1-42198,32.9127996774,14.1417772947
1-421988,201.147070828,32.9410306278
1-42199,32.9040042262,14.5125674621
1-42202,32.8277476778,14.0956538972
1-422038,201.673031057,32.9245691994
1-422040,201.411105292,33.6804328237
1-42209,33.0325729594,13.9830274333
1-42214,33.2399805815,14.1028486629
1-42221,33.1405923904,14.3431853743
1-42227,33.2955172934,14.0179652289
1-42230,33.4062555764,13.7281228725
1-42233,33.3169384757,14.4845505057
1-42238,33.626936979,13.7100139519
1-422430,207.422025214,26.7170456168
1-42247,33.5880594277,14.1185349483
1-42248,33.8745752504,13.8592192326
1-42250,27.8427837194,13.0603351418
1-42253,27.5653058921,13.1407727975
1-42255,27.4236732296,13.097121265
1-42273,27.2633038511,12.8736031758
1-42274,27.2605424022,12.9275006617
1-42280,27.2984501161,12.8532452534
1-422823,208.260195394,24.5601927813
1-42285,27.328931514,13.0477954648
1-422897,207.73754843,24.9789668888
1-422898,207.769207404,25.0830829578
1-422911,207.583860798,24.9359394591
1-422912,207.628326466,24.9629109166
1-422933,207.468927556,25.190877982
1-422947,207.658592862,24.6375176529
1-422969,207.061565491,24.7777196101
1-422974,207.142413876,24.8915949163
1-422976,207.074291887,25.1238885413
1-423024,206.007949798,25.9411986626
1-423049,206.838330135,25.8419183794
1-42308,27.3234936497,13.466699949
1-423101,207.067074342,25.7334869762
1-42311,26.9223518174,12.9696111112
1-42313,27.0150815693,12.9347090421
1-42329,27.0544177742,13.7267854089
1-42340,26.713789796,13.7541657362
1-42351,26.8697497119,12.920596624
1-42373,26.6159380625,12.8925442115
1-42381,25.8611193756,13.3202579523
1-42421,26.3781556673,14.2315316283
1-42434,26.4768823341,14.7132585247
1-424415,208.592091639,25.1530840333
1-424438,208.522520945,24.9666273788
1-42455,26.6544750921,14.6917738766
1-42463,26.7453237163,14.1449390255
1-42468,26.6242084356,13.9526530137
1-42474,26.8059925054,13.9694655216
1-42480,26.774064659,13.8971582604
1-42548,28.0528678187,14.4577474761
1-42583,29.2657458796,13.1670587264
1-42585,29.0634608466,13.1658441664
1-42588,29.1938996734,13.2767782485
1-42615,28.6050934003,12.6631701303
1-42626,28.5604969844,13.6786922597
1-42646,28.0792260837,13.6340560516
1-42660,28.1850476804,13.1925503037
1-42669,27.6344800304,13.6617287306
1-42680,27.8864427766,12.6996000839
1-42688,27.5495383307,13.8005946478
1-42689,27.3896861886,13.2333588158
1-42703,27.529862933,13.1103745569
1-42704,27.6536619348,13.1102002694
1-42705,27.3870279948,13.1451110671
1-42707,27.4754569786,13.1266326534
1-42708,27.4743561764,12.9760420278
1-42717,27.2213740769,13.4239434408
1-42718,27.3345993794,13.2986233722
1-42763,27.3767246477,13.9925835472
1-42801,28.0953515346,14.5540450233
1-42813,28.3757033338,14.57094903
1-42862,29.3040575892,14.7354740934
1-42867,29.2729273938,14.715587862
1-42874,29.176047423,14.5954244733
1-42896,29.8615119115,14.4915951107
1-42899,29.567641238,14.2966260171
1-43009,113.553880266,39.0768343422
1-43012,112.933557763,38.3365628172
1-43022,113.610094821,38.629014845
1-43099,114.872635541,37.8205071462
1-43139,116.519025614,39.886351746
1-43148,115.242270211,39.3793234826
1-43188,114.880984537,39.7889055602
1-43229,114.084789596,39.8799883739
1-43241,114.002145323,39.2335378738
1-43268,114.324525988,40.1432338104
1-43272,114.478612729,40.1496516935
1-43285,114.998328579,40.1476611274
1-43311,115.66993677,40.9294330892
1-43338,116.098548454,40.3437690341
1-43349,116.388447639,40.1901035472
1-43361,116.46607347,41.0756864729
1-43374,116.494725692,41.1193964321
1-43381,116.50721804,40.8750588227
1-43497,115.443139987,37.6155355534
1-43505,114.897365992,37.7515059306
1-43506,114.753059381,38.1277411977
1-43512,115.565051016,39.3345735205
1-43528,116.182137064,38.6350147539
1-43541,116.847786455,39.1959312934
1-43584,117.061131369,39.0457307331
1-43589,117.602692756,38.4691486044
1-43629,118.660223852,42.5441122846
1-43632,117.903193396,41.4604410103
1-43651,117.923767287,42.303573518
1-43654,116.930322338,41.386379358
1-436574,227.481185986,28.3821764749
1-43663,117.766031532,41.9734561578
1-436646,228.176378785,27.7995586951
1-43672,116.787162594,42.0787163158
1-43679,116.729209533,41.4448947941
1-43680,116.576156629,41.7016516582
1-43687,116.742603976,42.320966989
1-43702,116.176854635,42.3576915289
1-43717,117.093812663,43.780494376
1-43718,116.782606045,43.3140748538
1-43721,116.967569128,43.3835000413
1-43723,116.703574938,43.3748383408
1-43724,117.038625786,43.5907001931
1-43733,117.239820154,43.7865920222
1-43741,117.303663149,44.0650367071
1-43773,117.412475858,42.9670738832
1-43783,117.898469126,42.8801150745
1-43823,118.906701145,42.7512435538
1-43829,118.868868421,39.4201932644
1-43849,118.986146494,40.5539780978
1-43856,118.370298929,39.2997132847
1-43857,118.235159478,38.9281990186
1-43864,118.279420717,39.7443685145
1-43865,118.317318379,39.050122769
1-43868,118.77452696,40.0412963514
1-43896,117.878145946,39.9958424565
1-43933,116.785721278,40.3929408076
1-43956,117.705857719,40.9463206643
1-43957,117.818563964,40.9520924282
1-439699,233.598410653,25.1133860168
1-439736,234.13552891,25.1379251597
1-439740,233.973028859,25.3411270524
1-439760,234.196118326,25.4168140803
1-44009,118.946946752,41.2803730342
1-44013,119.401238357,41.1145839971
1-44015,119.269012898,40.9951474269
1-440254,233.843557443,25.2971230971
1-440292,234.858600293,24.9435693831
1-440301,234.789840114,24.8308932095
1-440356,235.273957581,24.9023081044
1-44044,119.583449278,41.5680573652
1-44047,119.643311577,41.578406654
1-44063,120.590886167,44.0300599281
1-44083,119.611553119,44.0462231025
1-44100,119.165933097,44.1010079182
1-44113,120.206409426,44.6911704889
1-44117,118.863856172,44.0293299078
1-44141,119.057148686,44.3861254327
1-441573,236.346987255,24.5067661579
1-44163,118.648986177,44.1518134268
1-44172,118.798294212,44.3821709999
1-44180,118.393688425,44.0954269232
1-44183,118.020494772,44.1614622644
1-442076,239.665233358,21.83813822
1-44210,118.716248079,45.8225546331
1-44216,118.325311619,44.8660108525
1-44219,118.328543844,45.4620260271
1-442322,238.870444308,22.8273227706
1-442338,239.419158217,22.6533944545
1-442354,239.59346761,22.9042902158
1-442358,239.572712957,22.6747629244
1-442359,239.528675585,22.6648076234
1-442983,240.170977614,22.3975715238
1-44303,119.182151794,44.8567085266
1-44312,119.638013219,45.3294264139
1-443132,241.193252563,21.9572505951
1-443149,244.454597012,52.2022388866
1-44361,120.351855044,44.8760493913
1-44379,120.700706482,45.0345535278
1-44418,120.384641982,42.0022978274
1-44436,120.11665,41.66065
1-44447,120.639839507,42.3927047315
1-44463,119.929962507,42.1997784614
1-444671,241.863208938,17.9882860426
1-44479,119.822532489,42.0085365923
1-44483,119.834859985,42.0570733284
1-44487,119.560036646,42.2686686418
1-444980,241.561797466,18.1828719413
1-445027,241.84238595,18.323978766
1-445042,242.793025729,17.1853822927
1-44526,118.713338789,43.1826360551
1-445333,246.655998407,13.6834228432
1-445337,246.737062536,13.8026935453
1-445487,245.96810386,14.831518661
1-44549,120.440525845,44.1100506919
1-445537,246.89838091,14.1985929852
1-445618,247.056477251,13.4444489273
1-445626,246.714628439,13.8730660815
1-44565,120.908507706,43.3430528761
1-445669,246.750310352,14.4633647321
1-44581,121.096386831,43.5825885672
1-44590,121.717807261,43.3235006561
1-445940,248.021907589,13.6473887585
1-446131,242.209389554,22.0426648805
1-44618,122.522873301,46.1930252145
1-446229,243.94991108,19.4344350411
1-446231,243.898155725,19.4533923787
1-446242,243.925554082,19.6375787771
1-44625,122.679155583,46.5483523032
1-446257,243.688642201,19.8964506612
1-446290,243.546727767,19.3149338088
1-44633,121.580770018,45.7434303531
1-44634,121.762714327,45.6764274955
1-44637,121.566720115,46.2886334885
1-44660,121.434740633,46.0244240277
1-446650,246.670557578,14.3787854135
1-446659,247.533718683,14.9034757962
1-446660,247.383226539,15.2997689121
1-44667,121.357167867,46.287410625
1-446671,247.2572731,15.3898837223
1-446684,245.996310547,14.6216653075
1-446700,246.848314731,15.3361303042
1-446720,246.083143571,15.4633924939
1-44690,121.307831756,46.3316596561
1-44693,121.744779213,46.5629692039
1-44700,121.407989784,46.7074015972
1-44707,121.352939902,46.935668642
1-44722,120.918897692,46.7273933044
1-44726,120.715023341,46.1570329943
1-44745,120.199284144,46.6905269704
1-44763,120.05894,46.04257
1-44767,120.07726612,46.1867665279
1-44789,120.890364113,47.8924063302
1-44798,120.138546295,47.3708675377
1-44801,120.1396474,47.5097756564
1-44818,120.437343527,47.0646602498
1-44865,121.352443699,47.744077647
1-44880,121.678294489,47.3123206013
1-44905,122.205714736,47.3430674935
1-44915,122.137041682,47.7929942496
1-44974,123.662048361,44.3946431156
1-44990,123.132893944,44.3009344657
1-44999,122.363515778,43.9349178253
1-45016,122.256281595,44.8685344656
1-45020,122.223653011,44.9384203599
1-45036,121.521828696,44.6201422805
1-45080,120.748432377,45.4920375968
1-45089,121.571389266,45.778643568
1-45108,121.964668213,45.918233726
1-45112,122.230001208,45.6875021679
1-45126,122.068893504,45.3483736529
1-45131,122.06549898,45.2849968794
1-45151,122.791070381,45.6635696229
1-45175,123.517577606,46.0048945727
1-45179,123.571196537,46.0103315294
1-45187,124.225833893,45.2631016952
1-45208,124.272419897,48.312047545
1-45249,123.555574453,48.1381757363
1-45268,122.677358996,48.9187968689
1-45281,123.153847541,48.1818124916
1-45291,122.298944914,49.0170431431
1-45299,122.28961887,48.8718567165
1-45370,122.640238394,49.2202259168
1-45399,123.070671389,49.3774557708
1-45427,123.73857027,49.458656561
1-45470,124.556748682,49.2508538132
1-45489,125.17313176,49.3750894277
1-45490,124.959459811,49.3592592128
1-45514,125.963282432,46.9951697594
1-45520,125.274144808,45.8483146878
1-45527,124.944012294,46.1209357406
1-45529,125.088545586,45.5343625258
1-45539,124.813750999,45.2987564264
1-45554,125.069472444,46.872648741
1-455626,192.89756739,26.6289329998
1-455630,193.151199449,26.7498829806
1-455633,193.073835675,27.085552231
1-455634,193.049369016,26.8747921385
1-455636,193.028639413,27.0263495687
1-455640,193.281556103,27.0381715043
1-455654,192.937400708,27.0183183201
1-455658,192.58466,26.75008
1-455659,192.61092383,26.7352866585
1-455661,192.888619916,26.7698256527
1-455681,192.397267457,27.1976167177
1-455684,192.356451251,26.7864476354
1-455685,192.365509997,27.2676531196
1-455687,192.556092122,26.7760821012
1-45571,123.967317732,46.6951874734
1-455722,192.038747135,26.9392014153
1-45581,123.686398283,46.4149752823
1-455885,191.899844527,27.6111809621
1-455918,192.654359047,27.4829979102
1-455924,192.932438898,27.9628222375
1-45593,124.120619234,45.6377455069
1-455937,193.203764794,27.4018304834
1-455941,193.192823497,27.9068047588
1-456001,192.502500264,28.8164833368
1-45606,123.721780239,45.7920218848
1-456269,194.634432576,26.2436602387
1-456285,194.976401139,26.8199725841
1-456286,195.019122857,27.0324274279
1-456287,195.004914533,26.9560938529
1-456288,195.208009735,27.4057748603
1-456289,195.026189578,27.3007289352
1-456296,194.419408491,26.2052760386
1-456297,194.333243955,26.4322874791
1-456299,194.361587587,26.6939142374
1-456306,194.65534007,27.1765554975
1-456308,194.807114101,27.4025447808
1-456309,194.769379706,26.958191967
1-456320,194.007294111,26.756639115
1-456321,193.905977678,26.6421081307
1-456322,194.120476343,26.5434614682
1-456325,194.085379953,26.7040405693
1-456331,194.486091549,27.0374944751
1-456332,194.485486147,27.382312941
1-456337,194.651506215,27.1041578286
1-456339,194.476509547,27.490641798
1-456341,194.506503345,27.4896759526
1-456345,193.81207864,26.2500502271
1-456349,193.647673866,26.7512964831
1-456353,194.345562626,26.9877218828
1-456355,194.299822629,27.1033454667
1-456359,194.308731533,27.2537091617
1-456361,194.400547553,27.484812581
1-456364,194.351484771,27.4978172081
1-456366,194.294817823,27.4049167636
1-456370,194.098996149,27.2339634113
1-456371,194.016555995,27.1504441962
1-456372,194.133510084,27.0555867474
1-456376,194.119122354,27.2912463845
1-456378,194.197578925,27.2922421325
1-456380,194.199046366,27.4209902014
1-456381,194.060945053,27.5063295051
1-456385,193.836642556,27.1496853505
1-456387,193.903922546,26.9116262146
1-456388,193.673410196,27.0414513005
1-456391,193.753489134,27.4833809056
1-456399,193.340338099,26.3614125102
1-456404,193.523004089,27.0686050147
1-456405,193.603092309,27.363986169
1-456407,193.439519509,27.2496041679
1-456408,193.346339794,27.0334666861
1-45641,123.106993469,47.5425831348
1-456414,193.59285187,27.0841649761
1-456416,193.00153167,26.1591577126
1-456418,193.17117834,26.3658211732
1-456420,193.245996793,26.7203862237
1-45643,123.208230955,47.4426484048
1-456434,192.788440765,27.4067939455
1-456449,192.2474,27.37545
1-456470,193.480729309,28.393870504
1-456471,193.474720713,28.1866211975
1-456488,193.638259135,27.6327798531
1-456492,194.01498313,28.4347791766
1-456497,193.736534682,28.1262746714
1-456505,193.998990374,27.9550802549
1-456507,193.954177913,27.9058612663
1-456508,193.867402057,27.9496914762
1-456509,193.891972421,27.8416712527
1-456510,194.041257314,27.8442640135
1-456513,193.877572817,27.5442666743
1-456516,194.191120031,28.0516146988
1-456518,194.40502548,28.0403881249
1-456526,194.16002111,28.1062643769
1-456530,194.153758743,27.8848722825
1-456537,194.142408186,27.6873335763
1-456538,194.26079886,27.6566774614
1-456539,194.142444116,27.5389680178
1-456540,194.176557636,27.5482501672
1-456550,194.430129892,27.5776196029
1-456556,194.364626896,27.6362425071
1-456557,194.662274497,27.9539019989
1-456559,194.653147531,27.8494808325
1-456563,194.540430593,27.5494435015
1-456564,194.618400905,27.5594115839
1-456565,194.660044171,27.544099446
1-456567,194.631687738,27.6734912925
1-456568,194.528468033,27.5768749367
1-456573,194.682960953,28.2826700105
1-456575,194.590447844,28.1487789817
1-456578,194.628984666,28.2336267553
1-456580,194.632955412,28.0496130687
1-456583,194.557532291,28.1825781033
1-456587,194.826471094,27.7157490546
1-456589,194.834093588,27.8860097479
1-456590,194.769340457,27.9109993819
1-456594,194.783112227,27.8549580996
1-456600,194.858941966,28.2875636444
1-456610,194.874838965,27.9564497072
1-456611,194.934241596,27.8676751064
1-456614,194.877701754,27.7914236176
1-456616,194.91587852,27.5764791883
1-456617,194.986060137,27.9300479255
1-456618,194.978613471,27.7959985141
1-456623,195.026068401,27.6852949413
1-456625,195.078678476,28.0093027853
1-456627,195.033836039,27.9769557537
1-456628,195.033307724,28.0785814036
1-456631,194.990028889,28.0650886275
1-456632,195.022461664,28.0244372262
1-456634,195.04339068,27.5950031917
1-456635,195.084041611,27.8435050855
1-456637,195.104915844,27.5522505531
1-456639,195.13547773,27.7661400524
1-456640,195.11524333,27.6251974508
1-456643,195.178493261,27.9630948504
1-456645,195.774732754,26.5311162021
1-456649,195.636478417,27.2955655781
1-456655,196.110590139,27.304313566
1-456656,195.523004167,27.297280745
1-456658,196.438214053,27.3154302587
1-456664,195.278358541,26.8094846123
1-456668,195.111908792,27.5156062479
1-456672,195.079595534,27.5537156077
1-456675,194.844636044,26.0262160233
1-456684,194.842078419,26.7970930097
1-456687,194.819512903,27.1061297863
1-456688,194.90563529,27.3360583701
1-456691,194.742099455,27.5946912325
1-456693,194.826892235,27.5135195829
1-456694,194.792936802,27.6198428479
1-456698,194.531431784,26.3268386618
1-456703,194.529502065,26.7870986258
1-456704,194.513211072,26.9159830523
1-456705,194.520146033,26.370583017
1-456710,194.605508477,27.199996841
1-456714,194.57766144,27.3108172554
1-456716,194.633606124,27.4563166509
1-456717,194.638083543,27.3643678157
1-456718,194.647292788,27.2647558315
1-456721,194.394539517,27.3103035659
1-456731,194.503167902,27.4539708482
1-456734,194.339548581,27.0229899956
1-456735,194.355202281,27.4045722485
1-456737,194.206924324,27.0939202696
1-456742,194.268084999,27.5259477857
1-456744,194.331624208,27.6138564494
1-456746,194.37745437,27.5430400123
1-456747,194.217856763,26.4877212059
1-456751,194.036654269,26.3167930332
1-456754,194.312535904,26.4663329836
1-456757,194.150132766,26.9047730939
1-456758,194.179998415,26.7419803983
1-456759,194.144334079,26.4551733355
1-456766,194.144318374,27.2275450356
1-456768,194.082472682,27.7510411769
1-456769,194.109595216,27.7272602087
1-456771,193.934483198,27.7165891949
1-456772,194.02549,27.67798
1-456773,194.149776054,27.7188205933
1-456774,193.984616598,27.6098204481
1-456775,194.026853196,27.6480253336
1-456781,193.658383773,26.7505856497
1-456794,193.837216404,27.6691256183
1-456804,193.475871695,26.9663823607
1-456806,193.595359347,26.7994366625
1-456816,193.376219952,27.6752193863
1-456821,193.444434851,27.3859420784
1-456823,194.27723232,28.2965859885
1-456828,194.045758003,28.1631998296
1-456829,194.36847307,28.1764572344
1-456832,193.999798149,28.186963382
1-456837,193.58138607,28.0913189853
1-456840,193.569892863,28.0765879493
1-456842,193.83334312,27.866682129
1-456844,193.829658071,27.9250483031
1-456845,194.118602598,28.0825400696
1-456847,194.45277728,28.1804534394
1-456850,194.634485129,28.3779606067
1-456853,194.722661601,28.1261034851
1-456859,194.340601346,27.8804301465
1-456861,194.380135596,28.018433095
1-456862,194.511926521,27.978380167
1-456864,194.221427424,27.9295041078
1-456865,194.442339202,27.7570477124
1-456867,194.44710252,27.8333159446
1-456868,194.326260987,27.74739409
1-456877,195.046405681,28.0652475985
1-456879,194.881021114,28.0466093589
1-456880,194.979559184,28.1283812917
1-456881,194.959539503,28.1443914742
1-456884,194.579932588,27.7620946664
1-456894,195.036393927,28.1598629479
1-456896,195.125772086,28.1600357048
1-45690,124.541864559,47.3564477818
1-456901,195.092502674,28.2471105916
1-456904,195.18430745,28.3372970375
1-456905,194.767316114,27.9591678574
1-456907,194.787813562,27.8975638538
1-456909,194.789443506,28.0409320126
1-456912,194.77510377,27.9967050471
1-456914,194.790172367,27.867392873
1-456915,194.733135283,27.8334449764
1-456916,194.697503972,27.6747219433
1-456917,194.689738918,27.7539097428
1-456919,194.740148776,27.7854505313
1-456920,194.897022011,27.8636288664
1-456921,194.853873992,27.7388534901
1-456923,194.798122769,28.0092566291
1-456924,194.872523039,27.850127122
1-456925,194.85553911,27.9679392937
1-456929,194.904062045,27.8258051834
1-456931,194.942193446,27.8572309116
1-456933,194.926250218,27.9247416313
1-456935,195.006340293,27.7312425839
1-456936,195.026210421,27.7757636408
1-456937,194.946441447,27.7102986598
1-45694,125.287570599,47.2773820655
1-456940,194.958775937,27.9248502675
1-456942,195.329418324,28.1281507871
1-456947,195.289317739,28.0331075167
1-456950,195.306922496,28.0831276888
1-456952,195.078300108,27.9371008252
1-456955,195.116532022,27.955985353
1-456956,195.090290656,27.8985596385
1-456957,195.13905648,27.8242262694
1-456958,195.1403225,27.637733979
1-456959,195.073165955,27.7844085366
1-456969,195.36310974,27.9991879789
1-456972,195.412986614,28.2458127998
1-456973,195.434092636,28.2143692471
1-456974,195.306783861,27.9142685573
1-45698,125.092317444,47.2275658799
1-456980,195.228230809,27.8420112388
1-456981,195.451588904,27.6039619877
1-456983,195.233178109,27.8984460152
1-456984,195.358852894,27.8859851519
1-456987,195.500614547,27.7827046478
1-456989,195.590244425,28.256014587
1-456995,195.644976385,27.9490970685
1-456996,195.817715111,28.0304344776
1-457006,195.719765034,27.866597928
1-457009,196.046877685,27.490442753
1-457017,197.92175293,26.3901329041
1-45702,125.038784864,47.1906485842
1-45704,125.177974875,47.321728197
1-457054,197.006915793,26.7653864079
1-457072,196.218172202,26.9190881488
1-457074,196.117632043,26.6719551868
1-457076,195.871154137,26.5505176578
1-457085,196.413014946,26.106523256
1-457091,195.648305959,26.6622597567
1-457097,196.061751441,26.1161917315
1-457110,195.574051384,26.1425413753
1-457115,195.088196323,26.7886837601
1-457122,195.121458343,26.6753565674
1-457126,195.4592586,27.8935685169
1-457130,195.33049907,27.8604631663
1-457138,195.294692354,27.2465341492
1-457140,195.139836909,27.504158471
1-457146,195.275797616,27.3978146556
1-457147,195.855550973,28.0140112833
1-457149,195.839822404,28.3090530869
1-457151,195.880152661,28.0923261772
1-457153,195.844877709,27.9359580374
1-457156,195.802628996,28.1724999114
1-457160,195.313405652,27.6692261738
1-457162,195.446858894,27.6217710338
1-457163,195.504353853,27.6529898497
1-457168,195.449915936,27.3547939113
1-457172,195.960414326,28.0544224378
1-457175,196.033192066,27.9649688095
1-457176,196.019845141,27.8505515326
1-457177,195.942816887,27.9869307718
1-457182,195.89988304,28.1669498626
1-457185,195.646572699,27.439449824
1-457187,195.518096456,27.6995849346
1-457196,195.532908091,27.6483139087
1-457197,195.655647193,27.1761355795
1-457198,196.302144249,28.1524314734
1-457200,196.472871111,28.1124344082
1-457201,196.18057729,28.2515835149
1-457204,196.153785777,28.2505334586
1-457206,196.453571937,28.10652776
1-457208,196.173663605,28.2275551597
1-457211,195.806967087,27.3690721375
1-457215,196.068608858,27.5063823614
1-457223,196.285279184,27.5128123401
1-457231,196.54620917,27.7001493909
1-457235,196.575872464,27.2550435833
1-457236,196.651709133,27.8729460666
1-457237,196.846848622,27.8655124363
1-457238,196.671360604,27.8841390702
1-457246,197.05877422,27.5158507658
1-457247,196.929799257,27.5096494472
1-457248,197.010790772,27.3112132886
1-457251,197.037945804,27.826596591
1-457252,197.003247752,28.0812453664
1-457265,197.345330817,28.3212797241
1-457321,199.19127,26.2122
1-457327,198.656661987,26.1239738464
1-457341,198.759097669,26.5955980426
1-457376,198.226380503,26.5350713864
1-457386,197.80318,26.81394
1-457401,197.87962097,28.067128063
1-457402,197.828878618,27.9667937932
1-457424,197.770172162,26.9726399522
1-457427,198.362302078,27.8023870769
1-457448,198.758952997,28.0363934703
1-457523,202.289468822,25.7571417094
1-457547,201.920656754,26.0616332527
1-457562,201.643064072,26.305796017
1-457602,201.234453118,26.4635165132
1-457614,200.52037569,25.751679868
1-457753,201.09337159,26.7815530496
1-457771,201.193944317,26.7384194627
1-457781,201.334580598,27.4747973226
1-457790,201.539281332,26.7701144238
1-457811,201.713650095,26.5912389132
1-457813,201.907021957,26.9657027238
1-457815,201.66218,27.03962
1-457816,201.900563003,27.1380130247
1-457843,202.623387924,26.5145483668
1-457869,204.62363137,26.0775874748
1-45787,126.371085873,47.133569098
1-457871,203.809658755,25.5823074729
1-457872,203.81165409,25.044752109
1-457875,203.841741304,25.44913917
1-457905,203.7958273,25.94697011
1-457932,203.425607375,25.7487718849
1-457965,202.934279612,25.1396359306
1-457977,202.84094407,25.6191245013
1-458007,202.754846269,25.9255666821
1-458011,201.948043235,25.4495678287
1-458027,202.086042176,27.0260740583
1-458033,202.322083229,26.7884519482
1-458044,202.05702837,26.4565408846
1-458047,202.140621348,26.4085831623
1-458052,202.695087623,27.0924665615
1-458092,203.190093994,26.5803756714
1-458105,203.387737518,26.2719759529
1-458124,203.595697436,27.4613412409
1-458127,203.550636109,27.0031738715
1-458137,204.353484976,27.4192185178
1-458138,204.150721623,27.2421751645
1-458148,204.544421018,26.7432020489
1-458168,204.631692494,26.1054586831
1-458209,206.085721174,26.0841920472
1-458223,205.638152898,25.3448980203
1-458248,205.386543129,25.3121083012
1-458270,205.182894265,25.9083558727
1-458272,205.177809487,26.0086876455
1-458301,204.891366357,25.5560986915
1-458316,204.806912689,24.8930759381
1-458359,204.668499374,26.730669716
1-45836,127.143463235,50.2942102292
1-458395,205.440923024,27.1063453373
1-458396,205.438406961,27.0047377781
1-458448,205.632789518,26.4872381977
1-458459,205.63584338,26.2327336039
1-458499,205.871373437,26.4935700094
1-458504,206.036124092,26.3489140635
1-458515,206.470668082,26.7751572173
1-458599,118.479087403,13.1546013221
1-458604,118.414213708,13.4338957778
1-458609,118.370250619,13.0999727892
1-458614,118.34399128,13.2176201275
1-458654,118.475278504,14.7340816288
1-458664,118.49108998,14.6996414879
1-458676,118.699364685,14.6654215753
1-458678,118.731917828,14.7167640843
1-458682,118.395673439,14.4733243477
1-458686,118.373086377,14.0230038086
1-458692,119.06828621,15.2400782037
1-458697,118.455439628,14.4007507443
1-458705,118.831445476,14.4171184641
1-458706,118.741100216,14.4552428038
1-458712,118.895781012,14.0179133341
1-458714,118.818551049,14.4344465536
1-458727,119.293209673,14.65876405
1-458738,119.503945958,14.9502274395
1-459018,119.505587809,14.7026287414
1-459044,118.693207358,14.3594231641
1-459081,120.118946471,15.4530999131
1-459105,120.24858,15.62469
1-459133,120.418077307,15.6447504583
1-459215,122.217871845,14.8625909491
1-459273,121.801261748,14.9852209127
1-459275,121.9207632,14.9432527135
1-459283,121.176291463,15.7757325894
1-459409,121.669807111,16.0723818236
1-459618,121.884641621,14.9343966399
1-459619,122.025515329,14.8377796365
1-459622,121.819112015,14.9509404831
1-46006,124.271450567,51.1324892342
1-460288,126.059633434,17.3319505175
1-460293,126.332735526,17.4820439484
1-460305,125.697648008,17.3308856479
1-46032,125.931663697,51.6080333361
1-460404,125.634225774,18.7443277666
1-460434,125.218759546,18.0155438427
1-460436,125.272797636,17.8198178758
1-460461,125.915151366,18.29996445
1-460463,125.880386088,18.4481561244
1-46056,126.015363581,51.9043309231
1-46076,125.124442927,51.1469356656
1-460812,127.170800449,17.5814003238
1-460840,126.898019245,17.9185088062
1-460862,126.671767765,17.8386878658
1-460882,126.461187965,18.1666896663
1-460912,126.568911749,17.3624515911
1-460963,126.137169417,19.2649662192
1-461292,127.048525638,17.37465808
1-46266,126.435741189,47.7842618758
1-462964,135.41476736,20.7500869106
1-462966,135.295686532,20.6107068161
1-462984,134.946875696,20.5952807159
1-462994,135.365942781,21.1751193666
1-46316,125.038583467,49.2724623883
1-463460,137.222314842,21.9666091807
1-463478,137.049773051,22.0040599224
1-46349,125.531886006,49.0030456797
1-46358,126.445367984,49.5734513029
1-46371,126.890670709,49.5028602919
1-463943,135.645412649,20.7383444212
1-463969,135.854474306,20.6674214335
1-464061,136.7479,20.80265
1-464063,137.024178476,20.5035581998
1-464069,137.333168008,20.3296124724
1-464210,136.268821977,20.7904683447
1-464264,136.64269,20.40397
1-46428,127.508426887,49.6860914461
1-464294,137.386862243,20.4790909217
1-464310,137.420842967,20.9885981724
1-464461,136.369740946,22.602204335
1-46494,130.386989359,52.4901978032
1-46562,128.687740769,52.7156862498
1-46577,128.178383835,52.4167757799
1-46694,127.400274525,54.0277610927
1-46757,128.164388898,53.2332443411
1-46819,129.804014054,53.6235334259
1-46825,129.137938178,54.0414633097
1-46864,130.915071636,50.3865086658
1-47120,130.454908959,50.7864246426
1-47136,130.766355649,51.3256549323
1-47170,131.513430659,51.201502079
1-47196,132.602403362,53.8970342807
1-47221,132.285018858,53.7801465944
1-47223,132.221862652,53.9896213017
1-47224,132.103659642,53.9187186237
1-47244,131.112988296,53.4877897167
1-47248,131.883825158,53.9052505941
1-47256,132.017059326,54.0280227661
1-47272,131.793177175,53.8306081295
1-47290,131.381674782,53.9590028786
1-47291,131.167322871,53.9510738598
1-47302,130.414365036,53.28107758
1-47305,130.335246061,53.9386514555
1-47342,129.174890372,53.7272308436
1-47389,128.885441625,54.512370758
1-47408,130.466455938,54.9777089916
1-47409,130.407775879,54.9185714722
1-47415,129.242843293,54.5146530825
1-47429,129.951753285,54.5807703578
1-47432,130.058104484,54.6982113065
1-474540,148.052872873,17.5935599115
1-474573,147.970992603,17.6180320685
1-474575,148.017011702,17.8323085591
1-47463,131.287733636,54.9782636717
1-474677,147.520104103,18.3838358536
1-47474,131.497749561,54.4433559035
1-474807,149.760715864,18.1928788404
1-474825,150.04493465,18.201636494
1-474826,149.972700701,18.5969436416
1-474828,149.772557339,18.6543518727
1-474943,149.318387901,19.1142196186
1-47499,132.037588343,54.3099223112
1-47511,132.116344602,54.9529050508
1-47608,131.815007291,51.2458059073
1-47618,132.544738205,51.7753744061
1-47627,131.992758279,51.6010157977
1-47705,130.996444722,51.0902636663
1-47732,130.241723092,52.837270436
1-47765,131.614974049,53.0456399873
1-47862,133.027386529,52.932753386
1-47890,133.787581956,52.4704424298
1-47948,133.797966452,54.9282583451
1-480,147.869389391,-0.562736184747
1-48053,132.595016106,55.3787417276
1-48067,131.491155153,55.1360515981
1-48084,131.115209882,55.6285355083
1-481021,137.141121865,16.046560683
1-481051,136.823959453,16.6710315356
1-48111,132.465646765,57.1437279024
1-48116,132.653991697,57.3596675436
1-481249,136.366048412,17.4442118398
1-481264,136.483042507,17.4936819612
1-481286,136.879086591,17.294706549
1-481320,136.806732477,17.9158050528
1-48136,132.912768243,57.1074235568
1-48157,133.371090612,57.5984251446
1-481671,138.326223711,16.195520721
1-481779,138.061231083,16.8269378554
1-481814,137.360302214,15.8051205897
1-481824,136.911357468,16.592609351
1-481860,136.743567831,17.9637780918
1-48188,133.685669869,57.4802503218
1-48189,133.87809679,57.5645448676
1-481936,137.927314247,17.7621856809
1-482004,138.49517417,17.9448042013
1-48201,134.193923352,56.7867469988
1-48208,134.008123053,57.3909643699
1-48223,134.910466734,56.8788941639
1-482554,138.553152091,16.7423255072
1-482580,138.336228004,17.6410243526
1-48410,132.977743439,52.9008813541
1-48437,133.170095057,54.4342057094
1-48450,132.261525293,53.8385113934
1-48460,133.582797957,54.4577674574
1-48535,134.67238225,54.2181381903
1-48545,134.599442853,55.0548607803
1-48557,134.799768325,54.0430518087
1-48558,135.056985934,53.9179757085
1-48560,135.090515525,54.052243777
1-48586,135.163909371,53.9832458326
1-486227,165.961961091,23.0064881017
1-486243,166.01663,22.6354
1-487046,165.892833771,21.0494711718
1-487099,164.577244988,21.2337410905
1-487130,164.447297813,21.2334302122
1-487164,165.187846805,22.2877536136
1-487185,164.682536052,22.0113652519
1-487267,166.329122293,21.6201296002
1-487272,166.35568129,22.6211668773
1-487293,166.75565,22.29621
1-487329,168.299195738,23.257760236
1-487383,167.11375,22.61958
1-487432,166.808724994,23.0192444293
1-487449,166.739672453,22.8357972157
1-487452,166.631357674,22.7776296404
1-487488,166.62546171,22.924043303
1-48760,135.796438135,54.0643274543
1-48772,135.343375731,55.0407632279
1-48773,135.236514547,54.9545115782
1-48805,135.420700689,56.1050201185
1-488464,167.222492762,21.4137701461
1-488469,167.380590889,22.4280050325
1-488526,167.509279042,21.9821746509
1-488532,167.42166038,21.7403753122
1-488575,168.457073202,22.8106781091
1-488620,169.684933409,21.5641842202
1-488700,169.243276644,23.1917783127
1-488706,169.364329612,23.3467272252
1-488712,169.299256773,23.5856597108
1-488783,168.096445877,23.1691817559
1-488790,168.375102601,23.1770062118
1-48884,135.605853216,55.6092288245
1-489642,171.578059883,21.0962357672
1-489648,171.748834197,21.1416757174
1-489649,171.954826807,21.3861029393
1-489766,169.491196678,22.5029735109
1-489814,170.444339768,22.4808155529
1-489846,170.678746873,22.2607085632
1-489877,171.334256742,22.7327376364
1-489884,171.251490671,22.514180073
1-489927,172.023326844,23.4292407086
1-489932,172.512499091,23.463632617
1-490045,171.103882174,23.6486056244
1-490074,170.572604703,23.2773071243
1-491045,172.833530941,21.424677921
1-491047,172.143172769,21.0106965128
1-491058,172.428587544,21.2600297251
1-491063,172.481780272,21.5178783791
1-491075,172.281977904,21.5860088575
1-491095,171.96642307,21.4092051085
1-491140,171.187927606,22.8719360936
1-491193,171.521625208,22.0571410858
1-491200,172.246907998,22.9599058459
1-491218,172.351680684,22.4003590456
1-491220,172.171842047,21.8469437624
1-491225,172.682670654,22.3635385076
1-491229,172.607537655,22.2165297033
1-491233,172.563988015,22.9920100593
1-491441,172.16444668,23.670900821
1-492524,172.423883628,21.624841878
1-492536,172.787029744,23.057180441
1-492564,172.57341991,22.2130216028
1-492617,173.766095443,22.5151645563
1-494,147.493694476,-0.883133459889
1-494684,178.474223049,22.0356704467
1-495018,178.351547812,23.0708937679
1-495023,178.253949759,23.0398802873
1-495026,178.229046227,23.1104293846
1-495351,179.380318053,21.2256424299
1-495356,179.463462508,22.258096769
1-495360,179.561883968,21.8997431582
1-495366,179.176154511,21.2432110265
1-495379,179.08441274,22.1921199668
1-495383,179.294527035,22.2961693069
1-495795,178.764490254,24.012521948
1-495825,178.516676892,23.3398305632
1-495856,178.177492273,23.704387854
1-496457,235.641508109,10.5730492924
1-497602,239.080430196,9.81542601808
1-497670,238.203465211,10.1865955853
1-497686,237.095073048,10.8191166353
1-497734,236.859597491,10.2827048305
1-498583,238.511371902,10.6234822875
1-500485,246.541370455,13.5260489534
1-504663,149.045387801,16.7931915464
1-504694,149.365680476,16.7456529588
1-50472,44.5428346492,-8.95538297428
1-50480,43.943883293,-8.40880774285
1-50515,43.2150088708,-7.97165223202
1-505218,149.750927326,17.8171406699
1-505223,149.269959506,17.6162234928
1-505239,150.212382551,17.4097351456
1-50529,43.3520007983,-8.87881317257
1-505301,150.267752951,17.0701283297
1-50537,42.9848765783,-8.37704983026
1-50542,43.0975056849,-8.51039014523
1-50577,43.0551098121,-6.76488596809
1-50607,43.1620244157,-7.3159057948
1-50622,43.5219976469,-7.34507071933
1-50628,43.297016234,-7.53251485588
1-50641,44.1449456196,-7.11981395605
1-50666,44.4928741137,-6.69840791282
1-50669,45.1155381689,-7.30055506089
1-50801,45.1052926568,-8.27625811308
1-50814,44.7458039287,-7.30034111862
1-50963,48.795072435,-7.49882838705
1-50971,48.2675001154,-8.39856643059
1-50982,48.5906199656,-7.73068781901
1-51001,48.1547061757,-7.57284750417
1-51008,48.0278668654,-8.23257808012
1-51079,47.9334584581,-6.36524860738
1-51113,48.3812349497,-7.28363035877
1-51118,48.6705162238,-6.7762403996
1-51120,48.5958035273,-6.76390745674
1-51128,48.5615118623,-6.08637900825
1-51136,48.9109712372,-7.07881660757
1-51165,49.5102526229,-7.30318484089
1-51296,50.4165865382,-6.63561467704
1-51314,50.8524187376,-6.68755808668
1-51315,51.0105184663,-5.93439614255
1-51326,51.1805844406,-5.99064155446
1-51327,51.2570216711,-5.7457892243
1-51329,51.2982598192,-6.1809464008
1-51332,51.3574747489,-6.43609302549
1-51336,51.5266523873,-5.99953842045
1-51348,54.2117981447,-7.61414026475
1-51369,53.4950958044,-7.14072675714
1-51378,53.3039848288,-7.54959681334
1-51387,53.3728130918,-7.55241140983
1-51397,53.4073001262,-7.28883236844
1-51414,53.1331123591,-7.63118319823
1-51430,52.7035672742,-7.04673627236
1-51436,52.6672630629,-6.97310691598
1-51521,52.3316295588,-6.47793822628
1-51523,52.8517851839,-5.54504975854
1-51539,53.0839978847,-5.95360983852
1-51568,53.0943122511,-6.31096730714
1-515765,35.7594398414,-0.143668052616
1-51610,53.6470138389,-6.20335936734
1-51612,53.9427870315,-5.87943611564
1-51616,53.9793380197,-5.95377553873
1-51621,53.7416858639,-5.81478015083
1-51623,54.3849739512,-6.48727947106
1-51631,56.3970975171,-7.3842910479
1-51634,56.3406195882,-7.37837788085
1-516559,180.115747653,23.6253853278
1-516580,180.254523622,23.7248762743
1-516581,180.287335594,23.4640037645
1-51660,55.5390442103,-7.43796958254
1-51668,55.7745055316,-6.77932933658
1-51706,55.2271191319,-6.67337753177
1-51725,54.3975084057,-6.49586592989
1-51727,54.2381795147,-6.81340772291
1-51739,53.95051,-6.71766
1-51755,54.1229134797,-5.73101598175
1-51766,54.5540461172,-5.54040435712
1-51767,54.6375842223,-5.46721414363
1-51776,54.5106672475,-5.93238324841
1-51779,54.5338713078,-6.1414386007
1-51799,54.6621289041,-6.16993417215
1-51810,54.904965246,-5.63293280732
1-51813,54.8953922903,-6.03886980922
1-51826,55.1306220065,-6.43992508834
1-518536,196.117784304,23.5750243657
1-518572,196.337971156,23.0955892341
1-51886,58.4856337033,-7.07295391828
1-519271,203.430234146,21.4381631707
1-51938,57.6990284001,-7.02878655356
1-519381,203.560641752,22.1827649627
1-51939,57.7295749472,-7.06064700684
1-519393,203.106674331,22.5586895714
1-519407,203.738651909,22.583066234
1-51941,57.9810771081,-6.62948614925
1-519412,203.777234063,22.6618333429
1-519429,204.011832456,22.6337302011
1-519444,204.480302359,21.710255127
1-51949,58.0524382595,-6.34894452322
1-51968,57.726601324,-6.73140945314
1-51970,57.9008365797,-6.45482973828
1-519705,205.717244807,22.126968058
1-519706,205.548609157,22.2691540173
1-519707,205.782134401,22.1758149643
1-519720,205.883449883,22.4979523679
1-519738,206.514715269,22.1188427337
1-519742,206.612456043,22.0767419456
1-519746,206.537552071,21.8943036757
1-519907,179.644646289,24.1171593553
1-52037,56.3476788326,-6.45912777954
1-52169,58.16605547,-5.67800955981
1-521740,194.194529682,25.4981007351
1-521847,195.726802267,23.6571572508
1-521915,194.79752316,24.022288871
1-521918,194.689978172,24.2339925635
1-521998,195.061674988,24.4676587176
1-522006,195.77407,25.47504
1-522048,196.361826695,25.1910488195
1-522062,196.563009952,25.460558321
1-522063,196.436000645,25.3851053157
1-522064,196.494606857,25.46570176
1-522093,196.65173277,25.429679605
1-522145,198.222943565,23.6346297839
1-522187,197.689647684,24.0815629563
1-522189,197.468998373,24.5604575235
1-522216,197.091969496,23.5210696978
1-522231,197.010710839,25.3063939244
1-522240,196.640745996,24.96283348
1-522278,197.429161173,24.6713172643
1-522297,197.77093693,24.667687778
1-522568,200.392058054,25.5162302268
1-52259,59.4110385941,-6.27467949195
1-522651,201.513530444,24.5829372785
1-522679,202.188787997,25.0885239796
1-522735,203.972100817,23.7573407896
1-522742,203.489293607,22.4175505533
1-522749,203.653588544,23.1204111228
1-522789,202.90050397,23.3140787608
1-52284,59.1725761136,-5.78350585754
1-523004,206.627529147,22.7060191923
1-523027,206.400824575,22.9950286802
1-523031,206.626565064,23.0971895713
1-523032,206.479717032,23.0635548317
1-523033,206.630975904,23.1221362578
1-523039,206.658532827,23.1961145891
1-523050,206.313852837,23.3165126883
1-523056,206.359679671,23.1201165335
1-523057,206.317357141,23.2189703948
1-523058,206.235574258,23.0961699039
1-523065,206.21346966,23.0215233924
1-523085,205.373570269,23.1669644206
1-523105,205.041630791,23.341080523
1-523108,205.289299982,23.2779276984
1-523117,204.90589,22.99459
1-523154,204.597124931,23.9721453602
1-523167,205.213158666,24.4733117249
1-523178,204.999064635,24.008089843
1-523188,205.326216402,24.4962006646
1-523203,205.658931144,24.4650614544
1-523206,205.543171514,24.5579164178
1-523211,205.690424787,24.5900537916
1-523221,205.560555214,24.3022787061
1-523238,206.144236809,23.7966101545
1-52357,58.9569888135,-5.29266877331
1-52367,58.813712711,-5.34436616239
1-52368,58.8867302008,-5.3679449106
1-52462,59.5806067206,-4.7304828676
1-52494,60.0838039859,-5.58524415766
1-52554,62.9492551871,-5.91988380733
1-52578,62.5044541346,-6.66563743164
1-52588,62.4258562524,-6.31556310132
1-52590,62.5263776999,-6.05165416151
1-52600,61.9899804473,-5.91512099124
1-52602,62.2566109637,-6.17958255371
1-52603,62.1623175851,-5.65941825471
1-52637,61.8480353206,-6.68645241484
1-52660,61.4532623945,-6.32383706666
1-52677,60.859332895,-5.49184226806
1-52701,61.405962359,-5.31528176831
1-52720,61.6808056016,-5.11472389447
1-52782,62.9744205786,-5.13731868184
1-52799,132.575685553,0.0593594320599
1-52814,132.711264883,0.373292482472
1-52826,132.506703434,0.225763019316
1-52855,131.634354364,0.307448558235
1-52936,131.11854344,2.06393315378
1-52964,131.358951225,2.15056960511
1-52981,131.691826532,1.83082529462
1-52986,131.406485198,1.60666327635
1-52991,131.383579359,1.29337429038
1-53,146.6957235,-0.286951226773
1-53004,131.739702549,1.07356623465
1-53020,131.814555077,1.89557714742
1-53025,132.117773781,1.39725553829
1-53028,132.035476549,1.56605373887
1-53060,132.387849075,1.72803042836
1-53066,132.683673156,1.29938672517
1-53093,133.976155571,0.853060628868
1-53118,133.494549102,0.35004036322
1-53120,133.535519558,0.498575749456
1-53123,133.518356818,0.853219180097
1-53172,132.167564387,1.03879869312
1-53178,132.679525546,1.35070562856
1-53198,132.803665792,1.06192681901
1-53212,133.650006846,1.4350303979
1-53217,133.617493901,1.20203192978
1-532459,206.830271013,21.8338378511
1-53257,134.520595227,1.15375662168
1-53278,135.70510525,1.02061777146
1-53282,135.477955255,1.17194756299
1-53288,134.619164107,0.0234601988079
1-53292,134.83685142,0.861723129285
1-53327,133.780930473,0.811566056917
1-53328,133.948604956,0.794302784007
1-53340,133.652534765,0.642573944
1-53356,133.505767787,0.558987867713
1-53392,134.404403846,2.23944449461
1-53417,134.738145566,1.43824828116
1-53488,136.737474378,-0.12360143248
1-53500,136.407724544,0.00330191837357
1-53536,135.21264097,1.16110632451
1-53544,135.43843,0.52181
1-53618,136.958612561,1.02806424508
1-53622,137.226556629,1.43252679911
1-53646,136.464626061,1.13053158669
1-53653,136.004316677,1.45823320187
1-53660,135.931877088,1.65935186123
1-53662,135.769700462,1.13570133479
1-53664,135.74611368,0.831029365108
1-53681,135.467041919,1.9932814634
1-537081,206.948871986,23.3672360055
1-537083,207.003783262,23.6617873007
1-537118,207.781126402,24.0182336685
1-537120,207.608226059,23.4569337341
1-53753,137.828824317,2.01902291158
1-53854,137.126302684,0.205685992534
1-53870,138.068277714,0.932291576054
1-53880,138.151260682,0.309491009543
1-53883,138.061748008,0.311786433012
1-53885,138.017963726,0.421797930147
1-53897,138.890577861,0.317310359999
1-53916,139.357446976,1.28834321419
1-53952,140.138730952,0.721057981925
1-53954,140.009042427,1.03830336226
1-53968,140.292939675,1.47274088487
1-53985,140.065052015,1.28884026262
1-53987,139.925621433,1.32580919267
1-54001,139.641419591,1.34374859847
1-54008,139.74081873,1.14891710836
1-54080,140.293468411,2.20121341806
1-54115,140.805132647,2.06006035127
1-54129,141.026997849,2.08251109398
1-54225,140.652398683,-0.409026807104
1-542308,232.563356848,56.8321970586
1-542312,246.431760677,49.314241062
1-542318,245.248313831,49.0017772161
1-542327,245.52464666,50.0168474993
1-542351,244.460235763,49.7467294539
1-542358,245.089656802,49.9434910924
1-542370,244.554023309,49.8684236306
1-542375,244.298422082,49.9643976441
1-542392,244.216716794,50.2821959759
1-54240,140.372732157,-0.268860484044
1-542414,243.491999412,49.1896131831
1-542421,242.900847302,50.2315423382
1-542464,244.721465387,50.4328644768
1-54258,140.192444114,0.604565983515
1-54313,141.440478727,-0.113960101805
1-54314,141.583919955,0.457419463447
1-543357,250.282342494,27.5125620984
1-543376,249.177233775,26.5586605666
1-543394,248.85382038,26.6093757616
1-543413,248.823830476,27.4495137309
1-543416,248.934468071,27.4868801763
1-543446,248.25398312,27.5934144346
1-543567,249.64812325,27.7925932479
1-543583,251.051592122,26.7347799246
1-543595,250.892815906,26.6137526433
1-543596,250.922836535,26.6026056828
1-543598,250.262038974,26.1513082326
1-543599,250.280542488,26.0608477311
1-543647,249.47073,26.26134
1-543667,249.090414766,26.5070025857
1-543686,248.76105596,26.5427058984
1-543758,249.698899255,27.9071950943
1-543765,249.434108584,27.0921024388
1-543810,249.997480544,27.198914856
1-543868,250.741812516,26.8734222643
1-54435,142.567242731,1.46325838223
1-54457,142.149234095,1.57855330659
1-54471,142.169849807,0.330616679139
1-54482,142.13767,0.29198
1-54492,141.686353761,1.15429681512
1-54497,141.596842172,1.58176565935
1-54506,141.123598297,1.21203549842
1-54515,141.617532291,2.30029281608
1-54539,141.447773288,2.08960233347
1-54558,141.845740743,2.1356121571
1-545611,149.025073314,46.1524789611
1-545621,147.855076094,44.9236649059
1-545654,147.267073015,45.4445460535
1-545674,146.833868313,46.6100967837
1-54576,142.473127056,2.28036169766
1-54586,141.921452471,1.89959942368
1-545946,241.625467707,18.5876454422
1-545967,241.468442331,18.2204981694
1-54602,142.421556777,2.20557617386
1-54606,142.359262489,2.07070953407
1-54623,142.587832049,2.13440066582
1-546250,241.791140641,18.6412608183
1-54629,142.654594191,1.99567941828
1-54632,142.515613553,2.01740201518
1-546345,244.266289403,19.0074466438
1-546482,244.167404175,18.9196186066
1-54655,143.501509872,2.47729699669
1-546805,257.293555991,36.1088382177
1-546807,257.427432616,36.4149520409
1-546813,257.449428169,36.5372484437
1-546816,256.87409035,35.9242908278
1-546818,256.933924753,36.3925528522
1-546819,257.001371126,36.344420816
1-546834,256.673485648,35.8695849617
1-546873,255.848476565,37.6324692415
1-546894,255.979555141,37.3248749067
1-546912,256.152916515,37.0075949241
1-546965,257.927282839,34.2122814365
1-546966,258.147220889,34.6924712445
1-547018,257.57418,34.24076
1-547039,258.004155923,34.9611591596
1-547086,257.383688857,34.4270318778
1-547106,257.251841333,34.9047960709
1-547107,256.565805366,35.417154988
1-547120,256.630133312,35.6276760382
1-547131,256.693741552,35.6581841036
1-547135,256.77565585,35.6399780306
1-547143,256.886574706,36.4510392156
1-547159,257.630659313,35.5067353239
1-547180,257.594301768,36.3396030958
1-547185,258.103581815,35.4455165239
1-547191,258.118528764,35.8840862863
1-547210,258.190223742,36.2788557572
1-547290,259.246928781,32.2458860679
1-547295,259.183519785,32.8062648984
1-547339,258.582463596,33.5488846369
1-547341,258.608624405,33.4206894407
1-547375,258.592168246,34.6612451934
1-547402,258.495841161,33.6071374989
1-547403,258.197267827,34.0874144618
1-547415,259.055395852,34.0554132389
1-547418,258.624775411,33.9022834592
1-547433,258.99197773,33.6434930207
1-547531,260.957246168,30.6903668009
1-547535,260.967765843,30.5558579597
1-547544,260.739465942,30.6613082279
1-547548,260.66638186,30.8812701774
1-547551,260.631430799,30.5569908016
1-547552,260.568663328,30.6470795169
1-547564,260.460489787,30.7015547869
1-547565,260.534243071,30.6938589099
1-547568,260.53393232,30.7687374581
1-547579,260.828730539,30.0315522434
1-547594,260.227093982,30.7364066847
1-547596,260.479394187,29.8464327788
1-547620,259.396719652,31.5575309603
1-547621,259.206451327,31.7557527858
1-547738,201.940392109,54.7991826521
1-547744,155.251009018,36.1518454582
1-547747,46.0024519126,-0.760340598224
1-54784,143.372410045,0.659125184084
1-547851,29.202113954,-0.212564848
1-547903,37.5298354344,-0.723111692308
1-547926,39.6055085285,-0.18840466386
1-547999,110.517196768,42.4213792365
1-548001,111.037340537,42.9193141439
1-548004,111.499296804,42.0166799187
1-548024,111.733682055,41.0266910782
1-548025,111.936858786,42.1015119728
1-548033,112.003440278,41.9187683491
1-548036,113.08644382,43.6007728528
1-548074,114.394019718,47.4639579264
1-548075,114.767592195,48.1290854981
1-548080,115.767844167,47.4159585016
1-548082,116.753218496,41.5260927865
1-54809,143.971941073,0.875928769675
1-548135,117.953854063,46.1928605658
1-548136,117.302592541,45.5102739714
1-54815,143.54368062,0.257897356966
1-548157,118.359600724,50.2284207566
1-548172,118.62324853,51.4676576627
1-548180,119.75402668,52.6774518115
1-548190,121.334138491,46.7165300829
1-548191,121.176140473,46.7334239537
1-548194,119.197952383,45.8878597818
1-548196,117.776020185,47.3333526281
1-548199,118.85585368,48.4384160642
1-548200,120.660864187,48.5391937884
1-548221,118.540695668,48.7088977665
1-548285,126.273855021,47.1543864972
1-54829,143.809751439,0.409143674679
1-548290,124.681368815,47.0492168183
1-548300,124.327275189,51.0797307534
1-548302,127.890301738,50.5093419368
1-548314,125.786334999,48.6194340881
1-548337,121.807476863,51.1547899704
1-548340,122.628173694,53.0055708528
1-548341,123.506197264,52.7524552391
1-54839,144.16627,0.40716
1-548398,38.990050687,-1.24038045282
1-548401,37.8695385427,-0.210313896642
1-548428,122.2768863,34.7247236733
1-548430,122.056621702,34.5382142602
1-548609,120.190844156,37.7404339524
1-548613,117.865171555,37.2927090689
1-548617,119.97015,38.22257
1-548620,120.275505308,34.8191127944
1-548622,119.279384699,35.9796796497
1-548626,120.557870585,37.1500762169
1-548633,122.002816483,39.162972817
1-548636,120.79920551,39.8857713679
1-548639,121.370110164,37.557853221
1-548653,124.081460465,41.7162393192
1-548687,134.108431642,2.22802476184
1-54873,145.061356734,0.709215885617
1-54886,146.108151317,1.42935321693
1-54894,145.479649106,1.31873762518
1-548979,240.893366017,24.9315379909
1-549008,237.046092646,26.9283740153
1-549010,237.571531977,27.2678363625
1-54904,145.000153877,1.10622628384
1-549071,235.032076794,28.1522645521
1-549076,232.235140189,28.2895513031
1-549165,198.767281936,1.52899784269
1-54920,145.315957023,1.52365645326
1-549301,223.396117312,0.010389253857
1-54939,144.43356985,0.923221019834
1-54940,144.536722195,1.44916115902
1-549479,203.844927299,0.295991789152
1-54970,144.025617854,1.46074122874
1-54979,144.169753026,2.70357082064
1-54999,143.999404537,2.46283299157
1-55037,145.163894791,2.48990023939
1-550578,324.833648832,10.54076696
1-55065,145.65237,2.5711
1-55075,145.657043911,2.09254870044
1-550782,251.605155457,19.769592709
1-550792,253.34035656,23.4496246726
1-550824,246.316971813,22.481427488
1-550831,253.587216023,26.5645009287
1-550860,249.398119407,25.2942893786
1-550868,250.113991134,28.5471763928
1-550883,250.315999063,26.8658331657
1-550887,318.552839676,-0.554014175146
1-550893,318.926021217,0.384003651977
1-550901,321.00791167,-0.366323610281
1-55091,146.22611,2.46536
1-550913,321.443159095,0.93108017
1-55093,146.043302243,2.4102952732
1-550945,324.284907394,0.446418472371
1-550950,324.806202159,1.23162471924
1-550979,329.267461,-0.223457
1-550989,332.452246977,0.829313388405
1-551011,336.040905634,0.325989912036
1-551029,338.799844515,-1.14719993434
1-551031,338.690226827,-1.08228162415
1-551039,336.777009443,-0.144294343833
1-551068,341.17322364,0.627424456641
1-551121,345.921811451,1.043581797
1-551328,17.6594185025,-0.278070370084
1-551344,18.4430517249,0.305756424885
1-551444,31.81709,-1.01273
1-551474,38.860766,1.074517
1-55156,145.947980741,0.212021801696
1-55170,145.258629726,1.2915435748
1-55178,145.52860918,2.43443766688
1-55194,146.151861305,2.40086833392
1-55225,146.004661587,1.8736244001
1-55227,146.576064621,2.88434410359
1-55271,146.749731555,2.56144636703
1-55272,146.661268668,2.65891689461
1-55335,148.962814973,1.5781134226
1-55399,146.917386004,1.60013144439
1-55402,147.041120687,2.53940321363
1-554448,14.0671667233,-1.255351255
1-55480,148.343062393,2.67511861027
1-55513,149.335615835,1.91858456373
1-55529,136.623724313,56.7963948252
1-55552,135.818210094,56.6253848319
1-55567,133.330028009,57.0411553708
1-55572,133.12130257,56.112688488
1-55612,134.591498946,57.6849653262
1-55616,133.989966869,57.6779676669
1-556472,128.78634008,29.7092884241
1-55648,136.017159969,57.0923291779
1-556492,121.701226274,28.421494452
1-556494,121.100052838,29.5142641788
1-556498,117.570349824,27.8569928312
1-556499,117.325283228,28.4734871353
1-556501,117.045741199,28.2302750745
1-556506,116.2774589,28.7575198551
1-556514,117.475381572,29.4681369517
1-556516,117.481133465,29.420208304
1-556523,118.885635274,27.7361588241
1-556524,118.495187718,28.050214348
1-556525,118.05450372,28.7585095092
1-556527,118.378262546,28.3140623488
1-556549,115.309868255,27.6140465302
1-556577,119.289978407,26.6486026731
1-556583,117.104737946,27.5752477768
1-556677,120.410415749,24.432443345
1-556679,119.977423473,24.4104483764
1-556680,119.97734353,24.0113327007
1-556689,120.328458286,25.2898222233
1-556691,121.430535847,25.4530576312
1-556699,117.080807716,23.2383743219
1-556703,126.859991981,23.5687748517
1-556714,125.227739446,23.7292001251
1-556749,120.016894298,23.4378486088
1-556776,125.370195868,23.0663574577
1-556805,118.64175884,20.0618811624
1-556811,119.68348,21.79988
1-556819,124.995201982,21.0662200516
1-556820,125.505931857,21.3428752484
1-556821,127.743969279,20.7740864351
1-556829,117.505029755,19.4959146332
1-55683,137.041133755,57.4236117812
1-556831,116.952039189,18.7831449727
1-556851,120.551314576,20.0758618609
1-556855,121.955914895,20.061749843
1-556947,121.128736832,15.4838097789
1-556959,118.521918682,14.6200482639
1-557063,118.299461052,12.630313753
1-55784,136.75137451,57.4514369241
1-558115,157.915763497,35.0928896362
1-558139,155.62506779,36.5993120344
1-558143,156.902255355,35.8807414643
1-558175,146.478228917,43.046704506
1-558242,137.06962848,42.1641416054
1-558247,138.02732196,42.9545996238
1-558248,139.193150453,42.5067799907
1-558442,157.624183043,43.24218602
1-558471,139.210480886,43.7186753657
1-558592,28.9773338942,14.8215751452
1-558599,27.0203592703,13.8006904017
1-558603,25.879951208,14.3971135677
1-558624,27.3354302375,13.0145432073
1-558630,28.4430926434,12.8804488583
1-558675,23.4100430295,13.1572081684
1-558772,22.4554654995,14.0047355588
1-558910,166.673548803,42.8116751949
1-558912,166.129407835,42.6245544187
1-558926,140.411419824,43.7261523203
1-559020,193.894276074,42.3482796776
1-559041,203.035268602,40.4999081255
1-559049,207.45444,40.53743
1-559109,228.91250272,31.9422487555
1-559120,235.283152429,28.891831998
1-559146,240.348592379,26.1161447897
1-559149,239.923732494,26.4995232647
1-559150,239.689278518,26.6476654705
1-559153,240.516557255,26.9608482293
1-559154,240.670746876,27.2074030499
1-559157,238.670837068,28.1916353811
1-559160,237.450887137,28.6604231542
1-559171,243.638262606,25.0803261951
1-559242,146.302817325,1.52322736592
1-559294,143.414206522,1.63002701199
1-559745,220.859977185,4.38563339624
1-559752,219.045941031,3.35426657131
1-559761,218.934888483,4.99307980248
1-559875,128.514748217,3.27310442826
1-560065,141.347424836,4.50906861972
1-560087,147.402764159,4.11628565631
1-560311,157.733959873,5.93136162735
1-560323,159.777613019,5.20977271614
1-560327,159.136150602,5.55676086143
1-560357,225.780368724,7.9656680676
1-560522,145.252349441,5.57521162199
1-560594,228.383137065,7.52130454562
1-560607,240.050667537,9.88004414548
1-560666,230.722585278,7.35198295608
1-560743,243.280207071,31.2757830662
1-560758,240.894392173,31.8320898519
1-560759,239.913150309,31.7748148825
1-560826,236.165732503,38.4253570829
1-560832,234.44816,38.2756
1-560834,234.553977499,38.1741876812
1-560933,254.021313773,34.0498523927
1-560934,252.327042325,34.2683643362
1-560941,256.808472226,34.5710176062
1-560942,255.930344069,35.4409424686
1-561014,254.933111847,32.615325459
1-561016,258.386122445,33.1530376938
1-561017,257.532896417,32.294166029
1-561020,256.791953979,34.2697504313
1-561034,257.4913757,34.3701533513
1-561039,258.271094875,35.2686155772
1-561117,256.283191079,30.4032159802
1-561231,260.48385994,30.8132357502
1-561297,246.669962882,27.7775454467
1-561319,241.883189596,27.3708483707
1-561324,243.618355403,28.2919301552
1-561325,243.046924778,29.5741100762
1-561331,243.237336465,30.7707197547
1-561335,239.198942144,29.7744777798
1-562158,333.485336924,12.8064858055
1-562167,333.188662609,13.8630647826
1-562168,333.436010581,13.9938863338
1-562230,344.288077431,13.188324278
1-562241,345.068002242,13.5941720385
1-562254,333.150735039,11.7508902582
1-562312,339.390116607,12.5143534196
1-562804,332.239504601,11.881474292
1-563754,17.5053729074,13.9320824998
1-563761,15.8255560545,14.0376624459
1-563762,15.4717846345,14.5738836456
1-563951,19.3721149848,14.7025203426
1-563982,19.4345021527,15.6259070706
1-564239,133.79826156,53.8283216245
1-564242,131.944887588,54.0266684063
1-564264,129.098768324,52.71498226
1-564429,131.944246223,24.9128317063
1-564477,253.887902479,38.0648443937
1-564482,251.760581837,40.1439657347
1-564483,252.927152005,39.2358329891
1-564486,250.315558405,34.3580571782
1-564487,243.259025941,39.2371298692
1-564490,247.164522584,40.1237151868
1-564521,251.141802269,38.9205042448
1-564535,251.314150325,34.6397412596
1-564536,251.222868491,34.1754945172
1-564537,251.815380745,33.9324145967
1-564539,251.736451177,34.1555283805
1-564540,251.979470135,33.9576156772
1-564581,250.29375611,29.050756407
1-564585,249.101564018,29.3379866482
1-564591,249.278215135,32.9002266179
1-564644,237.247939275,8.90992382552
1-564656,236.659864322,8.47482951954
1-566330,225.058409468,11.2177256866
1-566335,226.282797597,8.10735412698
1-566344,224.561494414,8.3223705982
1-566397,226.991869964,8.2052151136
1-567155,137.377511499,45.9523523666
1-567184,145.773946457,48.4196808307
1-567185,145.608878979,48.6144388411
1-567187,145.530849239,48.1548737786
1-567244,136.196794615,22.0284799156
1-567284,138.101689671,29.0034030132
1-567299,148.052530993,18.6998254124
1-567397,145.267159186,34.7328785678
1-567443,140.454724718,31.0160315637
1-567448,139.583693994,30.4044822425
1-567457,140.845540619,33.0096632723
1-567465,135.694804542,32.7751067114
1-567948,113.284972917,44.5509699475
1-567961,119.846409974,53.6354140406
1-567968,121.585656797,55.4623425076
1-568541,195.59678234,24.0291508953
1-568564,198.809496825,26.8515209258
1-568566,198.260390445,25.953825952
1-568570,202.903672542,22.2010078084
1-568582,205.419200168,23.1890214792
1-568583,205.355710988,23.2474871744
1-568584,205.282730985,23.2820554311
1-568594,202.814145386,25.9829332419
1-568611,206.264017844,23.0613421848
1-568615,206.972769752,25.5670000174
1-568619,207.079727152,25.1338443212
1-568624,205.129395034,26.3073566696
1-568627,205.454710912,26.373482194
1-568997,249.838946627,45.0992039766
1-569034,244.641620293,45.7426365079
1-569042,246.561043903,46.3708377365
1-569063,235.279379723,46.1022601899
1-569072,238.141414586,46.3399286819
1-569074,240.226530062,45.4235651863
1-569077,242.034014667,42.9905995551
1-569095,249.558610758,41.9388102427
1-569098,247.919084023,42.4487469746
1-569114,249.079028876,40.4226964568
1-569116,250.181213474,40.4146659206
1-569130,231.980226647,45.6753310749
1-569138,233.228291256,44.5387324245
1-569155,244.329704001,41.4367665237
1-569162,244.15763746,42.4488084008
1-569166,247.185104669,39.473838506
1-569169,247.048170623,39.8218982679
1-569170,246.884556893,39.5706765419
1-569171,246.933401656,39.5429894943
1-569177,247.104082954,41.1684537291
1-569178,247.476832176,41.6045233565
1-569199,234.760164534,43.320575499
1-569204,235.787455704,42.1665491253
1-569214,240.755938916,39.6452629292
1-569216,240.960024301,41.5218602856
1-569225,213.432186232,43.6624813137
1-569263,216.731509458,42.0960470482
1-569313,254.311347374,40.7108719711
1-569442,3.92324139404,14.6890800942
1-570432,356.7883506,15.5967655345
1-570482,346.610228833,14.4458142323
1-570488,343.896127092,14.7418377948
1-570530,349.163590003,15.587864686
1-570532,350.261521351,15.2224591324
1-570537,352.62585601,13.9056283772
1-570549,351.083713465,14.6471307237
1-570555,351.72493258,15.725225649
1-570556,351.646217549,14.9011099826
1-570592,358.02056977,14.0461121041
1-570609,356.904987318,14.4723732257
1-570629,345.319135799,13.0505876962
1-570633,346.568842606,14.429031372
1-571888,5.14104042602,15.6294145513
1-572184,7.51466733261,15.385126017
1-572558,9.72741001559,15.685613758
1-572738,11.755689975,15.4943541088
1-572748,12.6149686884,15.9365312883
1-574355,248.788258728,46.213894535
1-574361,247.085172003,48.2144891104
1-574402,115.368719754,44.4087940076
1-574504,123.820325773,46.0752533433
1-574506,123.330544326,46.1471565611
1-574519,127.178093813,45.7425550277
1-574686,168.378001543,23.304901593
1-574691,173.086452708,22.630161434
1-574775,169.667027268,22.5773898446
1-575104,186.074576248,32.1461673549
1-575151,195.24691982,27.8998323789
1-575184,195.81226109,31.329650785
1-575186,196.308988768,31.9996944093
1-575202,201.003014362,30.4612039592
1-575209,200.120280018,31.3519930682
1-575215,204.881352663,29.3577088319
1-575229,201.980352609,30.3759784543
1-575232,201.105947287,30.9592888955
1-575668,189.397995312,44.801017021
1-575704,197.891833505,44.9330782011
1-575726,198.958903853,46.3388300034
1-575733,201.560998184,47.3003378894
1-575737,204.08396698,42.0407521765
1-575738,204.111415015,43.0150799233
1-575741,204.194313552,43.8413756088
1-575742,204.159811033,43.7594120678
1-575744,202.302980108,44.9621600576
1-575756,209.186609738,44.9032727281
1-575771,209.270729549,41.8462774355
1-575778,208.773681082,42.9473604228
1-575788,185.599610954,42.7228523584
1-575796,191.493278418,45.1990128526
1-575826,186.390313938,46.0671505696
1-575838,183.126549322,45.6854504505
1-575845,181.827576407,46.7275255533
1-575847,183.403568678,46.4939291513
1-575898,168.377035103,44.6659410536
1-576021,187.435498458,51.6223065642
1-576022,188.20219932,50.2717456639
1-576031,180.980700649,50.8727225612
1-576051,175.697423482,48.8197855859
1-576061,192.243297651,55.0355148006
1-576076,187.442157325,53.3217624783
1-576079,182.273026767,51.417038812
1-576083,183.575710733,52.9413010253
1-576094,180.227756746,51.9774654935
1-576106,173.496785152,49.0620287376
1-576127,168.532451815,47.8043091248
1-576146,170.461723946,48.0792542418
1-576162,178.025946425,53.3112227907
1-576172,174.993504966,51.1513445994
1-576181,172.631255396,51.4559385954
1-576182,172.443012084,51.2457080513
1-576188,169.475782191,49.5933752164
1-576224,165.59874549,50.0944615934
1-576235,163.433876181,49.4988684961
1-576267,240.327467612,53.2795003771
1-576269,240.367914805,53.9364085499
1-576292,225.691342696,53.5121697087
1-576294,224.41491734,53.0063352948
1-576303,227.454526526,55.0737416395
1-576315,241.325410354,52.120150906
1-576333,222.146717119,51.3855754913
1-576335,225.060531454,53.1008686514
1-576340,227.761295288,52.0500422319
1-576342,230.506682547,50.1746417485
1-576412,222.221617871,47.5389419193
1-576427,229.675248887,47.5512606935
1-576431,234.614073849,46.3083534137
1-576436,224.018183078,45.4052658652
1-576439,222.981012263,46.7484117581
1-576448,203.592458807,51.3465346212
1-576458,204.550586335,52.4295050825
1-576467,210.190318477,51.7286842269
1-576470,213.97036934,50.3237995532
1-576479,201.227247701,49.897904137
1-576534,216.524808416,47.5532080626
1-576535,198.907721526,47.9396336477
1-576537,198.141842919,48.3666138423
1-576544,198.291370576,50.5761006664
1-576550,195.624432506,49.9578255401
1-576551,195.5449831,50.2948609546
1-576554,195.683487792,51.3123524375
1-576555,195.750603538,51.3126570746
1-576558,208.775439052,53.216600642
1-576580,195.814339441,51.5158492314
1-576738,226.69712324,56.2910285792
1-576748,212.003281973,55.7294018674
1-577296,3.43656623429,14.6069264977
1-578295,10.35587,14.90674
1-579533,18.0579700658,15.2771252303
1-580438,22.52396,13.59877
1-580927,27.1395280776,13.4307521828
1-580933,27.1584491967,13.7690340594
1-580957,27.3962258412,13.0081669007
1-581166,28.74757,13.46772
1-581847,33.1765239477,13.9693830594
1-582042,34.7485323693,0.330017800119
1-582516,39.7141842507,0.508703016687
1-582721,42.326160518,-8.17494454345
1-583321,48.7073822864,-6.70449993118
1-583411,50.245414,-0.367683
1-583421,50.5102834779,-7.47418414445
1-583556,54.7585641468,-6.81106170035
1-583694,61.2300919858,-6.30480772667
1-584473,111.10794,38.945215
1-584598,115.22481,40.06964
1-584618,116.552730888,21.9958622028
1-584619,116.68564,26.741
1-584634,117.22209749,28.9016244096
1-584637,117.547457668,34.4152997422
1-584650,117.974205077,32.6587597763
1-584664,118.561466235,37.8457727252
1-584667,118.670467455,14.4064423749
1-584678,119.060993252,17.0202860988
1-584687,119.366690862,35.7204534274
1-584693,119.52021,47.30533
1-584701,119.777286932,27.4640123098
1-584723,120.405033787,15.709746523
1-584741,120.794194167,39.9060091745
1-584746,120.979182576,26.5206269031
1-584800,122.414897071,57.5246917727
1-584801,122.433990327,25.8816065724
1-584805,122.516968896,17.2685486855
1-584822,123.40504,58.1386
1-584830,123.648009414,55.1443120905
1-584862,124.47296256,23.4721789379
1-584895,125.21336812,21.0550608578
1-584896,125.293105731,39.263037569
1-584897,125.31636,44.33286
1-584905,125.453893616,56.2899230993
1-584931,125.87444,27.13638
1-584936,125.906990311,25.0201154818
1-585019,127.044445437,55.7124026352
1-585026,127.133214684,30.4054670089
1-585030,127.336807654,55.5189221527
1-585075,128.08267315,30.523320926
1-585149,128.949656177,28.753142151
1-585171,129.150905337,25.1370094145
1-585188,129.35373,24.88009
1-585206,129.520694425,25.3295052986
1-585207,129.529505167,24.8847627437
1-585210,129.54269228,25.0987933236
1-585221,129.68530197,43.547523434
1-585223,129.71088891,1.40502061325
1-585230,129.747018952,26.1369907096
1-585263,130.651363767,27.2701682973
1-585278,130.85869,3.61473
1-585282,130.948871015,0.838443014422
1-585313,131.891694458,29.7394833513
1-585315,131.91742988,25.8935181005
1-585349,133.472084382,32.3234951157
1-585433,136.671423992,41.3651069434
1-585474,137.970287028,16.2785060039
1-585493,138.39105,30.01429
1-585501,138.535200316,29.7422104324
1-585513,138.981378466,44.332760792
1-585543,139.945261377,33.7497574966
1-585546,139.995344971,0.961271468471
1-585579,141.06409,5.94114
1-585593,141.521160952,50.4383422459
1-585622,143.023205119,35.5386292315
1-585632,143.510354813,50.0274859311
1-585641,144.154987174,48.4743817436
1-585658,144.843313049,36.5745680881
1-585668,145.151611328,3.57702112198
1-585698,146.10779127,34.7023554655
1-585704,146.293094987,35.7776130412
1-585711,146.373498466,-0.365219518194
1-585712,146.44031,-0.97743
1-585731,147.148250231,33.4216194241
1-585742,147.492434513,5.52012829688
1-585744,147.5625,45.95731
1-585758,147.867176956,32.9436569737
1-585869,149.413814914,44.8974148749
1-586066,151.17068946,4.81820297683
1-586415,153.650893855,-0.887640757253
1-586481,154.4064,-0.77982
1-586486,154.419187615,-0.481650160624
1-586574,154.823301033,4.763065705
1-586585,154.858448521,44.4046813548
1-586641,155.326257614,-0.564552143181
1-586725,156.031939474,0.141932846237
1-586735,156.156852271,-0.868606908226
1-586856,156.93174198,1.19404715182
1-586863,156.966733085,46.0063699088
1-587077,158.354259513,1.02421579946
1-587194,159.469125208,2.38905383009
1-587259,160.228870157,5.99188959885
1-587628,163.26602265,4.63186720641
1-587908,165.45434119,44.4481335854
1-587930,165.739131407,50.6702353345
1-587938,165.795923954,41.7052427347
1-588013,166.53203684,45.1222551688
1-588259,168.605214944,47.3792595864
1-588617,171.898080923,47.3793949684
1-588894,173.481443525,23.6437554726
1-589092,174.727119751,49.6603597927
1-589908,184.55356586,44.1732422277
1-590053,186.11866,46.01868
1-590142,186.908557551,40.1604893506
1-590159,187.063503724,44.4531321941
1-590252,187.928154432,33.5874527359
1-590350,189.246594791,40.3477391881
1-590822,191.670638211,51.0393378354
1-591006,193.579232526,27.0680204421
1-591054,194.050615487,27.7454814109
1-591055,194.059260749,56.8733849175
1-591068,194.181347734,27.0347535248
1-591085,194.286131267,27.1737006268
1-591101,194.402261608,27.0313661613
1-591128,194.562693448,28.1259211296
1-591183,194.806227507,27.7746020056
1-591200,194.86968999,28.0405183648
1-591232,194.962538318,27.8329561192
1-591248,195.01782,28.15501
1-591253,195.037987631,28.1703885249
1-591255,195.053603424,28.0755010676
1-591260,195.068827577,27.9675169402
1-591263,195.07973,28.87813
1-591276,195.16572,27.92401
1-591279,195.17736,28.11632
1-591308,195.41605,36.2901
1-591323,195.596267244,50.4338035271
1-591343,195.920019324,51.4950809373
1-591379,196.370375041,33.8487234632
1-591420,196.868220952,26.7255060341
1-591433,197.042299783,50.6637107178
1-591474,197.580687349,47.1240556946
1-591528,198.438764929,24.9824563431
1-591580,199.213139725,31.5811383944
1-591588,199.377441982,31.0926945393
1-591611,199.60756,31.46795
1-591689,200.382508938,32.9197438341
1-591690,200.395513121,26.3046480689
1-591692,200.420155189,28.8831003966
1-591700,200.511397762,25.485310392
1-591742,201.11484162,30.9779040016
1-591746,201.15726452,52.9593160885
1-591782,201.726092677,52.7535435324
1-591845,202.68707,54.91083
1-591892,203.568730085,31.2858673006
1-591917,203.958189452,34.9989487463
1-591961,204.623765693,30.9868027697
1-591967,204.817073841,28.873535382
1-591979,204.990724016,30.107708687
1-591992,205.351226034,55.6430717696
1-591997,205.432335253,55.6737595258
1-592010,205.731391037,29.8685990596
1-592031,206.016983541,25.6635132875
1-592049,206.299565786,23.0718639552
1-592100,207.326358419,24.0968478145
1-592128,207.628850166,24.9766234294
1-592344,209.941719213,46.263855996
1-592449,210.597153817,38.7102227778
1-592574,211.502586934,45.776747866
1-592693,212.50975,38.70644
1-592743,213.110482013,45.6904101161
1-592801,213.839268047,49.3263807684
1-592810,213.91577,50.71383
1-592881,214.647824001,44.1224317199
1-592984,215.718400019,40.6225967971
1-593159,217.629970676,52.7071590288
1-593328,219.657081259,46.6631200591
1-593533,223.552108071,4.75015942749
1-593543,223.779212841,33.7244456023
1-593544,223.92242919,45.5407519444
1-593597,226.060279492,52.4941588346
1-593604,226.165949489,54.7140036338
1-593648,227.177571838,28.171156094
1-593698,228.280733463,41.2646196408
1-593702,228.372167425,42.3302546015
1-593707,228.453436547,7.15403679995
1-593748,229.32448,29.40054
1-593783,230.20908,49.51394
1-593789,230.345362644,8.78470199333
1-593805,230.522490622,33.1485944671
1-593860,231.932148597,9.71157282694
1-593862,231.99773,42.84963
1-593898,233.188944512,8.25507178126
1-593910,233.562065687,43.2456105527
1-593929,233.98751043,43.4932286775
1-593934,234.134706786,41.7992939146
1-593971,235.146974287,28.3606527522
1-593972,235.20157612,28.2920800258
1-593975,235.475823161,28.1339793885
1-593982,235.809360612,28.3568191719
1-593985,235.953175089,57.2332325075
1-593989,236.008027786,27.6993113757
1-594053,237.440006004,28.5470425004
1-594067,237.78551,25.72287
1-594069,237.840393721,43.4176865196
1-594081,238.19944,24.39026
1-594082,238.26846,43.68385
1-594091,238.562708352,47.6050034927
1-594097,238.879063565,41.9504607524
1-594098,238.930271817,47.8672781283
1-594116,239.742038334,27.9875341694
1-594123,240.047523865,46.7841496044
1-594165,240.967304805,39.9844254876
1-594184,241.160900043,49.4466868216
1-594190,241.236131301,23.932674179
1-594224,241.46822,18.46477
1-594273,242.406339365,28.0518425775
1-594316,242.986184532,48.8974887106
1-594318,242.992214683,29.838538065
1-594335,243.148045386,29.4847761143
1-594338,243.226697872,52.1777455373
1-594358,243.706365393,39.5143664319
1-594386,244.348135514,50.6359271191
1-594432,245.741625745,14.6027925265
1-594438,245.845279189,41.6511881825
1-594446,246.085601674,39.1775258138
1-594451,246.293064913,40.8928612143
1-594452,246.316195492,30.3241373931
1-594453,246.392914881,41.6813939003
1-594477,246.920359567,39.3830074339
1-594481,246.989688797,39.2528445438
1-594483,247.083243108,38.8114106586
1-594489,247.11698,41.21859
1-594491,247.129478398,39.5211242769
1-594493,247.159333462,39.551266027
1-594505,247.333327133,39.4289925576
1-594515,247.467008503,40.8250546878
1-594520,247.612100338,40.7250813956
1-594528,247.724887791,39.8475661634
1-594544,248.068465591,37.2338823488
1-594564,248.324336466,35.3423464689
1-594582,248.945556458,44.4155805915
1-594589,249.045990369,40.0718422894
1-594602,249.471809515,39.2498229771
1-594641,250.548892075,39.4554392222
1-594681,251.681249152,26.9466271982
1-594755,253.467582812,39.7601617207
1-594809,254.574201814,64.7055032069
1-594816,254.623323866,20.0414710134
1-594855,255.134051842,32.6707694455
1-594878,255.291219637,20.6733466824
1-594918,255.812194203,61.4511692129
1-595027,257.752216191,56.9353408648
1-595044,258.22041548,35.0931572767
1-595093,258.960057196,57.3667530035
1-595146,260.126453553,52.6430405566
1-595166,260.659632713,30.8700477927
1-595204,261.346639144,58.8227350105
1-595225,261.852902661,58.516912718
1-595879,309.90998,-6.28176
1-595895,311.421394814,-4.9500657791
1-595900,311.753030437,-6.16492955474
1-596095,318.086563754,11.2202360427
1-596218,320.159441713,1.04727722221
1-596366,325.533512231,-6.77480338445
1-596378,325.732527561,-6.94285766105
1-596385,325.956007465,-8.07406338721
1-596390,326.097828455,-7.19619521739
1-596598,331.12290045,12.4426263785
1-596678,332.892838008,11.7959286635
1-596696,333.558433965,13.8756928801
1-596699,333.607767431,13.311989491
1-596957,339.22728,14.41442
1-597528,346.328509244,0.189515557724
1-597772,348.418745052,14.0209768237
1-598275,351.141828794,14.6542972077
1-598278,351.155165961,14.6424451423
1-598285,351.177922037,14.518411241
1-598372,351.841534793,15.4103761257
1-599562,0.391483566351,15.0815793067
1-599614,0.796949230111,15.9657336589
1-599807,1.51001,14.41746
1-600853,7.80039942259,-0.407354267026
1-601156,10.3175696576,15.2170857951
1-601561,13.9432922417,0.645041400918
1-601579,14.2585466601,-0.875174282968
1-601858,17.5132007705,13.9781613943
1-601909,18.00788,15.34656
1-601919,18.1138977016,15.7501037195
1-601940,18.4290936871,15.2316626355
1-601968,18.809807484,0.338810179763
1-602324,22.166142041,14.7649338835
1-602390,23.0191161372,15.5002872562
1-602630,26.0923280876,14.6231067596
1-602760,27.1150524353,14.0380941016
1-602767,27.1274184727,-0.0628808052131
1-602964,28.51532,14.90932
1-602989,28.725979732,0.811208960487
1-602993,28.7483064255,13.4829607899
1-603028,28.9665870132,14.9402756516
1-603032,28.9946753032,-0.327824032222
1-603039,29.0522287022,14.9066391304
1-603098,29.6705869857,0.529230120747
1-603204,31.1285147178,-0.794020464019
1-603212,31.3610601742,13.3273761778
1-603215,31.4180240396,-0.694867789935
1-603261,31.9988521199,0.802526851078
1-603309,32.8898397854,13.9171267807
1-60334,149.593812964,1.58470921575
1-60349,149.139463628,1.84921450396
1-603624,36.9643538512,0.501541369456
1-603667,37.93008,0.90429
1-603668,37.94676,0.31183
1-603674,38.2552043968,0.420819003951
1-603705,39.6170562283,-1.04675798533
1-603793,42.8113116417,-0.329252137576
1-603795,42.8963395389,-0.733774161819
1-603920,45.43511,-0.59263
1-603941,45.9602480244,-0.204456524554
1-603965,46.8845735994,-0.96455667301
1-603974,47.1942785726,-0.733117363745
1-603996,48.0103895524,-0.0784734033184
1-604017,48.8964560143,-1.01628610453
1-604022,49.4878008228,-0.16910058475
1-604037,50.1606436872,-1.03501853817
1-604039,50.1789838473,-1.10865356255
1-604048,50.5361376247,-0.836264854962
1-604052,50.6366422984,-0.00121269359934
1-604053,50.6967861467,0.149366137403
1-60406,148.395312617,2.96832896038
1-604062,51.0944329463,0.113892685771
1-604068,51.3808316705,-6.12887778029
1-604085,52.6198957289,0.81149714329
1-604111,54.4952815223,-6.27063764925
1-604153,55.8082035277,-1.01869728676
1-604172,57.1040919143,-6.62606055908
1-604210,59.3550906385,-5.4206656411
1-604231,60.4538112951,-5.69341275417
1-60446,148.617712893,2.39416041011
1-604748,112.573556952,39.9420753389
1-604761,113.472274826,37.025904577
1-604791,114.758707244,33.9160463625
1-604797,115.042928938,32.2064392751
1-604816,116.110427262,29.2693961696
1-604818,116.161330789,40.3659680694
1-604821,116.43123,32.10292
1-604824,116.753948833,34.3002847317
1-604826,116.772427903,22.2941298143
1-604832,117.035505357,22.8427813647
1-604835,117.215199698,36.3903606314
1-604839,117.27419,28.61938
1-604841,117.310556938,28.6115938934
1-604846,117.54378,30.68509
1-604851,117.76574,17.96273
1-604856,117.982110064,27.3029716097
1-604860,118.184152672,45.949276388
1-604864,118.36085,29.35946
1-604873,118.518734153,13.9541197757
1-604875,118.61245,16.2148
1-604878,118.63755,29.710836
1-604880,118.68983,46.22018
1-604883,118.7523,36.46305
1-604885,118.843822108,15.0938929519
1-604888,119.002630948,14.1957459119
1-604902,119.742714941,25.331325166
1-604907,119.920672417,50.8399725276
1-604912,120.082381596,26.7014422452
1-604915,120.13796332,39.8400600817
1-604923,120.208837115,22.9014244997
1-604928,120.26105164,26.8041160655
1-604930,120.269959112,26.802436444
1-604935,120.32473,25.30438
1-604937,120.360092729,44.1936240334
1-604940,120.453029814,26.1464778571
1-604951,120.576104212,32.602197839
1-604956,120.648841079,22.8867906089
1-604970,120.866937654,25.1026825872
1-604980,121.06602,30.18235
1-604984,121.172890599,24.8705065085
1-604985,121.177734666,35.4005287119
1-604992,121.31151,37.47255
1-605012,121.547647455,53.1473631033
1-605013,121.556031306,17.7065695158
1-605026,121.888906322,56.42572994
1-605029,121.990988994,26.0289828842
1-605037,122.247464028,36.6875143484
1-605047,122.510392737,22.8615688422
1-605051,122.535492782,35.275267785
1-60506,149.78242985,2.70369560508
1-605069,122.972980643,57.9518925517
1-605075,123.064470015,26.2025710932
1-605088,123.322,58.01039
1-605093,123.448616143,37.0503815874
1-605106,123.838768142,21.5580791331
1-605125,124.18847,23.36659
1-605161,124.831660733,50.0057651013
1-605180,125.31674,21.46977
1-605181,125.343919429,20.9105383102
1-605195,125.740492461,25.7387335493
1-605208,125.967743522,21.4186635506
1-605215,126.084373358,20.5332420155
1-605216,126.121090369,21.0445219725
1-605233,126.5233084,21.6676316244
1-605245,126.973889689,55.1586182319
1-605247,127.002752419,28.2681725072
1-605249,127.03142191,20.2615818174
1-605268,127.29216,30.38484
1-605270,127.34375942,43.3586843172
1-605282,127.632008288,18.206109898
1-605294,127.853233749,27.5800054391
1-605305,128.17077,29.21353
1-605306,128.247008558,25.9909434811
1-605311,128.341931149,25.1049253208
1-605335,128.88773883,30.5342859223
1-605353,129.312117485,4.69587606312
1-605367,129.600036621,25.7545013428
1-60537,151.612809559,0.964781836806
1-605382,129.815965887,28.84410349
1-605387,129.874229412,1.23345300627
1-605418,130.71962,25.07035
1-605419,130.821738986,52.7579290519
1-605451,131.316486298,27.8237705482
1-605458,131.388044838,26.3229108889
1-605482,131.982539536,25.8316711264
1-605487,132.10413,23.83727
1-605501,132.50773,30.46509
1-605502,132.531730756,2.64785858588
1-605504,132.598326905,25.9540819815
1-605510,132.790822775,0.253587446433
1-605515,133.029478706,28.836791388
1-605531,133.569904521,27.2665262848
1-605543,134.04909,31.13202
1-605544,134.071654521,30.6842871612
1-605549,134.284434379,51.4715460589
1-605551,134.335451059,2.92133826593
1-605571,134.748487865,39.748861369
1-605601,135.5654,3.16994
1-605611,136.015436579,3.58471960293
1-605638,136.74835,41.4406
1-605640,136.782562791,28.3160766512
1-605657,137.15019,3.21709
1-60567,150.966660814,1.09523764348
1-605691,138.173304451,30.0150161422
1-605697,138.31816,31.35845
1-60570,151.139472965,1.78775333438
1-605700,138.368232385,29.8880501905
1-605709,138.58276,29.54567
1-605711,138.610011769,30.6365466873
1-605714,138.668171586,29.9876100223
1-605717,138.675773926,30.1762933953
1-605719,138.728926606,30.2024676512
1-605721,138.74208,29.84282
1-605722,138.748621092,29.7302403512
1-605726,138.812941522,17.7689647201
1-605740,139.065227732,30.8240252853
1-605750,139.1925,30.91092
1-605753,139.20845782,0.572708373011
1-605770,139.48427,34.50929
1-605778,139.741936179,5.88839374287
1-605788,139.886571191,32.6536545363
1-605790,139.940148373,33.7200831799
1-605792,139.97678,32.93352
1-605804,140.200244771,33.6796906424
1-605814,140.442994624,33.311152222
1-605818,140.57332378,4.70834336026
1-605823,140.827895393,1.58311208801
1-605833,140.95013456,2.11272155396
1-605863,141.460052772,49.3298551231
1-605877,142.002658665,1.67148730899
1-605884,142.13573,50.79362
1-605920,142.900432844,0.578453856505
1-605957,144.16333467,1.25034783918
1-605973,144.692383053,48.5628700469
1-606005,145.597387992,36.349709503
1-606022,145.800261215,0.414186573461
1-60604,150.210275976,1.33539464827
1-606057,146.775298691,34.7567946051
1-606079,147.23785259,33.04326995
1-606080,147.247754515,2.46298670145
1-606105,147.664314026,44.3311626403
1-606121,147.937901511,3.27238896892
1-606221,148.54456,2.28718
1-60629,149.46602759,1.75540777215
1-606422,149.149134006,1.4285257225
1-606491,149.297875445,5.20136465374
1-60653,150.529327393,3.05768609047
1-606620,149.717406279,1.05917748073
1-606806,150.298390111,0.225672172214
1-60689,150.955434487,2.27135412334
1-606955,150.883460349,33.7562128576
1-607059,151.233786456,-0.709525620755
1-60706,151.352396207,2.54917121522
1-60707,151.32819022,2.49572834451
1-60709,151.365365365,2.63310725442
1-607106,151.445929139,2.24663975841
1-60713,151.395741231,3.05361497547
1-60715,151.551455242,2.52386220768
1-60719,151.584071897,3.12455907023
1-60723,151.534866683,2.96902542051
1-607451,152.680678392,6.20039141093
1-607739,153.426107934,-0.907199459025
1-607767,153.495417658,-0.951625282797
1-607814,153.607092435,-0.871871725209
1-607835,153.664814004,-0.830923749107
1-607996,154.085415569,4.82202893955
1-608154,154.46024341,5.86359308276
1-608172,154.527786255,0.0999489203095
1-608252,154.771367726,46.4541111008
1-60834,151.533999965,1.80162555499
1-608586,155.542978368,38.5178182947
1-608874,156.193566849,46.4560652324
1-609044,156.727476936,-0.541518362576
1-609067,156.80468,1.36672
1-60931,155.600594374,1.1982319304
1-609412,157.93769,46.67167
1-609414,157.93471,35.04137
1-61134,157.664294502,1.9902556761
1-61136,156.781562867,1.49292097126
1-61142,156.872922644,1.24674130222
1-61147,157.421404869,1.92002640298
1-61173,156.466617783,1.19064922051
1-611836,164.082166985,43.7549018914
1-612080,164.863945676,46.1223895832
1-61237,156.388927588,2.31769645391
1-612565,166.248455461,50.3821335596
1-612698,166.542523415,3.32071517403
1-612718,166.602438433,51.3924129029
1-61276,157.416363047,2.70513806184
1-613211,167.861853082,22.9707645232
1-613340,168.210368952,23.2566112518
1-613473,168.545376088,48.318515932
1-613755,169.300369024,46.8598732327
1-613769,169.342672388,22.3385004333
1-613799,169.42303,47.0834
1-613941,169.811882009,3.96426659219
1-613949,169.823700352,47.6483583246
1-614392,170.872872528,53.6775646603
1-614456,171.027093421,48.6962967467
1-61450,159.019020597,2.85321258516
1-614567,171.400653635,54.3825744827
1-61484,159.735866865,2.67900616797
1-614850,172.051190682,21.9968427778
1-614907,172.192896191,52.248505131
1-61513,159.7106,3.26531
1-615167,172.66989,47.018275
1-61538,161.289586888,1.54801263764
1-615485,173.145047731,49.1096518237
1-61557,160.993312407,1.93580480758
1-615921,173.929666166,49.7378213736
1-61613,159.976087124,0.962293208683
1-61630,159.348457701,2.31264604946
1-61639,160.344416698,3.31821414206
1-61653,160.66180195,3.37731223383
1-616662,175.511415022,55.3906221812
1-61694,161.069467921,2.78774233942
1-61698,161.129246276,2.36634677218
1-61707,161.493923358,2.83241068997
1-61727,161.662212807,3.24379315245
1-617323,177.440360191,50.5270164143
1-617445,177.778667165,55.0787174228
1-617503,177.942740193,48.4752389198
1-617570,178.17795,48.98408
1-617758,178.741863386,4.66058149232
1-61812,161.876642566,3.14494112923
1-61820,162.140269976,3.31778167153
1-618223,180.05782,56.2506
1-61841,162.259132855,2.88291611901
1-61842,162.311972432,2.7814109475
1-61862,163.025614316,3.37230269223
1-61876,163.588576732,3.39578862595
1-61890,166.0434341,1.54476810655
1-619066,183.03892,36.16891
1-61949,165.109036206,1.6556571202
1-61959,164.833204164,2.01897693136
1-620115,186.428109928,47.330016594
1-620121,186.455828391,50.0959327378
1-62034,165.813618578,3.36564834548
1-62035,165.777451203,3.47516830738
1-62037,165.57412408,3.39974615467
1-62047,165.897590307,3.33744190383
1-620558,187.893659749,37.9805527322
1-620583,187.96598,52.40066
1-62060,166.225633773,2.36369340392
1-62063,166.359929143,3.29252237145
1-620993,189.213252539,45.6511702678
1-62169,166.311981354,0.989206203181
1-62201,166.881658009,2.89206869247
1-62221,166.931082984,3.26926419751
1-622417,191.850958334,54.9870230426
1-622911,192.764944171,27.3699662435
1-622991,193.014734172,51.6800299204
1-623147,193.52658,29.24271
1-623253,193.853516955,52.2677083156
1-623330,194.146628736,28.2754542627
1-623389,194.380021451,26.5121684655
1-623416,194.474741483,28.4997927987
1-623440,194.556542486,26.426853598
1-623447,194.575985397,29.1287943302
1-623451,194.585530738,27.4293585241
1-623501,194.66972,27.8269
1-623568,194.834164987,28.0743014819
1-623581,194.857571735,28.1869866615
1-623593,194.906198679,28.1661462005
1-623605,194.917111648,27.8549331013
1-623608,194.932191197,27.9946832292
1-623640,195.022933901,27.8076021907
1-623641,195.026618475,28.0041200035
1-623655,195.06144553,28.0413643405
1-623662,195.070939008,28.0639222565
1-623684,195.118300626,27.9723971584
1-623700,195.169935129,52.5377424534
1-623710,195.1828,28.41632
1-623722,195.225511736,27.7836968342
1-623756,195.288487172,27.8183074643
1-623758,195.294615141,27.8028854123
1-623768,195.307351892,53.7947036557
1-623893,195.553227073,28.2148516578
1-623930,195.632843931,27.9355442811
1-623940,195.657161791,50.4384293765
1-623985,195.735741608,28.0704196768
1-623986,195.739943183,51.3185439311
1-624022,195.846416231,28.8641772447
1-624035,195.875167844,28.2747193004
1-624081,195.978641945,28.1876524974
1-624109,196.07681,28.46816
1-624268,196.516707722,53.4953494937
1-624291,196.580822863,28.0524980439
1-624292,196.58283,32.97383
1-624320,196.648322599,27.1687341435
1-624367,196.793914503,34.2980074671
1-624369,196.80506,28.04697
1-624448,197.017360635,34.0075733118
1-624479,197.09016,29.22843
1-624536,197.23827,28.28052
1-624592,197.387868757,53.4942729851
1-62471,169.301906048,3.40939766324
1-62475,169.37806497,3.34417038504
1-624904,198.228091662,1.03598048278
1-624909,198.24297,31.25866
1-624911,198.247802298,27.1415252303
1-625070,198.784245451,30.4037749681
1-625154,199.051371303,30.9502990173
1-625180,199.17463,31.36757
1-625206,199.270643755,1.82799783172
1-625349,199.74797,32.97396
1-625430,199.958085386,52.0614718594
1-625510,200.202545418,30.7576708936
1-625513,200.222837131,32.1907607473
1-625602,200.441575183,33.1828044363
1-625718,200.710727744,51.7382976222
1-625736,200.748805711,52.9697857751
1-625812,200.930738354,30.5635604486
1-625977,201.373704982,53.5823310867
1-626078,201.681202856,30.506688535
1-62623,169.816992949,3.5618077616
1-626306,202.396308236,26.4099358425
1-626390,202.687758714,32.7605525124
1-626395,202.6892,26.52161
1-626483,202.98346,31.03287
1-626493,203.00215,-1.69881
1-626502,203.057062619,26.9499810568
1-626533,203.162313326,25.4411699502
1-626658,203.830208122,26.424780837
1-626669,203.850240471,27.9118899255
1-626684,203.910044306,25.8752373782
1-626689,203.93243,27.40942
1-626763,204.244034337,0.225679309065
1-626822,204.635804181,26.1347285111
1-626829,204.674179172,27.742410862
1-626830,204.68383155,26.3285381656
1-626840,204.738877751,24.980246406
1-626924,205.012172737,23.1429736187
1-626979,205.235769885,26.4867194198
1-627000,205.321148777,26.2720305918
1-627026,205.415065461,55.6706474881
1-627030,205.426697444,30.1254142293
1-627041,205.460227018,26.3702992351
1-627086,205.606712995,26.2124287286
1-627108,205.674942832,26.2397783769
1-627142,205.8091,55.60314
1-627173,205.933957661,25.3921420352
1-627238,206.198417052,31.6156728964
1-627331,206.552923848,23.0538344127
1-627332,206.554380713,23.0840530659
1-627377,206.70580204,39.0837085374
1-627397,206.769038498,24.9964830166
1-627411,206.827169845,3.7674160137
1-627461,206.990485595,3.4496278902
1-627475,207.0556,54.79733
1-627746,207.968466598,3.45490791051
1-627854,208.22522,5.12053
1-627945,208.388300224,24.8752389123
1-628628,210.623588189,54.2710047984
1-629057,212.259249772,54.5562038875
1-629191,212.638760815,48.6364868825
1-629221,212.74809,38.76536
1-629695,214.729400236,45.356647295
1-629834,215.546250309,48.4899265098
1-630590,218.976343316,53.3916368422
1-630662,219.175312411,2.38569307832
1-630772,219.461107363,5.01123840302
1-630938,220.027462904,3.87356958262
1-631278,221.43798422,51.5808196479
1-631640,223.61098242,53.2174411839
1-631655,223.782662874,48.3303648121
1-631680,224.308966131,53.1520291512
1-631727,225.07467,11.34338
1-631732,225.102417723,49.2540690353
1-631803,226.165987595,53.8230946401
1-631824,226.40417,31.16382
1-631833,226.50788694,8.78978825929
1-631857,226.727758045,56.5090036372
1-631871,226.937460956,51.4528317589
1-631872,226.943577224,28.8199794804
1-631889,227.186338177,55.6059639933
1-631890,227.200243557,30.1705525451
1-631910,227.390700936,7.5153134564
1-631986,228.068422006,30.5189098948
1-631993,228.097473109,7.49689975379
1-631998,228.135386481,7.55728238544
1-632016,228.262346708,7.47493450741
1-632035,228.353657028,30.9584125448
1-632201,229.23873,8.8896
1-632214,229.355528461,42.9564578142
1-632309,230.111697142,28.886355199
1-632365,230.303299578,30.6579265613
1-632371,230.310181486,30.5230518731
1-632410,230.393231387,30.7205738102
1-632479,230.539936275,48.3921293078
1-632488,230.564562503,27.6997032296
1-632505,230.610357493,28.9977326861
1-632513,230.621568762,27.7076345533
1-632576,230.891868119,27.7530174921
1-632581,230.913306594,8.75908730602
1-632610,231.100791672,30.2774060321
1-632632,231.212561332,50.3151363259
1-632641,231.27392,29.67017
1-632643,231.30472055,28.3594654889
1-632653,231.34751,29.17189
1-632698,231.50295368,56.8268193295
1-632731,231.60574687,29.5633583195
1-632854,232.301414096,29.6396217692
1-632868,232.387499863,29.6911337918
1-632935,232.754660549,28.8815519409
1-633000,233.231957146,42.4382571042
1-633021,233.333165244,31.2120317586
1-633064,233.551726535,28.0576692956
1-633099,233.93972,8.86949
1-633191,235.40731799,25.1114752577
1-633196,235.491277373,48.5569380923
1-633211,235.779168643,39.1513464338
1-633214,235.869383482,29.7823288354
1-633219,235.941918996,28.4152116397
1-633225,236.02959,47.29463
1-633256,236.450303673,30.2024487076
1-633257,236.498655292,45.7312979333
1-633283,237.079007529,9.11728063202
1-633308,237.45050495,29.1712890978
1-633344,238.086386631,24.6266013478
1-633356,238.286105126,54.147238944
1-633381,238.795473329,52.1684799469
1-633383,238.811367926,10.5213253174
1-633396,238.921710492,28.9679429899
1-633414,239.195277217,25.8570581419
1-633458,239.735837344,27.5108845096
1-633466,239.87499,9.81682
1-633475,240.123658659,28.9120114383
1-633476,240.129060988,30.3850657623
1-633494,240.368511267,53.9040939984
1-633545,240.957265009,26.5420939689
1-633549,240.976894471,25.0101167287
1-633582,241.203740256,28.0955403603
1-633584,241.231428498,28.1657593189
1-633587,241.235612985,41.3572357459
1-633591,241.252476821,41.3917200794
1-633593,241.260399434,23.6690391515
1-633608,241.366385991,41.6493667208
1-633628,241.50023389,22.6411240788
1-633683,241.866218583,27.5697663705
1-633719,242.427587251,30.6816568246
1-633722,242.449861504,30.143129494
1-633729,242.585224552,43.0096434555
1-633753,242.848231362,52.4547927107
1-633755,242.86022795,29.3529994901
1-633759,242.975066254,30.332783222
1-633775,243.141933759,28.3189738555
1-633776,243.142084923,25.5007710463
1-633805,243.509570534,28.4969072308
1-633815,243.615790912,29.9738333089
1-633819,243.694602427,26.5588514806
1-633824,243.847430005,26.617995716
1-633832,243.968767118,44.161319278
1-633839,244.074725627,47.9816013106
1-633846,244.1876,52.016733
1-633849,244.197891381,19.4746798739
1-633856,244.38849,31.57767
1-633871,244.56538,29.64843
1-633934,245.917023368,24.474186651
1-633942,246.050763599,30.162261411
1-633943,246.118675724,48.5966479681
1-633947,246.175689774,30.7643760037
1-633967,246.748152586,39.0138048168
1-633969,246.855144495,42.6797142778
1-633981,247.192215685,25.4947209924
1-633985,247.22922,39.17094
1-633990,247.304125164,41.1508723641
1-633994,247.419950798,40.6869537939
1-633996,247.436504694,41.7784913034
1-634055,248.766160205,44.5424307204
1-634056,248.78284923,40.9913754432
1-634089,249.537684437,39.9177974265
1-634093,249.587768862,40.8172085562
1-634095,249.679870041,37.2550188969
1-634109,249.83968507,29.3697720089
1-634114,249.878347446,21.3169161398
1-634115,249.878895147,37.5120939479
1-634119,249.91235,43.29527
1-634132,250.094563226,33.679745815
1-634138,250.31305,39.29009
1-634140,250.363270718,26.6938905436
1-634144,250.458323977,37.517407769
1-634149,250.598655123,25.0865491425
1-634183,251.403851576,21.8235192352
1-634208,252.011074618,26.2135468512
1-634233,252.74833,32.77021
1-634271,253.530590802,23.4124038283
1-634274,253.572622355,37.622378197
1-634299,253.88908076,63.2421188916
1-634318,254.174397052,26.8384865131
1-634328,254.309797546,34.0240432727
1-634329,254.317216717,27.8496051878
1-634350,254.49813,36.0921
1-634404,255.252958273,20.1682417094
1-634477,255.895283788,36.4015364012
1-634515,256.212282526,34.8173337086
1-634525,256.249629989,23.1690245444
1-634538,256.369657235,35.6346666211
1-634579,256.777062755,34.2347125502
1-634588,256.855119432,30.2250053112
1-634624,257.40977858,34.4313234221
1-634628,257.433636825,62.9730543663
1-634665,258.118498596,30.9096780813
1-634718,259.629684007,60.5861104082
1-634763,261.557238855,62.1494611311
1-634789,263.09890886,55.4146779223
1-634795,263.205362118,56.9012700515
1-634800,263.439318809,56.7085357468
1-634806,263.690816799,58.9375590147
1-634825,264.455604594,57.1107078948
1-634828,264.522487678,57.1181655864
1-63526,177.605908164,3.32471798681
1-63527,177.791117986,3.37359481166
1-635285,310.217078243,0.652804433245
1-635330,313.093253582,0.0757150839168
1-635343,313.67074,-0.051089
1-635348,313.902141162,-0.636585786958
1-635474,317.87543,11.31201
1-635476,318.027220809,-7.22244658447
1-635478,318.19902,-1.04248
1-635481,318.328159724,-0.165321218505
1-635485,318.502268807,0.535091362305
1-635503,318.990452837,9.54307564379
1-635506,319.103189368,10.2733865439
1-63552,178.004667142,3.6049130362
1-635590,321.054413692,1.11838475996
1-635629,322.607871606,-0.474520756087
1-635646,323.11593,10.13862
1-635647,323.174007207,-0.127839589249
1-635653,323.376781389,-8.64079738142
1-635686,324.468590214,-8.24202294548
1-635712,325.223793978,-8.35346578868
1-635755,326.425879474,-7.06019761674
1-635804,327.712234069,-0.847932488132
1-635839,328.504633951,-8.40556354253
1-635845,328.57792,0.3554
1-635851,328.699755239,-7.72490813084
1-635931,330.780008003,12.9500164945
1-63597,178.364588677,3.7164191051
1-635999,331.985834979,0.370159860495
1-636015,332.418270109,13.6358085465
1-636068,333.526133069,13.4868714892
1-63616,178.351133347,2.69124916949
1-636366,338.010284174,12.3480391829
1-63637,178.713765903,2.95922841837
1-63641,178.451407377,3.51178571843
1-636425,339.107765581,14.0239743919
1-636436,339.204924088,14.6985179529
1-636441,339.28214258,14.2319514413
1-636443,339.346705911,-1.02508888001
1-636672,344.06156,12.88401
1-636700,344.470964432,12.9595653451
1-636870,346.70768,15.03051
1-637021,347.791770656,-0.152249162785
1-637279,351.053634326,14.3548752603
1-637825,356.805709913,-0.480166160074
1-637857,357.18783,15.92874
1-637978,358.376921097,14.8769190797
1-638033,358.550324332,0.377029940544
1-638093,358.817029523,14.3754862164
1-638109,358.947676993,15.8505932756
1-638130,359.175240863,13.7763465695
1-639143,52.7777995799,-6.85328135123
1-639465,315.306347943,-6.43169485482
1-639466,315.525578421,-7.4107532067
1-639484,329.114057383,-9.16871954087
1-639681,326.694146258,-7.89364449748
1-639823,48.6444560202,-6.72748193718
1-639858,336.321901577,-0.908844615462
1-640352,149.998015741,-0.231905072411
1-640498,160.63815,0.93324
1-641156,201.215462006,-1.03508337177
1-641176,199.538837967,0.222812971373
1-641190,202.543456591,-2.10481085363
1-641253,204.56414016,-0.398555878423
1-641270,203.42966,-2.45323
1-66619,199.473583187,2.21807069516
1-66643,198.274199833,1.46552425813
1-66655,198.016049595,1.64558131852
1-66669,198.468316863,2.13256494545
1-67018,199.689545838,1.3862504132
1-67031,199.178747622,1.88260192451
1-67037,199.5097798,1.11410019542
1-67044,198.839844166,1.92755568471
1-68467,206.89718334,3.05325777065
1-68605,208.553211261,2.8807806324
1-70077,219.008411091,2.85162512881
1-701,149.041018227,0.325862090579
1-70146,220.096953695,3.03953647896
1-70172,221.05713437,2.13461925637
1-70173,220.955528951,1.92599544643
1-70384,224.380024747,1.59971930799
1-70386,224.445785591,1.37844063111
1-70389,224.492267979,1.47359867376
1-70391,224.535871075,1.54859860743
1-71,146.373784327,-0.368453206522
1-71090,115.128641683,32.4407324851
1-71108,114.756034318,31.9147093423
1-71113,114.181151762,31.4764938179
1-71124,114.047489802,32.5151466955
1-71137,113.500571523,32.2157646935
1-71167,114.190161962,33.1227527324
1-71180,114.88231393,33.6793472814
1-71225,115.362660302,32.7793205626
1-71269,116.428555378,34.0077392619
1-71281,116.331122122,33.9423381978
1-71481,117.456001215,34.8839120986
1-71488,116.678719977,36.0733341361
1-71516,119.107354768,37.0582473205
1-71525,118.344852476,36.2743788157
1-71736,118.449505659,37.7025165735
1-71763,118.938278752,37.821563421
1-71790,119.704813211,37.4054606321
1-71811,120.132625014,37.8628713704
1-71820,120.647559412,38.7411877612
1-71869,119.657109462,37.4830883777
1-71872,119.617127519,37.7866245591
1-71891,119.553305266,38.5353143453
1-71939,118.598785742,38.6705561228
1-71950,118.5709466,38.220893904
1-71953,118.382015306,38.733295526
1-71956,118.441654027,38.8690356271
1-71974,118.855393765,39.1860944299
1-71976,118.654434997,39.1799275321
1-71987,119.486337418,39.9933651629
1-72056,120.015689722,38.9909540713
1-72070,120.254241487,39.5696926933
1-72087,120.321277844,39.2168224228
1-72128,122.052016901,39.6603945468
1-72155,122.155392392,39.9040611554
1-72166,121.529620005,39.3424102283
1-72169,121.955330984,40.0998543015
1-72193,121.807870048,40.2496203549
1-72199,121.272409223,40.1745641954
1-72203,121.35772,40.1783
1-72207,121.129595233,40.2060448107
1-72209,121.131993204,39.9385738013
1-72210,121.076285654,40.1957291917
1-72211,121.105654703,39.9306244963
1-72231,120.782699663,40.2263735583
1-72242,120.752570359,39.8691375442
1-72275,120.176751489,40.027299501
1-72289,120.03912,40.42405
1-72322,121.014200537,40.8026129505
1-72325,120.704799825,40.457409194
1-72339,121.489983291,41.1481156278
1-72350,121.28712241,40.591549626
1-72382,122.208067159,41.0106134314
1-72393,122.480583308,40.4676631894
1-72402,123.1017,40.74327
1-72413,124.448303599,41.9828522195
1-72416,124.220085992,41.7318089828
1-72421,123.412080564,41.3650343423
1-72456,122.931168093,41.5549778649
1-72562,122.574759642,42.4055177083
1-72572,122.675141761,42.2778481495
1-72595,124.082783686,43.4476368387
1-72607,124.485516908,42.8806679257
1-72610,124.272776248,43.3509915523
1-72661,124.636126015,43.7710277181
1-72673,124.129949071,43.7284583177
1-72706,124.265207921,42.3782637188
1-72719,123.434850902,43.7540199483
1-72755,123.8433,44.06446
1-72781,124.5668538,44.3735897817
1-72795,124.735710083,44.3200918664
1-72797,125.010600636,44.2640413067
1-72806,125.419517029,44.1698203523
1-72808,125.164893164,44.3671485571
1-72814,125.256178852,44.3776367193
1-72817,124.781862252,44.4875105065
1-72852,125.51042577,44.4569807426
1-72870,126.259677299,44.4377043735
1-72913,127.489366951,44.9401584256
1-72914,127.580820546,45.0758652965
1-72950,126.580174899,44.7832511148
1-73,146.468917648,-0.0928172349749
1-73001,125.459039868,45.5196357165
1-73002,125.428111675,45.5532538955
1-73005,125.402303304,45.5854761711
1-73009,125.820959584,45.8968648879
1-73028,125.736170047,45.4859393776
1-73029,125.724140887,45.7187719073
1-73042,126.143771046,45.4798234048
1-73184,127.528168009,45.3517505123
1-73241,127.648155746,47.0944347616
1-73584,132.627858985,50.2789266122
1-73638,133.035323408,51.3127390765
1-73651,132.38439439,50.8741273066
1-73667,133.06809411,50.627237501
1-73670,134.273804818,51.8141317407
1-74,146.355792151,-0.143387179282
1-747,150.289789044,-0.0795012122838
1-76,146.299862589,-0.120004032903
1-761,149.646777162,-0.836918826549
1-762,149.654693352,-0.92951790946
1-76395,132.509380358,2.28553518153
1-76413,132.106748492,2.28783076249
1-76417,131.881150795,2.69029801278
1-76419,131.816453977,2.66039690286
1-76425,131.827669591,2.76227753464
1-76446,131.186781431,2.29352689834
1-76456,131.51101,2.53328
1-76466,131.246778686,2.47635064423
1-76480,131.017579081,2.71155432827
1-76488,131.127935366,2.29492629624
1-76518,130.148663347,2.4770384895
1-76519,130.143392855,2.61135348928
1-76534,129.912560112,2.57409533873
1-76561,130.364273254,3.03968458783
1-76593,130.858357231,2.90587249123
1-76694,134.713506361,2.91308119194
1-76706,134.41458,2.98752
1-76735,132.736664032,2.33839227479
1-76741,132.890666103,3.10069058685
1-76744,133.278068655,3.81465039044
1-76747,133.190069669,3.59764017153
1-76762,133.479259235,3.73579678591
1-76813,134.522081756,3.75649240107
1-76820,134.609204327,3.39407130728
1-76873,137.426785087,2.67538176574
1-76911,136.97899429,3.27271277589
1-76920,136.76973698,3.14613747011
1-76931,136.477273041,3.07847098232
1-76957,135.691046909,3.27508501059
1-76991,135.510780261,3.59045408948
1-76995,135.52746784,3.49770217058
1-76996,135.436308727,3.3857329222
1-77006,135.588284493,3.61573908716
1-77011,135.689933372,3.4118698826
1-77016,135.622449532,3.38500473256
1-77024,136.272058301,3.85157518708
1-77030,135.888963841,3.3758393992
1-77060,136.375519471,3.47303038424
1-77490,141.177570504,3.36929686302
1-77522,140.94296677,2.75330166004
1-77565,140.16036,3.75627
1-77595,141.292491111,4.46504814413
1-77620,141.035609483,4.01284220534
1-77639,141.923608314,3.99419539889
1-77675,142.577724835,3.82190857263
1-77695,142.744758326,3.80772056638
1-77704,144.62822,2.57328
1-77708,144.54517272,3.07892141209
1-77735,144.2185935,3.13735266543
1-77738,143.588103543,3.1094669236
1-77742,143.690715268,3.09643639786
1-77755,143.734945063,3.25527333962
1-77778,143.46898,3.12337
1-77800,143.235132181,2.93930954322
1-77898,143.968853917,4.0168115719
1-77933,144.57672,4.09397
1-77934,144.561800817,4.1525380148
1-77949,144.973404651,3.81402522897
1-77976,146.570633075,3.66583276845
1-78006,145.691674176,3.1558729991
1-78013,146.039097297,3.4040712424
1-78021,145.782003228,3.43005485524
1-78029,145.613449472,3.34728135553
1-78040,145.470851736,2.96887156738
1-78077,144.489626451,3.46291469133
1-78117,145.590507164,4.35448236168
1-78125,146.086870473,4.59218365697
1-78142,145.79002218,3.86671862661
1-78143,145.785701673,3.94021044647
1-78155,146.112319946,4.49913597107
1-78176,146.397714484,4.41058420411
1-78200,149.244441227,3.77796056541
1-78213,148.530300975,3.17309905231
1-78239,148.4170157,3.48359201386
1-78252,148.209994818,3.5990648666
1-78255,147.98060382,3.48339681461
1-78257,147.947455457,3.56530918454
1-78284,147.171555527,3.37474525148
1-78291,147.361095245,4.00315975513
1-78294,147.067639313,3.90585603333
1-78336,146.67330885,4.31810959182
1-78343,147.253068894,4.30316933692
1-78353,147.646179593,4.77311761979
1-78358,147.630692086,4.2105830266
1-78361,147.560052618,4.19885930859
1-78377,148.034450541,4.25231711354
1-78381,148.002980984,4.15077036024
1-78439,150.94037383,3.67634103993
1-78451,150.238559763,3.14176993025
1-78452,150.284667141,3.27964173031
1-78510,149.872800868,3.89310179389
1-78519,149.636259993,3.45426345784
1-78558,149.210547355,3.74974999602
1-78580,148.918667352,5.043535237
1-78627,149.527077928,4.36671357259
1-78636,150.071302979,4.8887850018
1-78638,150.016408109,4.81252820355
1-78665,150.101312477,4.40163275046
1-78688,150.264031519,4.61927817236
1-78702,150.695884418,4.43327940561
1-78715,151.01609322,4.28144369832
1-78719,151.006757787,4.05117649365
1-78752,151.941809766,3.37104432427
1-78764,151.856179318,3.50876498818
1-78765,151.892612414,3.56998339052
1-78766,151.872095708,3.67364870273
1-78783,151.298931289,3.3541530457
1-78856,151.399124178,4.27941035421
1-78858,151.50901051,4.52213467075
1-78868,151.836078887,4.07931108101
1-78873,152.066817164,4.9153789579
1-79,146.323174902,-0.0299441308636
1-79009,152.870773315,5.14903593063
1-79033,153.213904967,4.79449234904
1-79052,153.999769192,4.95475578525
1-79084,154.180712461,5.15450020525
1-79095,154.495771357,5.30625996878
1-79286,155.012887861,5.20411639335
1-79331,155.712556543,4.76579400096
1-79356,156.266309583,5.07132886241
1-79367,156.536580101,4.37280550892
1-79375,156.323175482,4.93432809008
1-79452,158.390418286,4.26384019009
1-79489,157.778996431,4.11659218313
1-79490,157.926203651,4.06165395824
1-79606,156.502237368,5.48432251532
1-79648,157.208174735,4.96056352815
1-79664,157.51995884,5.0475459684
1-79734,158.719106156,5.10058797965
1-79747,158.737837257,4.83178336808
1-79751,159.999304944,3.11228059319
1-79756,160.479883227,3.52414221598
1-79764,160.460792046,4.33080246255
1-79770,159.836215264,3.36922915773
1-79774,159.752375756,3.53983982827
1-79916,157.90605218,4.01863688012
1-79952,158.92625,5.61596
1-79971,159.191568719,5.55445097147
1-79976,159.347124818,5.43852867885
1-79983,158.758122998,4.54492164998
1-80,146.300913342,0.0354846849192
1-80003,159.388140747,5.62861946749
1-80034,159.529601439,4.89434523822
1-80117,160.02053,5.46299
1-80127,160.170142369,5.19446407546
1-80147,162.382495954,4.00694438505
1-80160,161.281798003,3.67460579699
1-803,149.88145083,-0.256509657052
1-80331,160.073915951,5.35919758465
1-80332,159.911353877,5.17571483446
1-80403,160.448323626,4.98838463578
1-80405,160.624198661,5.08341979677
1-80414,161.101990774,4.74842752858
1-80416,161.009215194,4.66301583917
1-80437,161.291619715,4.94450448084
1-80482,162.485468665,4.60242931266
1-80494,164.340156251,4.42036584902
1-80514,163.001070953,3.8359544388
1-80526,162.971185963,3.5096040406
1-80532,162.896097342,3.66463102292
1-80572,162.571966488,3.51257927045
1-80575,162.687657587,3.51350466618
1-80589,162.358826824,3.6568527702
1-80655,162.368271808,4.7993888865
1-80877,164.589108309,3.65718699406
1-80916,163.447417493,4.09832511752
1-811,149.859137991,-0.253925511298
1-81110,167.79084,4.67639
1-82375,218.52224,3.6574
1-82382,218.579238947,3.66438653036
1-82432,218.290476601,3.94665082757
1-82635,220.456547632,3.4437424429
1-82645,220.494730224,3.38997186723
1-82647,220.678131095,3.48915993082
1-82657,220.575047513,3.72561646699
1-82660,220.570359517,3.81241675969
1-82669,220.180630734,3.3740235394
1-82673,220.261700421,3.29212727239
1-82674,220.33156735,3.3986400828
1-82677,220.178475848,3.46542546967
1-82684,220.068336896,3.52011868276
1-82687,220.275600667,3.66113131831
1-82688,219.987429826,3.82559926188
1-82714,219.915747466,3.72083980861
1-82717,219.869945405,2.76874038761
1-82900,219.91458651,5.10172769843
1-82967,221.294836685,3.33278065804
1-82991,221.405591971,3.43339494266
1-83002,221.318108759,3.40399806601
1-83031,220.554212796,3.74122770506
1-83042,220.372948784,3.19520515038
1-83054,220.135165557,3.5595384261
1-83058,220.445466369,3.45540347449
1-83063,220.241928165,3.4515695642
1-83066,219.989613058,3.08326872579
1-83094,220.291238701,4.62029697178
1-83113,220.263896196,4.19413360961
1-83138,221.260145487,4.50713606406
1-83141,221.135643276,4.77850459902
1-83151,221.258396368,4.77407110239
1-83165,221.159823702,4.3346890061
1-83386,223.287263511,4.85106307105
1-83393,223.146758951,4.54588015264
1-834,149.447919799,-0.302893892239
1-83415,223.354251348,4.66532442903
1-83430,223.563938605,4.51426654695
1-83451,223.554733055,4.84154509339
1-83455,223.559806393,4.79439693229
1-837,149.456451416,-0.210921883583
1-89292,226.305755517,57.318593686
1-896,149.061202365,0.10314432417
1-89622,228.046369673,56.3111003692
1-897,148.43291,-0.09018
1-90176,233.352286757,56.6087571906
1-90190,233.509524302,56.685685533
1-90192,233.71260364,56.4510785715
1-90213,234.960926204,57.8212228107
1-90231,234.541843983,57.6036530229
1-90242,233.968342684,57.9026365222
1-90244,234.292946668,57.5762330408
1-90685,234.910233377,55.3273529158
1-90779,236.15255855,54.2093311396
1-90785,236.533286678,55.1686413552
1-908,148.846633049,0.878933630002
1-90807,236.761272589,54.340901023
1-90849,237.582742958,56.1319811738
1-90901,235.463882446,55.4678535461
1-90984,233.491509631,56.8473195647
1-90986,234.032891247,56.3653633297
1-91010,235.803546244,57.4111620824
1-91016,234.810980805,56.6708573626
1-91019,234.970352339,56.3683232909
1-91113,239.568522052,52.4892581778
1-91131,238.537660361,52.3295017019
1-91135,239.069386036,52.5677012843
1-91158,237.651603769,51.3980237466
1-91170,237.242756421,52.3626296366
1-91171,237.183863564,52.3429404902
1-91179,237.067284847,52.6881339815
1-91241,236.299448087,52.2084768259
1-91317,237.420728565,53.2590438642
1-91339,237.653858933,53.3906219728
1-91344,237.522396507,53.2364691699
1-91394,238.689985245,53.1446977861
1-91411,238.200141464,53.6433215727
1-91417,238.105616365,53.7328284758
1-91430,238.892224922,53.0333560059
1-91550,240.186697059,53.7755312455
1-91577,239.409286951,54.720488544
1-91580,239.554209025,54.6155620453
1-91582,239.339148027,54.6710733079
1-91652,238.820533349,53.8074462429
1-91678,237.304843731,55.0888339777
1-91747,238.945129679,56.1255500747
1-91760,239.98915475,54.8199385353
1-91762,240.24687,54.73081
1-91839,241.413979846,50.0945120833
1-91858,241.262768154,50.8314470881
1-91859,241.43056526,50.974544003
1-91877,240.928809337,50.6075464086
1-91889,239.827959392,50.9329408004
1-91912,239.984956588,49.555598764
1-91919,240.273080553,49.9796723712
1-91923,238.885171123,50.4785914568
1-91925,238.771051213,50.9683592443
1-91928,238.857221445,50.8029634626
1-91944,238.324842472,50.5131139474
1-92,146.231867762,0.0682195253613
1-92007,239.031547663,51.2528507488
1-92011,239.618543898,52.224117824
1-92028,240.171345303,51.4191784058
1-92045,240.977689363,51.6139478689
1-92048,240.01918,51.796771
1-92057,240.03143,52.36102
1-92069,240.345811808,52.3534704408
1-92071,240.670914484,52.2408206592
1-92166,242.59801707,52.8089418661
1-92295,239.927705319,52.6843511303
1-92345,240.966487168,53.9016553011
1-92383,241.500086387,53.5110327837
1-92487,244.188130185,48.6003204386
1-92502,243.472257514,48.2967008953
1-92519,243.339963034,48.1550240077
1-92526,243.326814088,48.391805707
1-92537,243.043997907,47.9064334189
1-92554,242.797968009,48.3344560659
1-92561,242.552172175,48.5178259185
1-92595,241.899851152,48.5062386637
1-92603,242.045468119,48.6003868655
1-92626,241.799551053,48.5725625102
1-92627,241.676059553,48.4916950311
1-92638,242.283929919,47.6360818113
1-92649,241.963335673,48.0887711969
1-92665,241.186508557,49.4582793951
1-92669,240.965638648,49.3752307562
1-92670,240.794077506,49.4175760612
1-92677,241.369202806,48.9246115712
1-92681,241.47049199,49.0147811572
1-92688,241.902019758,49.5491594791
1-92702,242.099727618,48.9445145619
1-92710,242.083771844,49.8006566231
1-92724,242.150568689,48.9546881186
1-92733,242.523515211,49.1556600345
1-92735,242.715881348,48.9109725952
1-92744,242.955879685,49.2287127601
1-92763,242.755084484,49.795406083
1-92771,243.425164664,48.8992232706
1-92774,243.407714996,49.0694089344
1-92832,244.03012861,49.2929159486
1-92863,244.97294948,51.5465148353
1-92866,243.581821279,50.4656106608
1-92894,243.397086549,50.6847372619
1-92908,244.02481605,50.9154610891
1-92953,242.809149596,51.1923715213
1-92967,242.575889608,50.9547271421
1-92987,242.279522775,51.5968426206
1-92994,241.438529905,52.2725533057
1-93053,243.482718251,51.8489860769
1-93082,244.102689284,51.9497504351
1-93093,243.015152193,52.7904024154
1-93215,246.428955701,46.24232355
1-93231,245.747392196,46.6753242366
1-93233,245.30872922,46.2858973569
1-93236,245.522375014,46.6242084914
1-93252,245.712748338,45.741993847
1-93257,245.100624403,46.2833213852
1-93260,244.870710334,46.6778549229
1-93288,245.009902118,45.7972555462
1-93305,244.401575437,46.0820047728
1-93310,243.62893198,46.9341931379
1-93352,244.914628957,47.8732126405
1-93375,245.454365212,47.0521180262
1-93378,245.662643292,47.1607564493
1-93455,248.397810272,48.37984791
1-93466,247.742074857,48.2803111461
1-93471,247.694974246,47.7947656349
1-93503,247.391795685,47.7029868772
1-93520,246.796565412,47.501665073
1-93551,246.311080004,48.721331223
1-93557,246.456915028,48.1003393844
1-93598,245.601008863,47.7317291681
1-93612,245.412401545,49.4488426232
1-93640,245.503111116,49.5207899339
1-93705,247.179730935,49.0610805707
1-93706,247.148175739,48.7836275645
1-93793,249.074530943,44.1357161764
1-93835,248.055741501,44.4032957289
1-93858,247.296154275,43.9210705057
1-93861,247.41317495,44.2826981778
1-93872,247.097142285,43.9576126147
1-93876,246.942944115,44.177521384
1-93903,247.29242925,43.7631897871
1-93908,247.331870591,43.8633815903
1-94009,247.67226841,44.5134660847
1-94027,247.730864772,45.8800494565
1-94029,248.433183178,45.012493774
1-94063,249.028443245,44.6027541027
1-94066,248.691717184,45.3243120607
1-94136,248.737041405,46.4470107181
1-94139,249.062035059,45.6290165503
1-94168,247.856495063,46.3241798011
1-94169,247.725945425,46.5902138098
1-94228,248.018269901,47.7647576117
1-944,149.214179832,0.208807007934
1-94403,250.793493168,42.1927959666
1-94422,250.453203157,41.8187374779
1-94451,249.829877166,42.1841298265
1-94470,249.557589993,41.9310529917
1-94514,248.241178174,42.5246701197
1-94554,248.914682244,42.461295253
1-94584,250.162666154,43.3460878581
1-94604,251.335933471,42.757790046
1-94690,251.377910739,43.5816413886
1-94696,251.458488506,43.8664730917
1-94717,250.734618202,43.9969039082
1-94720,250.863614089,43.353180464
1-94746,249.85662245,44.065435551
1-94748,249.525082478,43.8261181472
1-94765,249.274646194,44.2697534361
1-94773,249.302427061,44.0855107086
1-94783,249.344353233,44.3471229154
1-94784,249.318419223,44.4182296144
1-94785,249.390916115,44.8707860731
1-94786,249.258211407,44.3356049614
1-94794,249.233992481,44.379019163
1-94934,253.508258644,39.4764176091
1-94958,253.470581519,39.8296466871
1-94971,252.430354874,38.8727166063
1-94977,252.291995336,38.9389645227
1-94986,252.817384664,39.8523265147
1-94997,252.713132467,39.59825551
1-95000,252.699140015,39.7445387526
1-95004,252.184049916,39.5024762185
1-95058,251.753175821,39.0613392272
1-95069,251.045048996,39.788762125
1-95092,250.846417421,39.8064615397
1-95093,250.969273528,39.9833981175
1-95107,250.363806302,40.2098917255
1-95111,250.668078167,40.1690871055
1-95112,250.534113325,40.2769106957
1-95120,250.405718205,40.1634906532
1-95159,251.470340991,40.1942385948
1-95208,252.895577043,40.0217693745
1-95220,252.996921605,40.2712372556
1-95223,253.121249391,40.3119461393
1-95247,252.422210792,40.6446243541
1-95290,254.361475678,40.7356215346
1-95316,253.741301254,41.0548034755
1-95381,252.964778972,41.1452075489
1-954,149.205823259,1.12050728919
1-95585,255.029869751,37.8395021377
1-95657,253.632772854,37.6313885864
1-95658,253.560979755,37.6261687868
1-95697,252.935745239,39.2267570496
1-95770,253.28894609,38.8445461133
1-95825,254.096625941,38.3634672272
1-95842,255.101564959,38.3517130924
1-95843,255.006946004,38.8160093546
1-95982,254.829005993,38.8662970392
1-95990,254.779362393,39.1340564197
1-96067,254.093218814,40.0704135328
1-96075,253.946381525,39.3105364276
1-96077,254.014681854,39.6455015077
1-96081,254.354048536,40.3138603986
1-96151,254.564574769,39.3914635326
1-96154,254.397302719,39.2860887092
1-96245,310.740664404,-6.83284060129
1-96246,310.734503516,-6.85726544313
1-96265,310.58372369,-5.91110328283
1-96290,310.228965806,-6.24942633289
1-96299,310.094060944,-6.3589255768
1-96301,310.024037793,-6.3799774784
1-96307,309.575822683,-5.96877677748
1-96319,309.455604267,-6.44841622877
1-96322,309.286497317,-6.12242345874
1-96324,309.254263252,-5.99706977888
1-96353,308.848903889,-6.24487624134
1-96398,309.916733177,-5.74521048867
1-96410,310.2132,-4.69545
1-96416,310.307879729,-5.12346030686
1-96434,310.552847325,-5.57859070078
1-96436,310.548985907,-5.65179483529
1-96448,311.312701234,-5.62272779977
1-96451,311.310817654,-5.48432703752
1-96461,312.798738215,-6.64024398557
1-96469,312.356082892,-6.57202996298
1-96474,312.384057694,-6.44520881297
1-96475,312.198730371,-6.5032294468
1-96483,312.196117945,-6.99437253254
1-96537,310.69630042,-6.11228109136
1-96548,310.590348102,-5.63948350026
1-96555,310.982171285,-5.351800272
1-96585,311.512655093,-5.74098071135
1-96589,311.938568115,-5.42102193832
1-96597,312.056338691,-5.79493534691
1-96632,313.053142003,-5.79830874583
1-96659,314.481473961,-7.39005771438
1-96668,314.996164981,-6.60840159642
1-96669,314.915817921,-6.85521037588
1-96680,313.902458799,-7.428226247
1-96709,313.665537643,-6.85343113139
1-96712,313.805157544,-6.70648520342
1-96747,312.505669533,-6.71038249152
1-96886,316.379967394,-7.55728248023
1-96897,316.325461213,-7.25720944515
1-96953,315.678161202,-7.01130992528
1-97016,314.821485894,-7.13634022088
1-97022,314.869684649,-7.55475083346
1-97030,314.822822259,-7.4334803751
1-97033,314.497816808,-6.09000682665
1-97067,315.466176416,-6.17316541005
1-97069,315.423160519,-6.7363985425
1-97120,316.262701231,-6.5770400262
1-97176,318.290950893,-7.63176549545
1-97179,318.689677395,-7.52347869279
1-97180,318.218678271,-7.76061282506
1-97184,318.706109918,-7.38179047159
1-97189,318.725963772,-7.40766753617
1-97191,318.709280847,-7.46203835711
1-97296,316.394572608,-7.59214342764
1-97311,316.840628186,-5.97667752162
1-97312,316.788770501,-5.96824909933
1-97348,317.326589876,-6.13187619468
1-97372,317.57349925,-6.42337259707
1-98034,323.911055594,-8.50264775223
1-98061,324.041876347,-8.22138143732
1-98304,324.034115815,-7.58619452333
1-98388,328.331609228,-7.91417314079
1-98401,328.108472967,-8.17359981913
1-98505,326.808635489,-7.86779262738
1-98529,327.408550611,-6.69148107803
1-98542,327.461718069,-7.587393115
1-98558,327.558537789,-7.15050962159
1-98574,327.90033691,-7.12267575581
1-98636,328.294052056,-7.5908334476
1-9923,198.848668135,1.14389483083
1-999,149.430267893,0.689928731093
12-110746,205.539972133,27.5703732771
12-110756,205.243328349,27.7262765976
12-129434,203.783770335,25.4954419216
12-129446,203.943543846,26.1017908542
12-129534,204.692728548,26.4987690252
12-129601,204.586284348,26.7597425957
12-129602,204.509161303,26.8911752878
12-129608,205.044768573,26.8410410581
12-129609,204.884524192,26.7775419978
12-129610,204.884835757,27.1071467218
12-129612,205.074820342,26.3495638698
12-129618,205.438403156,27.0047536667
12-129629,205.609258111,26.5368707574
12-129646,206.470668116,26.775156621
12-180432,231.606701762,42.3540265659
12-180451,232.167336246,43.0226831011
12-192116,204.512859464,26.3382131885
12-192120,204.57951601,26.1984249967
12-192149,205.007987216,26.9788998689
12-193481,229.525575871,42.7458424664
12-193534,230.574377642,42.2870203576
12-49536,231.99110413,42.9712078378
12-84617,231.478756028,41.9097725983
12-84620,231.04260977,42.0687206283
12-84627,230.153021184,41.9604360155
12-84660,229.246842913,42.5982571736
12-84665,230.233668012,42.7755414901
12-84670,230.598339798,43.3677764021
12-84674,231.36070065,43.16989684
12-84677,232.158068917,42.4420168074
12-84679,232.013865308,42.8136726746
12-84726,231.577322945,41.2946303062
12-84731,232.461058488,42.6289684147
12-98126,230.50746239,43.53234133
